time_since_open,time_to_open,time_to_close,barrier_closed,queue_left,queue_right,queue_count_left,queue_count_right,mean_speed,disorder_index,bike_infiltration,wrong_side_queue_share,dilemma_zone_pressure,mean_reaction_time_near_gate,closure_frustration_index,idling_vehicle_share,idling_fuel_rate_lph,idling_co2_rate_kgph,crossing_occupancy,occupancy_risk,pressure_imbalance,aggressive_share_near_gate,conflict_count,vehicles_spawned,vehicles_cleared,arrival_left,arrival_right,scenario_light,scenario_peak,scenario_chaotic,scenario_peak_left_skew,scenario_peak_right_skew,scenario_chaotic_aggressive,scenario_chaotic_long_gate,action_free_release,action_alternating_4s,action_alternating_6s,action_settle_then_alt,action_priority_left,action_priority_right,average_waiting_time,throughput,max_congestion_length,occupancy_risk_horizon,fairness_gap_horizon,wrong_side_queue_share_horizon,idling_fuel_liters_horizon,mean_clearance_time_horizon,worst_clearance_time_horizon
5.0,0.0,85.0,0.0,0.0,102.03375,0.0,3.0,7.473333333333334,0.0,0.0,0.0,0.0,0.0,0.085,0.0,0.0,0.0,0.0,0.0,-1.0,0.0,0.0,3.0,0.0,13.0,12.0,1.0,0.0,0.0,0.0,0.0,0.0,0.0,1.0,0.0,0.0,0.0,0.0,0.0,4.133333333333334,760.0,117.53999999999999,1.0,0.2631578947368421,0.525,0.03601999999999986,90.0,90.0
5.0,0.0,85.0,0.0,0.0,102.03375,0.0,3.0,7.473333333333334,0.0,0.0,0.0,0.0,0.0,0.085,0.0,0.0,0.0,0.0,0.0,-1.0,0.0,0.0,3.0,0.0,13.0,12.0,1.0,0.0,0.0,0.0,0.0,0.0,0.0,0.0,1.0,0.0,0.0,0.0,0.0,4.288888888888889,880.0,117.53999999999999,0.5622035989417213,0.18181818181818182,0.42000000000000004,0.05751499999999971,90.0,90.0
5.0,0.0,85.0,0.0,0.0,102.03375,0.0,3.0,7.473333333333334,0.0,0.0,0.0,0.0,0.0,0.085,0.0,0.0,0.0,0.0,0.0,-1.0,0.0,0.0,3.0,0.0,13.0,12.0,1.0,0.0,0.0,0.0,0.0,0.0,0.0,0.0,0.0,1.0,0.0,0.0,0.0,3.813888888888889,1000.0,117.53999999999999,0.5815843613904136,0.04,0.5159090909090909,0.036364999999999884,90.0,90.0
5.0,0.0,85.0,0.0,0.0,102.03375,0.0,3.0,7.473333333333334,0.0,0.0,0.0,0.0,0.0,0.085,0.0,0.0,0.0,0.0,0.0,-1.0,0.0,0.0,3.0,0.0,13.0,12.0,1.0,0.0,0.0,0.0,0.0,0.0,0.0,0.0,0.0,0.0,1.0,0.0,0.0,6.430555555555555,640.0,117.53999999999999,0.39482137296976394,0.0,0.2761363636363636,0.14872999999999875,90.0,90.0
5.0,0.0,85.0,0.0,0.0,102.03375,0.0,3.0,7.473333333333334,0.0,0.0,0.0,0.0,0.0,0.085,0.0,0.0,0.0,0.0,0.0,-1.0,0.0,0.0,3.0,0.0,13.0,12.0,1.0,0.0,0.0,0.0,0.0,0.0,0.0,0.0,0.0,0.0,0.0,1.0,0.0,4.288888888888889,880.0,117.53999999999999,0.5621549650689631,0.18181818181818182,0.21000000000000002,0.05751499999999971,90.0,90.0
5.0,0.0,85.0,0.0,0.0,102.03375,0.0,3.0,7.473333333333334,0.0,0.0,0.0,0.0,0.0,0.085,0.0,0.0,0.0,0.0,0.0,-1.0,0.0,0.0,3.0,0.0,13.0,12.0,1.0,0.0,0.0,0.0,0.0,0.0,0.0,0.0,0.0,0.0,0.0,0.0,1.0,6.6194444444444445,600.0,117.53999999999999,0.39513906282041544,0.06666666666666667,0.3675324675324675,0.1547949999999986,90.0,90.0
15.0,0.0,75.0,0.0,96.7225,99.39625,3.0,3.0,7.143125000000003,0.0,0.0,0.0,0.0,0.0,0.135,0.0,0.0,0.0,1.0,0.18,-0.013633321648236075,0.0,0.0,8.0,0.0,13.0,12.0,1.0,0.0,0.0,0.0,0.0,0.0,0.0,1.0,0.0,0.0,0.0,0.0,0.0,8.602777777777778,560.0,117.53999999999999,1.0,0.0,0.3779220779220779,0.20752999999999713,90.0,90.0
15.0,0.0,75.0,0.0,96.7225,99.39625,3.0,3.0,7.143125000000003,0.0,0.0,0.0,0.0,0.0,0.135,0.0,0.0,0.0,1.0,0.18,-0.013633321648236075,0.0,0.0,8.0,0.0,13.0,12.0,1.0,0.0,0.0,0.0,0.0,0.0,0.0,0.0,1.0,0.0,0.0,0.0,0.0,5.041666666666667,1000.0,117.53999999999999,0.5622035989417213,0.2,0.42000000000000004,0.0954349999999994,90.0,90.0
15.0,0.0,75.0,0.0,96.7225,99.39625,3.0,3.0,7.143125000000003,0.0,0.0,0.0,0.0,0.0,0.135,0.0,0.0,0.0,1.0,0.18,-0.013633321648236075,0.0,0.0,8.0,0.0,13.0,12.0,1.0,0.0,0.0,0.0,0.0,0.0,0.0,0.0,0.0,1.0,0.0,0.0,0.0,4.0777777777777775,1160.0,117.53999999999999,0.5815867610845242,0.10344827586206896,0.5431818181818182,0.0513699999999997,90.0,90.0
15.0,0.0,75.0,0.0,96.7225,99.39625,3.0,3.0,7.143125000000003,0.0,0.0,0.0,0.0,0.0,0.135,0.0,0.0,0.0,1.0,0.18,-0.013633321648236075,0.0,0.0,8.0,0.0,13.0,12.0,1.0,0.0,0.0,0.0,0.0,0.0,0.0,0.0,0.0,0.0,1.0,0.0,0.0,5.7444444444444445,919.9999999999999,117.53999999999999,0.5496101602996032,0.21739130434782608,0.3415584415584415,0.12101999999999925,90.0,90.0
15.0,0.0,75.0,0.0,96.7225,99.39625,3.0,3.0,7.143125000000003,0.0,0.0,0.0,0.0,0.0,0.135,0.0,0.0,0.0,1.0,0.18,-0.013633321648236075,0.0,0.0,8.0,0.0,13.0,12.0,1.0,0.0,0.0,0.0,0.0,0.0,0.0,0.0,0.0,0.0,0.0,1.0,0.0,5.041666666666667,1000.0,117.53999999999999,0.5621549650689631,0.2,0.21000000000000002,0.0954349999999994,90.0,90.0
15.0,0.0,75.0,0.0,96.7225,99.39625,3.0,3.0,7.143125000000003,0.0,0.0,0.0,0.0,0.0,0.135,0.0,0.0,0.0,1.0,0.18,-0.013633321648236075,0.0,0.0,8.0,0.0,13.0,12.0,1.0,0.0,0.0,0.0,0.0,0.0,0.0,0.0,0.0,0.0,0.0,0.0,1.0,5.636111111111111,880.0,117.53999999999999,0.39907207903158476,0.09090909090909091,0.34675324675324676,0.12309999999999925,90.0,90.0
30.0,0.0,60.0,0.0,99.45375,49.845000000000006,7.0,2.0,6.808461538461534,0.03633812865207457,0.0,0.0,0.0,0.9451062505842748,0.2025,0.0,0.0,0.0,1.0,0.18726762573041492,0.3322784015271393,0.0,0.0,16.0,3.0,13.0,12.0,1.0,0.0,0.0,0.0,0.0,0.0,0.0,1.0,0.0,0.0,0.0,0.0,0.0,10.205555555555556,400.0,108.51625,0.44161994291218326,0.0,0.4409090909090909,0.3684800000000131,90.0,90.0
30.0,0.0,60.0,0.0,99.45375,49.845000000000006,7.0,2.0,6.808461538461534,0.03633812865207457,0.0,0.0,0.0,0.9451062505842748,0.2025,0.0,0.0,0.0,1.0,0.18726762573041492,0.3322784015271393,0.0,0.0,16.0,3.0,13.0,12.0,1.0,0.0,0.0,0.0,0.0,0.0,0.0,0.0,1.0,0.0,0.0,0.0,0.0,6.2972222222222225,880.0,108.51625,0.5622035989417213,0.2727272727272727,0.42000000000000004,0.17089999999999828,90.0,90.0
30.0,0.0,60.0,0.0,99.45375,49.845000000000006,7.0,2.0,6.808461538461534,0.03633812865207457,0.0,0.0,0.0,0.9451062505842748,0.2025,0.0,0.0,0.0,1.0,0.18726762573041492,0.3322784015271393,0.0,0.0,16.0,3.0,13.0,12.0,1.0,0.0,0.0,0.0,0.0,0.0,0.0,0.0,0.0,1.0,0.0,0.0,0.0,4.897222222222222,1080.0,108.51625,0.5801372611645251,0.18518518518518517,0.41666666666666663,0.10393999999999921,90.0,90.0
30.0,0.0,60.0,0.0,99.45375,49.845000000000006,7.0,2.0,6.808461538461534,0.03633812865207457,0.0,0.0,0.0,0.9451062505842748,0.2025,0.0,0.0,0.0,1.0,0.18726762573041492,0.3322784015271393,0.0,0.0,16.0,3.0,13.0,12.0,1.0,0.0,0.0,0.0,0.0,0.0,0.0,0.0,0.0,0.0,1.0,0.0,0.0,6.186111111111111,880.0,108.51625,0.5729149919763458,0.2727272727272727,0.46136363636363636,0.16727499999999831,90.0,90.0
30.0,0.0,60.0,0.0,99.45375,49.845000000000006,7.0,2.0,6.808461538461534,0.03633812865207457,0.0,0.0,0.0,0.9451062505842748,0.2025,0.0,0.0,0.0,1.0,0.18726762573041492,0.3322784015271393,0.0,0.0,16.0,3.0,13.0,12.0,1.0,0.0,0.0,0.0,0.0,0.0,0.0,0.0,0.0,0.0,0.0,1.0,0.0,6.2972222222222225,880.0,108.51625,0.5621549650689631,0.2727272727272727,0.3675324675324675,0.17089999999999828,90.0,90.0
30.0,0.0,60.0,0.0,99.45375,49.845000000000006,7.0,2.0,6.808461538461534,0.03633812865207457,0.0,0.0,0.0,0.9451062505842748,0.2025,0.0,0.0,0.0,1.0,0.18726762573041492,0.3322784015271393,0.0,0.0,16.0,3.0,13.0,12.0,1.0,0.0,0.0,0.0,0.0,0.0,0.0,0.0,0.0,0.0,0.0,0.0,1.0,6.833333333333333,800.0,108.51625,0.4826401224875999,0.1,0.39350649350649347,0.20084499999999766,90.0,90.0
5.0,0.0,160.0,0.0,99.265,90.94375,12.0,18.0,1.7557258064516006,0.156895958449569,0.0,0.0,0.0,1.3285809231746286,0.4675,1.0,15.659999999999998,36.036,1.0,0.2113791916899138,0.04374798740857088,0.14285714285714285,0.0,56.0,25.0,13.0,12.0,1.0,0.0,0.0,0.0,0.0,0.0,0.0,1.0,0.0,0.0,0.0,0.0,0.0,23.769444444444446,280.0,161.66625000000005,0.3416157932859819,0.14285714285714285,0.5803030303030302,0.8855099999999678,90.0,90.0
5.0,0.0,160.0,0.0,99.265,90.94375,12.0,18.0,1.7557258064516006,0.156895958449569,0.0,0.0,0.0,1.3285809231746286,0.4675,1.0,15.659999999999998,36.036,1.0,0.2113791916899138,0.04374798740857088,0.14285714285714285,0.0,56.0,25.0,13.0,12.0,1.0,0.0,0.0,0.0,0.0,0.0,0.0,0.0,1.0,0.0,0.0,0.0,0.0,19.133333333333333,960.0,139.64625000000004,0.5669666758128622,0.25,0.44545454545454544,0.6146200000000202,90.0,90.0
5.0,0.0,160.0,0.0,99.265,90.94375,12.0,18.0,1.7557258064516006,0.156895958449569,0.0,0.0,0.0,1.3285809231746286,0.4675,1.0,15.659999999999998,36.036,1.0,0.2113791916899138,0.04374798740857088,0.14285714285714285,0.0,56.0,25.0,13.0,12.0,1.0,0.0,0.0,0.0,0.0,0.0,0.0,0.0,0.0,1.0,0.0,0.0,0.0,16.91111111111111,1360.0,112.25750000000001,0.5762286235453243,0.058823529411764705,0.38977272727272727,0.5285100000000256,90.0,90.0
5.0,0.0,160.0,0.0,99.265,90.94375,12.0,18.0,1.7557258064516006,0.156895958449569,0.0,0.0,0.0,1.3285809231746286,0.4675,1.0,15.659999999999998,36.036,1.0,0.2113791916899138,0.04374798740857088,0.14285714285714285,0.0,56.0,25.0,13.0,12.0,1.0,0.0,0.0,0.0,0.0,0.0,0.0,0.0,0.0,0.0,1.0,0.0,0.0,19.083333333333332,919.9999999999999,132.49000000000004,0.6529940302025655,0.13043478260869565,0.3009090909090909,0.6117800000000215,90.0,90.0
5.0,0.0,160.0,0.0,99.265,90.94375,12.0,18.0,1.7557258064516006,0.156895958449569,0.0,0.0,0.0,1.3285809231746286,0.4675,1.0,15.659999999999998,36.036,1.0,0.2113791916899138,0.04374798740857088,0.14285714285714285,0.0,56.0,25.0,13.0,12.0,1.0,0.0,0.0,0.0,0.0,0.0,0.0,0.0,0.0,0.0,0.0,1.0,0.0,14.619444444444444,1240.0,117.38750000000005,0.5753349935906944,0.3548387096774194,0.4227272727272727,0.44467000000003004,90.0,90.0
5.0,0.0,160.0,0.0,99.265,90.94375,12.0,18.0,1.7557258064516006,0.156895958449569,0.0,0.0,0.0,1.3285809231746286,0.4675,1.0,15.659999999999998,36.036,1.0,0.2113791916899138,0.04374798740857088,0.14285714285714285,0.0,56.0,25.0,13.0,12.0,1.0,0.0,0.0,0.0,0.0,0.0,0.0,0.0,0.0,0.0,0.0,0.0,1.0,18.522222222222222,1000.0,148.49375000000006,0.5686049658803332,0.44,0.5015151515151515,0.6042500000000213,90.0,90.0
15.0,0.0,150.0,0.0,69.565,83.07500000000002,14.0,18.0,2.96694444444444,0.1421862268026559,0.0,0.0,0.0,1.607080272225887,0.45,0.9166666666666666,10.692,24.588,2.0,0.38843724536053115,-0.08850890985324959,0.16666666666666666,0.0,61.0,25.0,13.0,12.0,1.0,0.0,0.0,0.0,0.0,0.0,0.0,1.0,0.0,0.0,0.0,0.0,0.0,23.18611111111111,720.0,144.272374258965,1.0,0.0,0.5318181818181817,0.5833350000000109,90.0,90.0
15.0,0.0,150.0,0.0,69.565,83.07500000000002,14.0,18.0,2.96694444444444,0.1421862268026559,0.0,0.0,0.0,1.607080272225887,0.45,0.9166666666666666,10.692,24.588,2.0,0.38843724536053115,-0.08850890985324959,0.16666666666666666,0.0,61.0,25.0,13.0,12.0,1.0,0.0,0.0,0.0,0.0,0.0,0.0,0.0,1.0,0.0,0.0,0.0,0.0,19.991666666666667,1040.0,139.64625000000004,0.5669666758128622,0.23076923076923078,0.44545454545454544,0.6474900000000104,90.0,90.0
15.0,0.0,150.0,0.0,69.565,83.07500000000002,14.0,18.0,2.96694444444444,0.1421862268026559,0.0,0.0,0.0,1.607080272225887,0.45,0.9166666666666666,10.692,24.588,2.0,0.38843724536053115,-0.08850890985324959,0.16666666666666666,0.0,61.0,25.0,13.0,12.0,1.0,0.0,0.0,0.0,0.0,0.0,0.0,0.0,0.0,1.0,0.0,0.0,0.0,18.369444444444444,1400.0,122.17375000000004,0.578361601750446,0.08571428571428572,0.43506493506493504,0.5816650000000168,90.0,90.0
15.0,0.0,150.0,0.0,69.565,83.07500000000002,14.0,18.0,2.96694444444444,0.1421862268026559,0.0,0.0,0.0,1.607080272225887,0.45,0.9166666666666666,10.692,24.588,2.0,0.38843724536053115,-0.08850890985324959,0.16666666666666666,0.0,61.0,25.0,13.0,12.0,1.0,0.0,0.0,0.0,0.0,0.0,0.0,0.0,0.0,0.0,1.0,0.0,0.0,17.84722222222222,1240.0,132.49000000000004,0.7496397080293522,0.22580645161290322,0.543939393939394,0.5515450000000172,90.0,90.0
15.0,0.0,150.0,0.0,69.565,83.07500000000002,14.0,18.0,2.96694444444444,0.1421862268026559,0.0,0.0,0.0,1.607080272225887,0.45,0.9166666666666666,10.692,24.588,2.0,0.38843724536053115,-0.08850890985324959,0.16666666666666666,0.0,61.0,25.0,13.0,12.0,1.0,0.0,0.0,0.0,0.0,0.0,0.0,0.0,0.0,0.0,0.0,1.0,0.0,19.991666666666667,1040.0,139.64625000000004,0.566934582302777,0.23076923076923078,0.43506493506493504,0.6474900000000104,90.0,90.0
15.0,0.0,150.0,0.0,69.565,83.07500000000002,14.0,18.0,2.96694444444444,0.1421862268026559,0.0,0.0,0.0,1.607080272225887,0.45,0.9166666666666666,10.692,24.588,2.0,0.38843724536053115,-0.08850890985324959,0.16666666666666666,0.0,61.0,25.0,13.0,12.0,1.0,0.0,0.0,0.0,0.0,0.0,0.0,0.0,0.0,0.0,0.0,0.0,1.0,20.052777777777777,1040.0,134.29625000000004,0.46504892018534155,0.15384615384615385,0.6163636363636364,0.6497500000000103,90.0,90.0
30.0,0.0,135.0,0.0,99.2025,99.39625,17.0,18.0,2.481578947368429,0.1551758170579959,0.0,0.0,0.0,1.574142674981876,0.45,0.9444444444444444,17.532,40.356,0.0,0.031035163411599183,-0.0009755851937637791,0.125,0.0,68.0,30.0,13.0,12.0,1.0,0.0,0.0,0.0,0.0,0.0,0.0,1.0,0.0,0.0,0.0,0.0,0.0,14.547222222222222,1680.0,112.25750000000001,1.0,0.047619047619047616,0.0,0.02886500000000497,90.0,90.0
30.0,0.0,135.0,0.0,99.2025,99.39625,17.0,18.0,2.481578947368429,0.1551758170579959,0.0,0.0,0.0,1.574142674981876,0.45,0.9444444444444444,17.532,40.356,0.0,0.031035163411599183,-0.0009755851937637791,0.125,0.0,68.0,30.0,13.0,12.0,1.0,0.0,0.0,0.0,0.0,0.0,0.0,0.0,1.0,0.0,0.0,0.0,0.0,21.205555555555556,1000.0,141.59625000000003,0.44941868199037693,0.12,0.5742424242424242,0.6880899999999713,90.0,90.0
30.0,0.0,135.0,0.0,99.2025,99.39625,17.0,18.0,2.481578947368429,0.1551758170579959,0.0,0.0,0.0,1.574142674981876,0.45,0.9444444444444444,17.532,40.356,0.0,0.031035163411599183,-0.0009755851937637791,0.125,0.0,68.0,30.0,13.0,12.0,1.0,0.0,0.0,0.0,0.0,0.0,0.0,0.0,0.0,1.0,0.0,0.0,0.0,17.05,1520.0,112.25750000000001,0.6352094896911343,0.05263157894736842,0.3009090909090909,0.5130650000000029,90.0,90.0
30.0,0.0,135.0,0.0,99.2025,99.39625,17.0,18.0,2.481578947368429,0.1551758170579959,0.0,0.0,0.0,1.574142674981876,0.45,0.9444444444444444,17.532,40.356,0.0,0.031035163411599183,-0.0009755851937637791,0.125,0.0,68.0,30.0,13.0,12.0,1.0,0.0,0.0,0.0,0.0,0.0,0.0,0.0,0.0,0.0,1.0,0.0,0.0,20.21388888888889,1120.0,129.44625000000002,0.6363614543011864,0.0,0.3009090909090909,0.6528049999999838,90.0,90.0
30.0,0.0,135.0,0.0,99.2025,99.39625,17.0,18.0,2.481578947368429,0.1551758170579959,0.0,0.0,0.0,1.574142674981876,0.45,0.9444444444444444,17.532,40.356,0.0,0.031035163411599183,-0.0009755851937637791,0.125,0.0,68.0,30.0,13.0,12.0,1.0,0.0,0.0,0.0,0.0,0.0,0.0,0.0,0.0,0.0,0.0,1.0,0.0,21.205555555555556,1000.0,141.59625000000003,0.44912037129101395,0.12,0.5742424242424242,0.6880899999999713,90.0,90.0
30.0,0.0,135.0,0.0,99.2025,99.39625,17.0,18.0,2.481578947368429,0.1551758170579959,0.0,0.0,0.0,1.574142674981876,0.45,0.9444444444444444,17.532,40.356,0.0,0.031035163411599183,-0.0009755851937637791,0.125,0.0,68.0,30.0,13.0,12.0,1.0,0.0,0.0,0.0,0.0,0.0,0.0,0.0,0.0,0.0,0.0,0.0,1.0,21.130555555555556,1080.0,129.44625000000002,0.567308450848104,0.1111111111111111,0.5742424242424242,0.702389999999968,90.0,90.0
115.0,0.0,50.0,0.0,133.70000000000005,98.36125,29.0,18.0,0.45309999999999995,0.2396084348921358,0.0,0.0,0.0,1.0827170598455749,0.45,0.9347826086956522,42.444,97.776,1.0,0.22792168697842716,0.15228199451653407,0.3333333333333333,0.0,104.0,54.0,13.0,12.0,1.0,0.0,0.0,0.0,0.0,0.0,0.0,1.0,0.0,0.0,0.0,0.0,0.0,28.47222222222222,680.0,214.62750000000008,0.9273527411074766,0.058823529411764705,0.9,0.9705749999996371,165.5,165.5
115.0,0.0,50.0,0.0,133.70000000000005,98.36125,29.0,18.0,0.45309999999999995,0.2396084348921358,0.0,0.0,0.0,1.0827170598455749,0.45,0.9347826086956522,42.444,97.776,1.0,0.22792168697842716,0.15228199451653407,0.3333333333333333,0.0,104.0,54.0,13.0,12.0,1.0,0.0,0.0,0.0,0.0,0.0,0.0,0.0,1.0,0.0,0.0,0.0,0.0,28.35,600.0,219.87750000000005,0.45580040551120143,0.06666666666666667,0.6,1.0778649999996643,165.5,165.5
115.0,0.0,50.0,0.0,133.70000000000005,98.36125,29.0,18.0,0.45309999999999995,0.2396084348921358,0.0,0.0,0.0,1.0827170598455749,0.45,0.9347826086956522,42.444,97.776,1.0,0.22792168697842716,0.15228199451653407,0.3333333333333333,0.0,104.0,54.0,13.0,12.0,1.0,0.0,0.0,0.0,0.0,0.0,0.0,0.0,0.0,1.0,0.0,0.0,0.0,25.605555555555554,960.0,194.5275000000001,0.5744872979095533,0.08333333333333333,0.6,0.9247849999996436,165.5,165.5
115.0,0.0,50.0,0.0,133.70000000000005,98.36125,29.0,18.0,0.45309999999999995,0.2396084348921358,0.0,0.0,0.0,1.0827170598455749,0.45,0.9347826086956522,42.444,97.776,1.0,0.22792168697842716,0.15228199451653407,0.3333333333333333,0.0,104.0,54.0,13.0,12.0,1.0,0.0,0.0,0.0,0.0,0.0,0.0,0.0,0.0,0.0,1.0,0.0,0.0,27.613888888888887,680.0,214.62750000000008,0.5026904105289551,0.058823529411764705,0.7714285714285714,1.0418599999996516,165.5,165.5
115.0,0.0,50.0,0.0,133.70000000000005,98.36125,29.0,18.0,0.45309999999999995,0.2396084348921358,0.0,0.0,0.0,1.0827170598455749,0.45,0.9347826086956522,42.444,97.776,1.0,0.22792168697842716,0.15228199451653407,0.3333333333333333,0.0,104.0,54.0,13.0,12.0,1.0,0.0,0.0,0.0,0.0,0.0,0.0,0.0,0.0,0.0,0.0,1.0,0.0,28.35,600.0,219.87750000000005,0.4553863238361841,0.06666666666666667,0.6,1.0778649999996643,165.5,165.5
115.0,0.0,50.0,0.0,133.70000000000005,98.36125,29.0,18.0,0.45309999999999995,0.2396084348921358,0.0,0.0,0.0,1.0827170598455749,0.45,0.9347826086956522,42.444,97.776,1.0,0.22792168697842716,0.15228199451653407,0.3333333333333333,0.0,104.0,54.0,13.0,12.0,1.0,0.0,0.0,0.0,0.0,0.0,0.0,0.0,0.0,0.0,0.0,0.0,1.0,26.17222222222222,800.0,199.87750000000008,0.5734065811813589,0.2,0.5142857142857142,0.9549049999996304,165.5,165.5
115.0,0.0,50.0,0.0,133.70000000000005,98.36125,29.0,18.0,0.45309999999999995,0.2396084348921358,0.0,0.0,0.0,1.0827170598455749,0.45,0.9347826086956522,42.444,97.776,1.0,0.22792168697842716,0.15228199451653407,0.3333333333333333,0.0,104.0,54.0,13.0,12.0,1.0,0.0,0.0,0.0,0.0,0.0,0.0,1.0,0.0,0.0,0.0,0.0,0.0,28.47222222222222,680.0,214.62750000000008,0.9273527411074766,0.058823529411764705,0.9,0.9705749999996371,165.5,165.5
115.0,0.0,50.0,0.0,133.70000000000005,98.36125,29.0,18.0,0.45309999999999995,0.2396084348921358,0.0,0.0,0.0,1.0827170598455749,0.45,0.9347826086956522,42.444,97.776,1.0,0.22792168697842716,0.15228199451653407,0.3333333333333333,0.0,104.0,54.0,13.0,12.0,1.0,0.0,0.0,0.0,0.0,0.0,0.0,0.0,1.0,0.0,0.0,0.0,0.0,28.35,600.0,219.87750000000005,0.45580040551120143,0.06666666666666667,0.6,1.0778649999996643,165.5,165.5
115.0,0.0,50.0,0.0,133.70000000000005,98.36125,29.0,18.0,0.45309999999999995,0.2396084348921358,0.0,0.0,0.0,1.0827170598455749,0.45,0.9347826086956522,42.444,97.776,1.0,0.22792168697842716,0.15228199451653407,0.3333333333333333,0.0,104.0,54.0,13.0,12.0,1.0,0.0,0.0,0.0,0.0,0.0,0.0,0.0,0.0,1.0,0.0,0.0,0.0,25.605555555555554,960.0,194.5275000000001,0.5744872979095533,0.08333333333333333,0.6,0.9247849999996436,165.5,165.5
115.0,0.0,50.0,0.0,133.70000000000005,98.36125,29.0,18.0,0.45309999999999995,0.2396084348921358,0.0,0.0,0.0,1.0827170598455749,0.45,0.9347826086956522,42.444,97.776,1.0,0.22792168697842716,0.15228199451653407,0.3333333333333333,0.0,104.0,54.0,13.0,12.0,1.0,0.0,0.0,0.0,0.0,0.0,0.0,0.0,0.0,0.0,1.0,0.0,0.0,27.613888888888887,680.0,214.62750000000008,0.5026904105289551,0.058823529411764705,0.7714285714285714,1.0418599999996516,165.5,165.5
115.0,0.0,50.0,0.0,133.70000000000005,98.36125,29.0,18.0,0.45309999999999995,0.2396084348921358,0.0,0.0,0.0,1.0827170598455749,0.45,0.9347826086956522,42.444,97.776,1.0,0.22792168697842716,0.15228199451653407,0.3333333333333333,0.0,104.0,54.0,13.0,12.0,1.0,0.0,0.0,0.0,0.0,0.0,0.0,0.0,0.0,0.0,0.0,1.0,0.0,28.35,600.0,219.87750000000005,0.4553863238361841,0.06666666666666667,0.6,1.0778649999996643,165.5,165.5
115.0,0.0,50.0,0.0,133.70000000000005,98.36125,29.0,18.0,0.45309999999999995,0.2396084348921358,0.0,0.0,0.0,1.0827170598455749,0.45,0.9347826086956522,42.444,97.776,1.0,0.22792168697842716,0.15228199451653407,0.3333333333333333,0.0,104.0,54.0,13.0,12.0,1.0,0.0,0.0,0.0,0.0,0.0,0.0,0.0,0.0,0.0,0.0,0.0,1.0,26.17222222222222,800.0,199.87750000000008,0.5734065811813589,0.2,0.5142857142857142,0.9549049999996304,165.5,165.5
115.0,0.0,50.0,0.0,133.70000000000005,98.36125,29.0,18.0,0.45309999999999995,0.2396084348921358,0.0,0.0,0.0,1.0827170598455749,0.45,0.9347826086956522,42.444,97.776,1.0,0.22792168697842716,0.15228199451653407,0.3333333333333333,0.0,104.0,54.0,13.0,12.0,1.0,0.0,0.0,0.0,0.0,0.0,0.0,1.0,0.0,0.0,0.0,0.0,0.0,28.47222222222222,680.0,214.62750000000008,0.9273527411074766,0.058823529411764705,0.9,0.9705749999996371,165.5,165.5
115.0,0.0,50.0,0.0,133.70000000000005,98.36125,29.0,18.0,0.45309999999999995,0.2396084348921358,0.0,0.0,0.0,1.0827170598455749,0.45,0.9347826086956522,42.444,97.776,1.0,0.22792168697842716,0.15228199451653407,0.3333333333333333,0.0,104.0,54.0,13.0,12.0,1.0,0.0,0.0,0.0,0.0,0.0,0.0,0.0,1.0,0.0,0.0,0.0,0.0,28.35,600.0,219.87750000000005,0.45580040551120143,0.06666666666666667,0.6,1.0778649999996643,165.5,165.5
115.0,0.0,50.0,0.0,133.70000000000005,98.36125,29.0,18.0,0.45309999999999995,0.2396084348921358,0.0,0.0,0.0,1.0827170598455749,0.45,0.9347826086956522,42.444,97.776,1.0,0.22792168697842716,0.15228199451653407,0.3333333333333333,0.0,104.0,54.0,13.0,12.0,1.0,0.0,0.0,0.0,0.0,0.0,0.0,0.0,0.0,1.0,0.0,0.0,0.0,25.605555555555554,960.0,194.5275000000001,0.5744872979095533,0.08333333333333333,0.6,0.9247849999996436,165.5,165.5
115.0,0.0,50.0,0.0,133.70000000000005,98.36125,29.0,18.0,0.45309999999999995,0.2396084348921358,0.0,0.0,0.0,1.0827170598455749,0.45,0.9347826086956522,42.444,97.776,1.0,0.22792168697842716,0.15228199451653407,0.3333333333333333,0.0,104.0,54.0,13.0,12.0,1.0,0.0,0.0,0.0,0.0,0.0,0.0,0.0,0.0,0.0,1.0,0.0,0.0,27.613888888888887,680.0,214.62750000000008,0.5026904105289551,0.058823529411764705,0.7714285714285714,1.0418599999996516,165.5,165.5
115.0,0.0,50.0,0.0,133.70000000000005,98.36125,29.0,18.0,0.45309999999999995,0.2396084348921358,0.0,0.0,0.0,1.0827170598455749,0.45,0.9347826086956522,42.444,97.776,1.0,0.22792168697842716,0.15228199451653407,0.3333333333333333,0.0,104.0,54.0,13.0,12.0,1.0,0.0,0.0,0.0,0.0,0.0,0.0,0.0,0.0,0.0,0.0,1.0,0.0,28.35,600.0,219.87750000000005,0.4553863238361841,0.06666666666666667,0.6,1.0778649999996643,165.5,165.5
115.0,0.0,50.0,0.0,133.70000000000005,98.36125,29.0,18.0,0.45309999999999995,0.2396084348921358,0.0,0.0,0.0,1.0827170598455749,0.45,0.9347826086956522,42.444,97.776,1.0,0.22792168697842716,0.15228199451653407,0.3333333333333333,0.0,104.0,54.0,13.0,12.0,1.0,0.0,0.0,0.0,0.0,0.0,0.0,0.0,0.0,0.0,0.0,0.0,1.0,26.17222222222222,800.0,199.87750000000008,0.5734065811813589,0.2,0.5142857142857142,0.9549049999996304,165.5,165.5
30.0,0.0,0.0,0.0,209.37000000000012,136.13000000000005,48.0,31.0,0.20401234567901205,0.21044514381502127,0.0,0.0,0.0,1.2722432206746455,0.45,0.9873417721518988,71.78399999999999,165.24,0.0,0.04208902876300426,0.21198263386396535,0.25,0.0,158.0,77.0,13.0,12.0,1.0,0.0,0.0,0.0,0.0,0.0,0.0,1.0,0.0,0.0,0.0,0.0,0.0,42.705555555555556,800.0,246.17639873177296,1.0,0.1,0.6,0.9073600000003292,90.0,90.0
30.0,0.0,0.0,0.0,209.37000000000012,136.13000000000005,48.0,31.0,0.20401234567901205,0.21044514381502127,0.0,0.0,0.0,1.2722432206746455,0.45,0.9873417721518988,71.78399999999999,165.24,0.0,0.04208902876300426,0.21198263386396535,0.25,0.0,158.0,77.0,13.0,12.0,1.0,0.0,0.0,0.0,0.0,0.0,0.0,0.0,1.0,0.0,0.0,0.0,0.0,41.458333333333336,880.0,256.8437500000001,0.45952667210581116,0.09090909090909091,0.675,1.4141100000005142,90.0,90.0
30.0,0.0,0.0,0.0,209.37000000000012,136.13000000000005,48.0,31.0,0.20401234567901205,0.21044514381502127,0.0,0.0,0.0,1.2722432206746455,0.45,0.9873417721518988,71.78399999999999,165.24,0.0,0.04208902876300426,0.21198263386396535,0.25,0.0,158.0,77.0,13.0,12.0,1.0,0.0,0.0,0.0,0.0,0.0,0.0,0.0,0.0,1.0,0.0,0.0,0.0,36.90277777777778,1560.0,223.6350000000001,0.6364733956468888,0.07692307692307693,0.45,1.1930350000004513,90.0,90.0
30.0,0.0,0.0,0.0,209.37000000000012,136.13000000000005,48.0,31.0,0.20401234567901205,0.21044514381502127,0.0,0.0,0.0,1.2722432206746455,0.45,0.9873417721518988,71.78399999999999,165.24,0.0,0.04208902876300426,0.21198263386396535,0.25,0.0,158.0,77.0,13.0,12.0,1.0,0.0,0.0,0.0,0.0,0.0,0.0,0.0,0.0,0.0,1.0,0.0,0.0,39.99166666666667,1080.0,256.3712500000001,0.6350343997604797,0.1111111111111111,0.45,1.335125000000481,90.0,90.0
30.0,0.0,0.0,0.0,209.37000000000012,136.13000000000005,48.0,31.0,0.20401234567901205,0.21044514381502127,0.0,0.0,0.0,1.2722432206746455,0.45,0.9873417721518988,71.78399999999999,165.24,0.0,0.04208902876300426,0.21198263386396535,0.25,0.0,158.0,77.0,13.0,12.0,1.0,0.0,0.0,0.0,0.0,0.0,0.0,0.0,0.0,0.0,0.0,1.0,0.0,41.458333333333336,880.0,256.8437500000001,0.45895916907012324,0.09090909090909091,0.5142857142857142,1.4141100000005142,90.0,90.0
30.0,0.0,0.0,0.0,209.37000000000012,136.13000000000005,48.0,31.0,0.20401234567901205,0.21044514381502127,0.0,0.0,0.0,1.2722432206746455,0.45,0.9873417721518988,71.78399999999999,165.24,0.0,0.04208902876300426,0.21198263386396535,0.25,0.0,158.0,77.0,13.0,12.0,1.0,0.0,0.0,0.0,0.0,0.0,0.0,0.0,0.0,0.0,0.0,0.0,1.0,39.31666666666667,1200.0,240.99375000000012,0.5753147322436838,0.0,0.5142857142857142,1.282715000000461,90.0,90.0
30.0,0.0,0.0,0.0,209.37000000000012,136.13000000000005,48.0,31.0,0.20401234567901205,0.21044514381502127,0.0,0.0,0.0,1.2722432206746455,0.45,0.9873417721518988,71.78399999999999,165.24,0.0,0.04208902876300426,0.21198263386396535,0.25,0.0,158.0,77.0,13.0,12.0,1.0,0.0,0.0,0.0,0.0,0.0,0.0,1.0,0.0,0.0,0.0,0.0,0.0,42.705555555555556,800.0,246.17639873177296,1.0,0.1,0.6,0.9073600000003292,90.0,90.0
30.0,0.0,0.0,0.0,209.37000000000012,136.13000000000005,48.0,31.0,0.20401234567901205,0.21044514381502127,0.0,0.0,0.0,1.2722432206746455,0.45,0.9873417721518988,71.78399999999999,165.24,0.0,0.04208902876300426,0.21198263386396535,0.25,0.0,158.0,77.0,13.0,12.0,1.0,0.0,0.0,0.0,0.0,0.0,0.0,0.0,1.0,0.0,0.0,0.0,0.0,41.458333333333336,880.0,256.8437500000001,0.45952667210581116,0.09090909090909091,0.675,1.4141100000005142,90.0,90.0
30.0,0.0,0.0,0.0,209.37000000000012,136.13000000000005,48.0,31.0,0.20401234567901205,0.21044514381502127,0.0,0.0,0.0,1.2722432206746455,0.45,0.9873417721518988,71.78399999999999,165.24,0.0,0.04208902876300426,0.21198263386396535,0.25,0.0,158.0,77.0,13.0,12.0,1.0,0.0,0.0,0.0,0.0,0.0,0.0,0.0,0.0,1.0,0.0,0.0,0.0,36.90277777777778,1560.0,223.6350000000001,0.6364733956468888,0.07692307692307693,0.45,1.1930350000004513,90.0,90.0
30.0,0.0,0.0,0.0,209.37000000000012,136.13000000000005,48.0,31.0,0.20401234567901205,0.21044514381502127,0.0,0.0,0.0,1.2722432206746455,0.45,0.9873417721518988,71.78399999999999,165.24,0.0,0.04208902876300426,0.21198263386396535,0.25,0.0,158.0,77.0,13.0,12.0,1.0,0.0,0.0,0.0,0.0,0.0,0.0,0.0,0.0,0.0,1.0,0.0,0.0,39.99166666666667,1080.0,256.3712500000001,0.6350343997604797,0.1111111111111111,0.45,1.335125000000481,90.0,90.0
30.0,0.0,0.0,0.0,209.37000000000012,136.13000000000005,48.0,31.0,0.20401234567901205,0.21044514381502127,0.0,0.0,0.0,1.2722432206746455,0.45,0.9873417721518988,71.78399999999999,165.24,0.0,0.04208902876300426,0.21198263386396535,0.25,0.0,158.0,77.0,13.0,12.0,1.0,0.0,0.0,0.0,0.0,0.0,0.0,0.0,0.0,0.0,0.0,1.0,0.0,41.458333333333336,880.0,256.8437500000001,0.45895916907012324,0.09090909090909091,0.5142857142857142,1.4141100000005142,90.0,90.0
30.0,0.0,0.0,0.0,209.37000000000012,136.13000000000005,48.0,31.0,0.20401234567901205,0.21044514381502127,0.0,0.0,0.0,1.2722432206746455,0.45,0.9873417721518988,71.78399999999999,165.24,0.0,0.04208902876300426,0.21198263386396535,0.25,0.0,158.0,77.0,13.0,12.0,1.0,0.0,0.0,0.0,0.0,0.0,0.0,0.0,0.0,0.0,0.0,0.0,1.0,39.31666666666667,1200.0,240.99375000000012,0.5753147322436838,0.0,0.5142857142857142,1.282715000000461,90.0,90.0
30.0,0.0,0.0,0.0,209.37000000000012,136.13000000000005,48.0,31.0,0.20401234567901205,0.21044514381502127,0.0,0.0,0.0,1.2722432206746455,0.45,0.9873417721518988,71.78399999999999,165.24,0.0,0.04208902876300426,0.21198263386396535,0.25,0.0,158.0,77.0,13.0,12.0,1.0,0.0,0.0,0.0,0.0,0.0,0.0,1.0,0.0,0.0,0.0,0.0,0.0,42.705555555555556,800.0,246.17639873177296,1.0,0.1,0.6,0.9073600000003292,90.0,90.0
30.0,0.0,0.0,0.0,209.37000000000012,136.13000000000005,48.0,31.0,0.20401234567901205,0.21044514381502127,0.0,0.0,0.0,1.2722432206746455,0.45,0.9873417721518988,71.78399999999999,165.24,0.0,0.04208902876300426,0.21198263386396535,0.25,0.0,158.0,77.0,13.0,12.0,1.0,0.0,0.0,0.0,0.0,0.0,0.0,0.0,1.0,0.0,0.0,0.0,0.0,41.458333333333336,880.0,256.8437500000001,0.45952667210581116,0.09090909090909091,0.675,1.4141100000005142,90.0,90.0
30.0,0.0,0.0,0.0,209.37000000000012,136.13000000000005,48.0,31.0,0.20401234567901205,0.21044514381502127,0.0,0.0,0.0,1.2722432206746455,0.45,0.9873417721518988,71.78399999999999,165.24,0.0,0.04208902876300426,0.21198263386396535,0.25,0.0,158.0,77.0,13.0,12.0,1.0,0.0,0.0,0.0,0.0,0.0,0.0,0.0,0.0,1.0,0.0,0.0,0.0,36.90277777777778,1560.0,223.6350000000001,0.6364733956468888,0.07692307692307693,0.45,1.1930350000004513,90.0,90.0
30.0,0.0,0.0,0.0,209.37000000000012,136.13000000000005,48.0,31.0,0.20401234567901205,0.21044514381502127,0.0,0.0,0.0,1.2722432206746455,0.45,0.9873417721518988,71.78399999999999,165.24,0.0,0.04208902876300426,0.21198263386396535,0.25,0.0,158.0,77.0,13.0,12.0,1.0,0.0,0.0,0.0,0.0,0.0,0.0,0.0,0.0,0.0,1.0,0.0,0.0,39.99166666666667,1080.0,256.3712500000001,0.6350343997604797,0.1111111111111111,0.45,1.335125000000481,90.0,90.0
30.0,0.0,0.0,0.0,209.37000000000012,136.13000000000005,48.0,31.0,0.20401234567901205,0.21044514381502127,0.0,0.0,0.0,1.2722432206746455,0.45,0.9873417721518988,71.78399999999999,165.24,0.0,0.04208902876300426,0.21198263386396535,0.25,0.0,158.0,77.0,13.0,12.0,1.0,0.0,0.0,0.0,0.0,0.0,0.0,0.0,0.0,0.0,0.0,1.0,0.0,41.458333333333336,880.0,256.8437500000001,0.45895916907012324,0.09090909090909091,0.5142857142857142,1.4141100000005142,90.0,90.0
30.0,0.0,0.0,0.0,209.37000000000012,136.13000000000005,48.0,31.0,0.20401234567901205,0.21044514381502127,0.0,0.0,0.0,1.2722432206746455,0.45,0.9873417721518988,71.78399999999999,165.24,0.0,0.04208902876300426,0.21198263386396535,0.25,0.0,158.0,77.0,13.0,12.0,1.0,0.0,0.0,0.0,0.0,0.0,0.0,0.0,0.0,0.0,0.0,0.0,1.0,39.31666666666667,1200.0,240.99375000000012,0.5753147322436838,0.0,0.5142857142857142,1.282715000000461,90.0,90.0
150.0,0.0,0.0,0.0,267.56500000000017,167.44000000000005,60.0,38.0,2.4767749999999817,0.17154182023759104,0.0,0.0,0.0,1.0578113795421693,0.45,0.9473684210526315,33.696,77.544,0.0,0.03430836404751821,0.23016976816358448,0.14285714285714285,0.0,210.0,110.0,13.0,12.0,1.0,0.0,0.0,0.0,0.0,0.0,0.0,1.0,0.0,0.0,0.0,0.0,0.0,49.38333333333333,1140.0,292.57340740974075,1.0,0.05263157894736842,0.5142857142857142,0.3992649999995477,60.0,60.0
150.0,0.0,0.0,0.0,267.56500000000017,167.44000000000005,60.0,38.0,2.4767749999999817,0.17154182023759104,0.0,0.0,0.0,1.0578113795421693,0.45,0.9473684210526315,33.696,77.544,0.0,0.03430836404751821,0.23016976816358448,0.14285714285714285,0.0,210.0,110.0,13.0,12.0,1.0,0.0,0.0,0.0,0.0,0.0,0.0,0.0,1.0,0.0,0.0,0.0,0.0,51.4,900.0,309.75500000000005,0.4515564291016867,0.06666666666666667,0.36000000000000004,1.1260399999987172,60.0,60.0
150.0,0.0,0.0,0.0,267.56500000000017,167.44000000000005,60.0,38.0,2.4767749999999817,0.17154182023759104,0.0,0.0,0.0,1.0578113795421693,0.45,0.9473684210526315,33.696,77.544,0.0,0.03430836404751821,0.23016976816358448,0.14285714285714285,0.0,210.0,110.0,13.0,12.0,1.0,0.0,0.0,0.0,0.0,0.0,0.0,0.0,0.0,1.0,0.0,0.0,0.0,49.3875,1200.0,303.90500000000003,0.5700256492722504,0.4,0.3,1.0916099999987372,60.0,60.0
150.0,0.0,0.0,0.0,267.56500000000017,167.44000000000005,60.0,38.0,2.4767749999999817,0.17154182023759104,0.0,0.0,0.0,1.0578113795421693,0.45,0.9473684210526315,33.696,77.544,0.0,0.03430836404751821,0.23016976816358448,0.14285714285714285,0.0,210.0,110.0,13.0,12.0,1.0,0.0,0.0,0.0,0.0,0.0,0.0,0.0,0.0,0.0,1.0,0.0,0.0,51.145833333333336,960.0,309.75500000000005,0.569390102910371,0.125,0.36000000000000004,1.1134149999987208,60.0,60.0
150.0,0.0,0.0,0.0,267.56500000000017,167.44000000000005,60.0,38.0,2.4767749999999817,0.17154182023759104,0.0,0.0,0.0,1.0578113795421693,0.45,0.9473684210526315,33.696,77.544,0.0,0.03430836404751821,0.23016976816358448,0.14285714285714285,0.0,210.0,110.0,13.0,12.0,1.0,0.0,0.0,0.0,0.0,0.0,0.0,0.0,0.0,0.0,0.0,1.0,0.0,51.4,900.0,309.75500000000005,0.3932847029418543,0.06666666666666667,0.36000000000000004,1.1260399999987172,60.0,60.0
150.0,0.0,0.0,0.0,267.56500000000017,167.44000000000005,60.0,38.0,2.4767749999999817,0.17154182023759104,0.0,0.0,0.0,1.0578113795421693,0.45,0.9473684210526315,33.696,77.544,0.0,0.03430836404751821,0.23016976816358448,0.14285714285714285,0.0,210.0,110.0,13.0,12.0,1.0,0.0,0.0,0.0,0.0,0.0,0.0,0.0,0.0,0.0,0.0,0.0,1.0,49.75,1080.0,289.605,0.5740030259149624,0.2222222222222222,0.36000000000000004,1.0514449999987852,60.0,60.0
150.0,0.0,0.0,0.0,267.56500000000017,167.44000000000005,60.0,38.0,2.4767749999999817,0.17154182023759104,0.0,0.0,0.0,1.0578113795421693,0.45,0.9473684210526315,33.696,77.544,0.0,0.03430836404751821,0.23016976816358448,0.14285714285714285,0.0,210.0,110.0,13.0,12.0,1.0,0.0,0.0,0.0,0.0,0.0,0.0,1.0,0.0,0.0,0.0,0.0,0.0,49.38333333333333,1140.0,292.57340740974075,1.0,0.05263157894736842,0.5142857142857142,0.3992649999995477,60.0,60.0
150.0,0.0,0.0,0.0,267.56500000000017,167.44000000000005,60.0,38.0,2.4767749999999817,0.17154182023759104,0.0,0.0,0.0,1.0578113795421693,0.45,0.9473684210526315,33.696,77.544,0.0,0.03430836404751821,0.23016976816358448,0.14285714285714285,0.0,210.0,110.0,13.0,12.0,1.0,0.0,0.0,0.0,0.0,0.0,0.0,0.0,1.0,0.0,0.0,0.0,0.0,51.4,900.0,309.75500000000005,0.4515564291016867,0.06666666666666667,0.36000000000000004,1.1260399999987172,60.0,60.0
150.0,0.0,0.0,0.0,267.56500000000017,167.44000000000005,60.0,38.0,2.4767749999999817,0.17154182023759104,0.0,0.0,0.0,1.0578113795421693,0.45,0.9473684210526315,33.696,77.544,0.0,0.03430836404751821,0.23016976816358448,0.14285714285714285,0.0,210.0,110.0,13.0,12.0,1.0,0.0,0.0,0.0,0.0,0.0,0.0,0.0,0.0,1.0,0.0,0.0,0.0,49.3875,1200.0,303.90500000000003,0.5700256492722504,0.4,0.3,1.0916099999987372,60.0,60.0
150.0,0.0,0.0,0.0,267.56500000000017,167.44000000000005,60.0,38.0,2.4767749999999817,0.17154182023759104,0.0,0.0,0.0,1.0578113795421693,0.45,0.9473684210526315,33.696,77.544,0.0,0.03430836404751821,0.23016976816358448,0.14285714285714285,0.0,210.0,110.0,13.0,12.0,1.0,0.0,0.0,0.0,0.0,0.0,0.0,0.0,0.0,0.0,1.0,0.0,0.0,51.145833333333336,960.0,309.75500000000005,0.569390102910371,0.125,0.36000000000000004,1.1134149999987208,60.0,60.0
150.0,0.0,0.0,0.0,267.56500000000017,167.44000000000005,60.0,38.0,2.4767749999999817,0.17154182023759104,0.0,0.0,0.0,1.0578113795421693,0.45,0.9473684210526315,33.696,77.544,0.0,0.03430836404751821,0.23016976816358448,0.14285714285714285,0.0,210.0,110.0,13.0,12.0,1.0,0.0,0.0,0.0,0.0,0.0,0.0,0.0,0.0,0.0,0.0,1.0,0.0,51.4,900.0,309.75500000000005,0.3932847029418543,0.06666666666666667,0.36000000000000004,1.1260399999987172,60.0,60.0
150.0,0.0,0.0,0.0,267.56500000000017,167.44000000000005,60.0,38.0,2.4767749999999817,0.17154182023759104,0.0,0.0,0.0,1.0578113795421693,0.45,0.9473684210526315,33.696,77.544,0.0,0.03430836404751821,0.23016976816358448,0.14285714285714285,0.0,210.0,110.0,13.0,12.0,1.0,0.0,0.0,0.0,0.0,0.0,0.0,0.0,0.0,0.0,0.0,0.0,1.0,49.75,1080.0,289.605,0.5740030259149624,0.2222222222222222,0.36000000000000004,1.0514449999987852,60.0,60.0
150.0,0.0,0.0,0.0,267.56500000000017,167.44000000000005,60.0,38.0,2.4767749999999817,0.17154182023759104,0.0,0.0,0.0,1.0578113795421693,0.45,0.9473684210526315,33.696,77.544,0.0,0.03430836404751821,0.23016976816358448,0.14285714285714285,0.0,210.0,110.0,13.0,12.0,1.0,0.0,0.0,0.0,0.0,0.0,0.0,1.0,0.0,0.0,0.0,0.0,0.0,49.38333333333333,1140.0,292.57340740974075,1.0,0.05263157894736842,0.5142857142857142,0.3992649999995477,60.0,60.0
150.0,0.0,0.0,0.0,267.56500000000017,167.44000000000005,60.0,38.0,2.4767749999999817,0.17154182023759104,0.0,0.0,0.0,1.0578113795421693,0.45,0.9473684210526315,33.696,77.544,0.0,0.03430836404751821,0.23016976816358448,0.14285714285714285,0.0,210.0,110.0,13.0,12.0,1.0,0.0,0.0,0.0,0.0,0.0,0.0,0.0,1.0,0.0,0.0,0.0,0.0,51.4,900.0,309.75500000000005,0.4515564291016867,0.06666666666666667,0.36000000000000004,1.1260399999987172,60.0,60.0
150.0,0.0,0.0,0.0,267.56500000000017,167.44000000000005,60.0,38.0,2.4767749999999817,0.17154182023759104,0.0,0.0,0.0,1.0578113795421693,0.45,0.9473684210526315,33.696,77.544,0.0,0.03430836404751821,0.23016976816358448,0.14285714285714285,0.0,210.0,110.0,13.0,12.0,1.0,0.0,0.0,0.0,0.0,0.0,0.0,0.0,0.0,1.0,0.0,0.0,0.0,49.3875,1200.0,303.90500000000003,0.5700256492722504,0.4,0.3,1.0916099999987372,60.0,60.0
150.0,0.0,0.0,0.0,267.56500000000017,167.44000000000005,60.0,38.0,2.4767749999999817,0.17154182023759104,0.0,0.0,0.0,1.0578113795421693,0.45,0.9473684210526315,33.696,77.544,0.0,0.03430836404751821,0.23016976816358448,0.14285714285714285,0.0,210.0,110.0,13.0,12.0,1.0,0.0,0.0,0.0,0.0,0.0,0.0,0.0,0.0,0.0,1.0,0.0,0.0,51.145833333333336,960.0,309.75500000000005,0.569390102910371,0.125,0.36000000000000004,1.1134149999987208,60.0,60.0
150.0,0.0,0.0,0.0,267.56500000000017,167.44000000000005,60.0,38.0,2.4767749999999817,0.17154182023759104,0.0,0.0,0.0,1.0578113795421693,0.45,0.9473684210526315,33.696,77.544,0.0,0.03430836404751821,0.23016976816358448,0.14285714285714285,0.0,210.0,110.0,13.0,12.0,1.0,0.0,0.0,0.0,0.0,0.0,0.0,0.0,0.0,0.0,0.0,1.0,0.0,51.4,900.0,309.75500000000005,0.3932847029418543,0.06666666666666667,0.36000000000000004,1.1260399999987172,60.0,60.0
150.0,0.0,0.0,0.0,267.56500000000017,167.44000000000005,60.0,38.0,2.4767749999999817,0.17154182023759104,0.0,0.0,0.0,1.0578113795421693,0.45,0.9473684210526315,33.696,77.544,0.0,0.03430836404751821,0.23016976816358448,0.14285714285714285,0.0,210.0,110.0,13.0,12.0,1.0,0.0,0.0,0.0,0.0,0.0,0.0,0.0,0.0,0.0,0.0,0.0,1.0,49.75,1080.0,289.605,0.5740030259149624,0.2222222222222222,0.36000000000000004,1.0514449999987852,60.0,60.0
5.0,0.0,85.0,0.0,108.83,0.0,3.0,0.0,2.8749999999999996,0.0,0.0,0.0,0.0,0.0,0.085,0.0,0.0,0.0,0.0,0.0,1.0,0.0,0.0,3.0,0.0,13.0,12.0,1.0,0.0,0.0,0.0,0.0,0.0,0.0,1.0,0.0,0.0,0.0,0.0,0.0,9.216666666666667,320.0,115.24225000000001,0.8015765514833021,0.25,0.45636363636363636,0.25680999999999693,90.0,90.0
5.0,0.0,85.0,0.0,108.83,0.0,3.0,0.0,2.8749999999999996,0.0,0.0,0.0,0.0,0.0,0.085,0.0,0.0,0.0,0.0,0.0,1.0,0.0,0.0,3.0,0.0,13.0,12.0,1.0,0.0,0.0,0.0,0.0,0.0,0.0,0.0,1.0,0.0,0.0,0.0,0.0,6.844444444444444,760.0,115.24225000000001,0.39836244665647874,0.2631578947368421,0.47818181818181815,0.14351499999999878,90.0,90.0
5.0,0.0,85.0,0.0,108.83,0.0,3.0,0.0,2.8749999999999996,0.0,0.0,0.0,0.0,0.0,0.085,0.0,0.0,0.0,0.0,0.0,1.0,0.0,0.0,3.0,0.0,13.0,12.0,1.0,0.0,0.0,0.0,0.0,0.0,0.0,0.0,0.0,1.0,0.0,0.0,0.0,4.841666666666667,1040.0,115.24225000000001,0.572139397143396,0.38461538461538464,0.2534090909090909,0.06981999999999962,90.0,90.0
5.0,0.0,85.0,0.0,108.83,0.0,3.0,0.0,2.8749999999999996,0.0,0.0,0.0,0.0,0.0,0.085,0.0,0.0,0.0,0.0,0.0,1.0,0.0,0.0,3.0,0.0,13.0,12.0,1.0,0.0,0.0,0.0,0.0,0.0,0.0,0.0,0.0,0.0,1.0,0.0,0.0,7.511111111111111,680.0,115.24225000000001,0.38549682318318035,0.058823529411764705,0.4227272727272727,0.1810899999999977,90.0,90.0
5.0,0.0,85.0,0.0,108.83,0.0,3.0,0.0,2.8749999999999996,0.0,0.0,0.0,0.0,0.0,0.085,0.0,0.0,0.0,0.0,0.0,1.0,0.0,0.0,3.0,0.0,13.0,12.0,1.0,0.0,0.0,0.0,0.0,0.0,0.0,0.0,0.0,0.0,0.0,1.0,0.0,6.844444444444444,760.0,115.24225000000001,0.3981029469890771,0.2631578947368421,0.47818181818181815,0.14351499999999878,90.0,90.0
5.0,0.0,85.0,0.0,108.83,0.0,3.0,0.0,2.8749999999999996,0.0,0.0,0.0,0.0,0.0,0.085,0.0,0.0,0.0,0.0,0.0,1.0,0.0,0.0,3.0,0.0,13.0,12.0,1.0,0.0,0.0,0.0,0.0,0.0,0.0,0.0,0.0,0.0,0.0,0.0,1.0,6.783333333333333,720.0,115.24225000000001,0.450963274551941,0.1111111111111111,0.43454545454545457,0.14450499999999875,90.0,90.0
15.0,0.0,75.0,0.0,104.11875,53.43,9.0,1.0,7.508250000000001,0.014028437139055553,0.0,0.0,0.0,2.05329988826059,0.225,0.0,0.0,0.0,0.0,0.0028056874278111106,0.32173374907766644,0.0,0.0,10.0,0.0,13.0,12.0,1.0,0.0,0.0,0.0,0.0,0.0,0.0,1.0,0.0,0.0,0.0,0.0,0.0,10.647222222222222,400.0,105.33125,0.8015765514833021,0.2,0.45636363636363636,0.3309500000000067,90.0,90.0
15.0,0.0,75.0,0.0,104.11875,53.43,9.0,1.0,7.508250000000001,0.014028437139055553,0.0,0.0,0.0,2.05329988826059,0.225,0.0,0.0,0.0,0.0,0.0028056874278111106,0.32173374907766644,0.0,0.0,10.0,0.0,13.0,12.0,1.0,0.0,0.0,0.0,0.0,0.0,0.0,0.0,1.0,0.0,0.0,0.0,0.0,7.830555555555556,760.0,105.33125,0.39836244665647874,0.2631578947368421,0.47818181818181815,0.19321999999999737,90.0,90.0
15.0,0.0,75.0,0.0,104.11875,53.43,9.0,1.0,7.508250000000001,0.014028437139055553,0.0,0.0,0.0,2.05329988826059,0.225,0.0,0.0,0.0,0.0,0.0028056874278111106,0.32173374907766644,0.0,0.0,10.0,0.0,13.0,12.0,1.0,0.0,0.0,0.0,0.0,0.0,0.0,0.0,0.0,1.0,0.0,0.0,0.0,5.383333333333334,1120.0,105.33125,0.572139397143396,0.42857142857142855,0.36818181818181817,0.09750999999999942,90.0,90.0
15.0,0.0,75.0,0.0,104.11875,53.43,9.0,1.0,7.508250000000001,0.014028437139055553,0.0,0.0,0.0,2.05329988826059,0.225,0.0,0.0,0.0,0.0,0.0028056874278111106,0.32173374907766644,0.0,0.0,10.0,0.0,13.0,12.0,1.0,0.0,0.0,0.0,0.0,0.0,0.0,0.0,0.0,0.0,1.0,0.0,0.0,8.608333333333333,720.0,105.33125,0.5375763039612111,0.0,0.6613636363636364,0.2342949999999959,90.0,90.0
15.0,0.0,75.0,0.0,104.11875,53.43,9.0,1.0,7.508250000000001,0.014028437139055553,0.0,0.0,0.0,2.05329988826059,0.225,0.0,0.0,0.0,0.0,0.0028056874278111106,0.32173374907766644,0.0,0.0,10.0,0.0,13.0,12.0,1.0,0.0,0.0,0.0,0.0,0.0,0.0,0.0,0.0,0.0,0.0,1.0,0.0,7.830555555555556,760.0,105.33125,0.3981029469890771,0.2631578947368421,0.47818181818181815,0.19321999999999737,90.0,90.0
15.0,0.0,75.0,0.0,104.11875,53.43,9.0,1.0,7.508250000000001,0.014028437139055553,0.0,0.0,0.0,2.05329988826059,0.225,0.0,0.0,0.0,0.0,0.0028056874278111106,0.32173374907766644,0.0,0.0,10.0,0.0,13.0,12.0,1.0,0.0,0.0,0.0,0.0,0.0,0.0,0.0,0.0,0.0,0.0,0.0,1.0,7.713888888888889,840.0,105.33125,0.450963274551941,0.14285714285714285,0.43454545454545457,0.18740499999999738,90.0,90.0
30.0,0.0,60.0,0.0,77.66375,72.505,10.0,2.0,5.45875,0.24606306383488885,0.0,0.0,0.0,0.8238126750866366,0.27,1.0,5.255999999999999,12.096,0.0,0.049212612766977776,0.034353019519706984,0.5,0.0,16.0,0.0,13.0,12.0,1.0,0.0,0.0,0.0,0.0,0.0,0.0,1.0,0.0,0.0,0.0,0.0,0.0,8.377777777777778,1000.0,106.305,1.0,0.36,0.39848484848484844,0.20111999999999625,90.0,90.0
30.0,0.0,60.0,0.0,77.66375,72.505,10.0,2.0,5.45875,0.24606306383488885,0.0,0.0,0.0,0.8238126750866366,0.27,1.0,5.255999999999999,12.096,0.0,0.049212612766977776,0.034353019519706984,0.5,0.0,16.0,0.0,13.0,12.0,1.0,0.0,0.0,0.0,0.0,0.0,0.0,0.0,1.0,0.0,0.0,0.0,0.0,9.258333333333333,800.0,106.305,0.5296603335848377,0.3,0.5824675324675324,0.2782300000000012,90.0,90.0
30.0,0.0,60.0,0.0,77.66375,72.505,10.0,2.0,5.45875,0.24606306383488885,0.0,0.0,0.0,0.8238126750866366,0.27,1.0,5.255999999999999,12.096,0.0,0.049212612766977776,0.034353019519706984,0.5,0.0,16.0,0.0,13.0,12.0,1.0,0.0,0.0,0.0,0.0,0.0,0.0,0.0,0.0,1.0,0.0,0.0,0.0,6.636111111111111,1120.0,106.305,0.5789163508184296,0.42857142857142855,0.44181818181818183,0.16921999999999754,90.0,90.0
30.0,0.0,60.0,0.0,77.66375,72.505,10.0,2.0,5.45875,0.24606306383488885,0.0,0.0,0.0,0.8238126750866366,0.27,1.0,5.255999999999999,12.096,0.0,0.049212612766977776,0.034353019519706984,0.5,0.0,16.0,0.0,13.0,12.0,1.0,0.0,0.0,0.0,0.0,0.0,0.0,0.0,0.0,0.0,1.0,0.0,0.0,8.627777777777778,880.0,106.305,0.512612682324074,0.18181818181818182,0.5435064935064934,0.24223999999999543,90.0,90.0
30.0,0.0,60.0,0.0,77.66375,72.505,10.0,2.0,5.45875,0.24606306383488885,0.0,0.0,0.0,0.8238126750866366,0.27,1.0,5.255999999999999,12.096,0.0,0.049212612766977776,0.034353019519706984,0.5,0.0,16.0,0.0,13.0,12.0,1.0,0.0,0.0,0.0,0.0,0.0,0.0,0.0,0.0,0.0,0.0,1.0,0.0,9.258333333333333,800.0,106.305,0.5296603335848035,0.3,0.5824675324675324,0.2782300000000012,90.0,90.0
30.0,0.0,60.0,0.0,77.66375,72.505,10.0,2.0,5.45875,0.24606306383488885,0.0,0.0,0.0,0.8238126750866366,0.27,1.0,5.255999999999999,12.096,0.0,0.049212612766977776,0.034353019519706984,0.5,0.0,16.0,0.0,13.0,12.0,1.0,0.0,0.0,0.0,0.0,0.0,0.0,0.0,0.0,0.0,0.0,0.0,1.0,9.088888888888889,840.0,106.305,0.5083451647406582,0.14285714285714285,0.5028409090909091,0.2613299999999983,90.0,90.0
5.0,0.0,160.0,0.0,91.67250000000003,64.975,20.0,11.0,2.0416666666666656,0.391358787772642,0.0,0.5654545454545454,0.0,1.088497658463703,0.5805909090909092,1.0,10.8,24.876,1.0,0.35439903028180114,0.17043042499880323,0.3333333333333333,0.0,53.0,20.0,13.0,12.0,1.0,0.0,0.0,0.0,0.0,0.0,0.0,1.0,0.0,0.0,0.0,0.0,0.0,18.341666666666665,960.0,143.55250000000007,1.0,0.0,0.4712121212121212,0.3706650000000094,90.0,90.0
5.0,0.0,160.0,0.0,91.67250000000003,64.975,20.0,11.0,2.0416666666666656,0.391358787772642,0.0,0.5654545454545454,0.0,1.088497658463703,0.5805909090909092,1.0,10.8,24.876,1.0,0.35439903028180114,0.17043042499880323,0.3333333333333333,0.0,53.0,20.0,13.0,12.0,1.0,0.0,0.0,0.0,0.0,0.0,0.0,0.0,1.0,0.0,0.0,0.0,0.0,17.386111111111113,960.0,125.671,0.6203243118565713,0.0,0.5581818181818182,0.5623500000000041,90.0,90.0
5.0,0.0,160.0,0.0,91.67250000000003,64.975,20.0,11.0,2.0416666666666656,0.391358787772642,0.0,0.5654545454545454,0.0,1.088497658463703,0.5805909090909092,1.0,10.8,24.876,1.0,0.35439903028180114,0.17043042499880323,0.3333333333333333,0.0,53.0,20.0,13.0,12.0,1.0,0.0,0.0,0.0,0.0,0.0,0.0,0.0,0.0,1.0,0.0,0.0,0.0,14.161111111111111,1360.0,125.671,0.5754575889319503,0.058823529411764705,0.5581818181818182,0.43111000000000904,90.0,90.0
5.0,0.0,160.0,0.0,91.67250000000003,64.975,20.0,11.0,2.0416666666666656,0.391358787772642,0.0,0.5654545454545454,0.0,1.088497658463703,0.5805909090909092,1.0,10.8,24.876,1.0,0.35439903028180114,0.17043042499880323,0.3333333333333333,0.0,53.0,20.0,13.0,12.0,1.0,0.0,0.0,0.0,0.0,0.0,0.0,0.0,0.0,0.0,1.0,0.0,0.0,16.136111111111113,1160.0,126.82500000000005,0.6252105402610832,0.1724137931034483,0.5581818181818182,0.5342550000000066,90.0,90.0
5.0,0.0,160.0,0.0,91.67250000000003,64.975,20.0,11.0,2.0416666666666656,0.391358787772642,0.0,0.5654545454545454,0.0,1.088497658463703,0.5805909090909092,1.0,10.8,24.876,1.0,0.35439903028180114,0.17043042499880323,0.3333333333333333,0.0,53.0,20.0,13.0,12.0,1.0,0.0,0.0,0.0,0.0,0.0,0.0,0.0,0.0,0.0,0.0,1.0,0.0,14.172222222222222,1280.0,125.671,0.5883807672442227,0.375,0.5581818181818182,0.44876999999999906,90.0,90.0
5.0,0.0,160.0,0.0,91.67250000000003,64.975,20.0,11.0,2.0416666666666656,0.391358787772642,0.0,0.5654545454545454,0.0,1.088497658463703,0.5805909090909092,1.0,10.8,24.876,1.0,0.35439903028180114,0.17043042499880323,0.3333333333333333,0.0,53.0,20.0,13.0,12.0,1.0,0.0,0.0,0.0,0.0,0.0,0.0,0.0,0.0,0.0,0.0,0.0,1.0,15.819444444444445,1120.0,126.44250000000005,0.5693149802584845,0.14285714285714285,0.5581818181818182,0.48863000000000784,90.0,90.0
15.0,0.0,150.0,0.0,87.02000000000004,71.31,20.0,9.0,1.6504545454545418,0.1138714793319041,0.0,0.0,0.0,1.5208703849805456,0.45,1.0,19.152,44.136,1.0,0.20277429586638082,0.09922314153982209,0.0,0.0,55.0,22.0,13.0,12.0,1.0,0.0,0.0,0.0,0.0,0.0,0.0,1.0,0.0,0.0,0.0,0.0,0.0,17.58888888888889,1200.0,136.20500000000004,1.0,0.06666666666666667,0.5136363636363637,0.2765850000000031,90.0,90.0
15.0,0.0,150.0,0.0,87.02000000000004,71.31,20.0,9.0,1.6504545454545418,0.1138714793319041,0.0,0.0,0.0,1.5208703849805456,0.45,1.0,19.152,44.136,1.0,0.20277429586638082,0.09922314153982209,0.0,0.0,55.0,22.0,13.0,12.0,1.0,0.0,0.0,0.0,0.0,0.0,0.0,0.0,1.0,0.0,0.0,0.0,0.0,18.155555555555555,1000.0,125.671,0.6203243118565713,0.04,0.5136363636363637,0.5981249999999909,90.0,90.0
15.0,0.0,150.0,0.0,87.02000000000004,71.31,20.0,9.0,1.6504545454545418,0.1138714793319041,0.0,0.0,0.0,1.5208703849805456,0.45,1.0,19.152,44.136,1.0,0.20277429586638082,0.09922314153982209,0.0,0.0,55.0,22.0,13.0,12.0,1.0,0.0,0.0,0.0,0.0,0.0,0.0,0.0,0.0,1.0,0.0,0.0,0.0,15.63888888888889,1320.0,125.671,0.6299927649835168,0.030303030303030304,0.36704545454545456,0.5029949999999912,90.0,90.0
15.0,0.0,150.0,0.0,87.02000000000004,71.31,20.0,9.0,1.6504545454545418,0.1138714793319041,0.0,0.0,0.0,1.5208703849805456,0.45,1.0,19.152,44.136,1.0,0.20277429586638082,0.09922314153982209,0.0,0.0,55.0,22.0,13.0,12.0,1.0,0.0,0.0,0.0,0.0,0.0,0.0,0.0,0.0,0.0,1.0,0.0,0.0,16.88888888888889,1200.0,125.671,0.5781053133065693,0.06666666666666667,0.41948051948051945,0.5248499999999974,90.0,90.0
15.0,0.0,150.0,0.0,87.02000000000004,71.31,20.0,9.0,1.6504545454545418,0.1138714793319041,0.0,0.0,0.0,1.5208703849805456,0.45,1.0,19.152,44.136,1.0,0.20277429586638082,0.09922314153982209,0.0,0.0,55.0,22.0,13.0,12.0,1.0,0.0,0.0,0.0,0.0,0.0,0.0,0.0,0.0,0.0,0.0,1.0,0.0,18.155555555555555,1000.0,125.671,0.6200201442369723,0.04,0.5136363636363637,0.5981249999999909,90.0,90.0
15.0,0.0,150.0,0.0,87.02000000000004,71.31,20.0,9.0,1.6504545454545418,0.1138714793319041,0.0,0.0,0.0,1.5208703849805456,0.45,1.0,19.152,44.136,1.0,0.20277429586638082,0.09922314153982209,0.0,0.0,55.0,22.0,13.0,12.0,1.0,0.0,0.0,0.0,0.0,0.0,0.0,0.0,0.0,0.0,0.0,0.0,1.0,16.011111111111113,1200.0,132.67500000000004,0.5730751889844904,0.3333333333333333,0.4772727272727272,0.5063349999999991,90.0,90.0
30.0,0.0,135.0,0.0,102.02000000000005,86.7175,23.0,10.0,1.1543055555555557,0.13717199169509092,0.0,0.0,0.0,1.7605174816819975,0.45,1.0,20.232,46.584,1.0,0.20743439833901817,0.08107821710047047,0.0,0.0,63.0,27.0,13.0,12.0,1.0,0.0,0.0,0.0,0.0,0.0,0.0,1.0,0.0,0.0,0.0,0.0,0.0,20.833333333333332,960.0,145.87500000000009,1.0,0.08333333333333333,0.2689393939393939,0.41040499999998564,90.0,90.0
30.0,0.0,135.0,0.0,102.02000000000005,86.7175,23.0,10.0,1.1543055555555557,0.13717199169509092,0.0,0.0,0.0,1.7605174816819975,0.45,1.0,20.232,46.584,1.0,0.20743439833901817,0.08107821710047047,0.0,0.0,63.0,27.0,13.0,12.0,1.0,0.0,0.0,0.0,0.0,0.0,0.0,0.0,1.0,0.0,0.0,0.0,0.0,19.483333333333334,1000.0,133.03250000000006,0.6203243118565713,0.04,0.5136363636363637,0.6670249999999334,90.0,90.0
30.0,0.0,135.0,0.0,102.02000000000005,86.7175,23.0,10.0,1.1543055555555557,0.13717199169509092,0.0,0.0,0.0,1.7605174816819975,0.45,1.0,20.232,46.584,1.0,0.20743439833901817,0.08107821710047047,0.0,0.0,63.0,27.0,13.0,12.0,1.0,0.0,0.0,0.0,0.0,0.0,0.0,0.0,0.0,1.0,0.0,0.0,0.0,17.208333333333332,1320.0,125.671,0.6218957190878333,0.09090909090909091,0.4893939393939394,0.5535499999999691,90.0,90.0
30.0,0.0,135.0,0.0,102.02000000000005,86.7175,23.0,10.0,1.1543055555555557,0.13717199169509092,0.0,0.0,0.0,1.7605174816819975,0.45,1.0,20.232,46.584,1.0,0.20743439833901817,0.08107821710047047,0.0,0.0,63.0,27.0,13.0,12.0,1.0,0.0,0.0,0.0,0.0,0.0,0.0,0.0,0.0,0.0,1.0,0.0,0.0,19.477777777777778,1040.0,125.671,0.5705649756589816,0.07692307692307693,0.4298701298701298,0.6413599999999426,90.0,90.0
30.0,0.0,135.0,0.0,102.02000000000005,86.7175,23.0,10.0,1.1543055555555557,0.13717199169509092,0.0,0.0,0.0,1.7605174816819975,0.45,1.0,20.232,46.584,1.0,0.20743439833901817,0.08107821710047047,0.0,0.0,63.0,27.0,13.0,12.0,1.0,0.0,0.0,0.0,0.0,0.0,0.0,0.0,0.0,0.0,0.0,1.0,0.0,19.483333333333334,1000.0,133.03250000000006,0.6200201442437959,0.04,0.5136363636363637,0.6670249999999334,90.0,90.0
30.0,0.0,135.0,0.0,102.02000000000005,86.7175,23.0,10.0,1.1543055555555557,0.13717199169509092,0.0,0.0,0.0,1.7605174816819975,0.45,1.0,20.232,46.584,1.0,0.20743439833901817,0.08107821710047047,0.0,0.0,63.0,27.0,13.0,12.0,1.0,0.0,0.0,0.0,0.0,0.0,0.0,0.0,0.0,0.0,0.0,0.0,1.0,19.95277777777778,960.0,129.21250000000003,0.3937034152635731,0.08333333333333333,0.6818181818181819,0.6773399999999321,90.0,90.0
115.0,0.0,50.0,0.0,133.03250000000006,101.86625,29.0,20.0,0.5109803921568625,0.2036457842701661,0.0,0.0,0.0,1.4980891267996461,0.45,0.9555555555555556,44.028,101.44800000000001,0.0,0.04072915685403322,0.13267950553163885,0.25,0.0,102.0,51.0,13.0,12.0,1.0,0.0,0.0,0.0,0.0,0.0,0.0,1.0,0.0,0.0,0.0,0.0,0.0,30.038888888888888,280.0,193.9937500000001,0.5173147245023701,0.14285714285714285,0.7538961038961038,1.368279999999796,165.5,165.5
115.0,0.0,50.0,0.0,133.03250000000006,101.86625,29.0,20.0,0.5109803921568625,0.2036457842701661,0.0,0.0,0.0,1.4980891267996461,0.45,0.9555555555555556,44.028,101.44800000000001,0.0,0.04072915685403322,0.13267950553163885,0.25,0.0,102.0,51.0,13.0,12.0,1.0,0.0,0.0,0.0,0.0,0.0,0.0,0.0,1.0,0.0,0.0,0.0,0.0,27.15277777777778,600.0,173.99375000000006,0.4478748550213884,0.06666666666666667,0.36000000000000004,1.1488299999997738,165.5,165.5
115.0,0.0,50.0,0.0,133.03250000000006,101.86625,29.0,20.0,0.5109803921568625,0.2036457842701661,0.0,0.0,0.0,1.4980891267996461,0.45,0.9555555555555556,44.028,101.44800000000001,0.0,0.04072915685403322,0.13267950553163885,0.25,0.0,102.0,51.0,13.0,12.0,1.0,0.0,0.0,0.0,0.0,0.0,0.0,0.0,0.0,1.0,0.0,0.0,0.0,25.155555555555555,840.0,163.39375000000007,0.5904132704903863,0.14285714285714285,0.9,1.0272849999997562,165.5,165.5
115.0,0.0,50.0,0.0,133.03250000000006,101.86625,29.0,20.0,0.5109803921568625,0.2036457842701661,0.0,0.0,0.0,1.4980891267996461,0.45,0.9555555555555556,44.028,101.44800000000001,0.0,0.04072915685403322,0.13267950553163885,0.25,0.0,102.0,51.0,13.0,12.0,1.0,0.0,0.0,0.0,0.0,0.0,0.0,0.0,0.0,0.0,1.0,0.0,0.0,26.113888888888887,760.0,168.64375000000004,0.5794612905134804,0.15789473684210525,0.9,1.073674999999767,165.5,165.5
115.0,0.0,50.0,0.0,133.03250000000006,101.86625,29.0,20.0,0.5109803921568625,0.2036457842701661,0.0,0.0,0.0,1.4980891267996461,0.45,0.9555555555555556,44.028,101.44800000000001,0.0,0.04072915685403322,0.13267950553163885,0.25,0.0,102.0,51.0,13.0,12.0,1.0,0.0,0.0,0.0,0.0,0.0,0.0,0.0,0.0,0.0,0.0,1.0,0.0,27.15277777777778,600.0,173.99375000000006,0.44787485502090946,0.06666666666666667,0.36000000000000004,1.1488299999997738,165.5,165.5
115.0,0.0,50.0,0.0,133.03250000000006,101.86625,29.0,20.0,0.5109803921568625,0.2036457842701661,0.0,0.0,0.0,1.4980891267996461,0.45,0.9555555555555556,44.028,101.44800000000001,0.0,0.04072915685403322,0.13267950553163885,0.25,0.0,102.0,51.0,13.0,12.0,1.0,0.0,0.0,0.0,0.0,0.0,0.0,0.0,0.0,0.0,0.0,0.0,1.0,26.788888888888888,640.0,168.64375000000004,0.45247995375213773,0.0,0.34818181818181815,1.125589999999773,165.5,165.5
115.0,0.0,50.0,0.0,133.03250000000006,101.86625,29.0,20.0,0.5109803921568625,0.2036457842701661,0.0,0.0,0.0,1.4980891267996461,0.45,0.9555555555555556,44.028,101.44800000000001,0.0,0.04072915685403322,0.13267950553163885,0.25,0.0,102.0,51.0,13.0,12.0,1.0,0.0,0.0,0.0,0.0,0.0,0.0,1.0,0.0,0.0,0.0,0.0,0.0,30.038888888888888,280.0,193.9937500000001,0.5173147245023701,0.14285714285714285,0.7538961038961038,1.368279999999796,165.5,165.5
115.0,0.0,50.0,0.0,133.03250000000006,101.86625,29.0,20.0,0.5109803921568625,0.2036457842701661,0.0,0.0,0.0,1.4980891267996461,0.45,0.9555555555555556,44.028,101.44800000000001,0.0,0.04072915685403322,0.13267950553163885,0.25,0.0,102.0,51.0,13.0,12.0,1.0,0.0,0.0,0.0,0.0,0.0,0.0,0.0,1.0,0.0,0.0,0.0,0.0,27.15277777777778,600.0,173.99375000000006,0.4478748550213884,0.06666666666666667,0.36000000000000004,1.1488299999997738,165.5,165.5
115.0,0.0,50.0,0.0,133.03250000000006,101.86625,29.0,20.0,0.5109803921568625,0.2036457842701661,0.0,0.0,0.0,1.4980891267996461,0.45,0.9555555555555556,44.028,101.44800000000001,0.0,0.04072915685403322,0.13267950553163885,0.25,0.0,102.0,51.0,13.0,12.0,1.0,0.0,0.0,0.0,0.0,0.0,0.0,0.0,0.0,1.0,0.0,0.0,0.0,25.155555555555555,840.0,163.39375000000007,0.5904132704903863,0.14285714285714285,0.9,1.0272849999997562,165.5,165.5
115.0,0.0,50.0,0.0,133.03250000000006,101.86625,29.0,20.0,0.5109803921568625,0.2036457842701661,0.0,0.0,0.0,1.4980891267996461,0.45,0.9555555555555556,44.028,101.44800000000001,0.0,0.04072915685403322,0.13267950553163885,0.25,0.0,102.0,51.0,13.0,12.0,1.0,0.0,0.0,0.0,0.0,0.0,0.0,0.0,0.0,0.0,1.0,0.0,0.0,26.113888888888887,760.0,168.64375000000004,0.5794612905134804,0.15789473684210525,0.9,1.073674999999767,165.5,165.5
115.0,0.0,50.0,0.0,133.03250000000006,101.86625,29.0,20.0,0.5109803921568625,0.2036457842701661,0.0,0.0,0.0,1.4980891267996461,0.45,0.9555555555555556,44.028,101.44800000000001,0.0,0.04072915685403322,0.13267950553163885,0.25,0.0,102.0,51.0,13.0,12.0,1.0,0.0,0.0,0.0,0.0,0.0,0.0,0.0,0.0,0.0,0.0,1.0,0.0,27.15277777777778,600.0,173.99375000000006,0.44787485502090946,0.06666666666666667,0.36000000000000004,1.1488299999997738,165.5,165.5
115.0,0.0,50.0,0.0,133.03250000000006,101.86625,29.0,20.0,0.5109803921568625,0.2036457842701661,0.0,0.0,0.0,1.4980891267996461,0.45,0.9555555555555556,44.028,101.44800000000001,0.0,0.04072915685403322,0.13267950553163885,0.25,0.0,102.0,51.0,13.0,12.0,1.0,0.0,0.0,0.0,0.0,0.0,0.0,0.0,0.0,0.0,0.0,0.0,1.0,26.788888888888888,640.0,168.64375000000004,0.45247995375213773,0.0,0.34818181818181815,1.125589999999773,165.5,165.5
115.0,0.0,50.0,0.0,133.03250000000006,101.86625,29.0,20.0,0.5109803921568625,0.2036457842701661,0.0,0.0,0.0,1.4980891267996461,0.45,0.9555555555555556,44.028,101.44800000000001,0.0,0.04072915685403322,0.13267950553163885,0.25,0.0,102.0,51.0,13.0,12.0,1.0,0.0,0.0,0.0,0.0,0.0,0.0,1.0,0.0,0.0,0.0,0.0,0.0,30.038888888888888,280.0,193.9937500000001,0.5173147245023701,0.14285714285714285,0.7538961038961038,1.368279999999796,165.5,165.5
115.0,0.0,50.0,0.0,133.03250000000006,101.86625,29.0,20.0,0.5109803921568625,0.2036457842701661,0.0,0.0,0.0,1.4980891267996461,0.45,0.9555555555555556,44.028,101.44800000000001,0.0,0.04072915685403322,0.13267950553163885,0.25,0.0,102.0,51.0,13.0,12.0,1.0,0.0,0.0,0.0,0.0,0.0,0.0,0.0,1.0,0.0,0.0,0.0,0.0,27.15277777777778,600.0,173.99375000000006,0.4478748550213884,0.06666666666666667,0.36000000000000004,1.1488299999997738,165.5,165.5
115.0,0.0,50.0,0.0,133.03250000000006,101.86625,29.0,20.0,0.5109803921568625,0.2036457842701661,0.0,0.0,0.0,1.4980891267996461,0.45,0.9555555555555556,44.028,101.44800000000001,0.0,0.04072915685403322,0.13267950553163885,0.25,0.0,102.0,51.0,13.0,12.0,1.0,0.0,0.0,0.0,0.0,0.0,0.0,0.0,0.0,1.0,0.0,0.0,0.0,25.155555555555555,840.0,163.39375000000007,0.5904132704903863,0.14285714285714285,0.9,1.0272849999997562,165.5,165.5
115.0,0.0,50.0,0.0,133.03250000000006,101.86625,29.0,20.0,0.5109803921568625,0.2036457842701661,0.0,0.0,0.0,1.4980891267996461,0.45,0.9555555555555556,44.028,101.44800000000001,0.0,0.04072915685403322,0.13267950553163885,0.25,0.0,102.0,51.0,13.0,12.0,1.0,0.0,0.0,0.0,0.0,0.0,0.0,0.0,0.0,0.0,1.0,0.0,0.0,26.113888888888887,760.0,168.64375000000004,0.5794612905134804,0.15789473684210525,0.9,1.073674999999767,165.5,165.5
115.0,0.0,50.0,0.0,133.03250000000006,101.86625,29.0,20.0,0.5109803921568625,0.2036457842701661,0.0,0.0,0.0,1.4980891267996461,0.45,0.9555555555555556,44.028,101.44800000000001,0.0,0.04072915685403322,0.13267950553163885,0.25,0.0,102.0,51.0,13.0,12.0,1.0,0.0,0.0,0.0,0.0,0.0,0.0,0.0,0.0,0.0,0.0,1.0,0.0,27.15277777777778,600.0,173.99375000000006,0.44787485502090946,0.06666666666666667,0.36000000000000004,1.1488299999997738,165.5,165.5
115.0,0.0,50.0,0.0,133.03250000000006,101.86625,29.0,20.0,0.5109803921568625,0.2036457842701661,0.0,0.0,0.0,1.4980891267996461,0.45,0.9555555555555556,44.028,101.44800000000001,0.0,0.04072915685403322,0.13267950553163885,0.25,0.0,102.0,51.0,13.0,12.0,1.0,0.0,0.0,0.0,0.0,0.0,0.0,0.0,0.0,0.0,0.0,0.0,1.0,26.788888888888888,640.0,168.64375000000004,0.45247995375213773,0.0,0.34818181818181815,1.125589999999773,165.5,165.5
30.0,0.0,0.0,0.0,186.3900000000001,170.63000000000005,40.0,36.0,1.0262974683544197,0.1533589767261207,0.0,0.0,0.0,1.346021595585478,0.45,0.9166666666666666,33.588,77.328,0.0,0.030671795345224143,0.044143185255728086,0.16666666666666666,0.0,150.0,71.0,13.0,12.0,1.0,0.0,0.0,0.0,0.0,0.0,0.0,1.0,0.0,0.0,0.0,0.0,0.0,33.91111111111111,1760.0,191.855693380666,1.0,0.0,0.0,0.06325000000001113,90.0,90.0
30.0,0.0,0.0,0.0,186.3900000000001,170.63000000000005,40.0,36.0,1.0262974683544197,0.1533589767261207,0.0,0.0,0.0,1.346021595585478,0.45,0.9166666666666666,33.588,77.328,0.0,0.030671795345224143,0.044143185255728086,0.16666666666666666,0.0,150.0,71.0,13.0,12.0,1.0,0.0,0.0,0.0,0.0,0.0,0.0,0.0,1.0,0.0,0.0,0.0,0.0,40.077777777777776,1000.0,206.64125000000007,0.5641167518113522,0.04,0.36000000000000004,1.2371500000003186,90.0,90.0
30.0,0.0,0.0,0.0,186.3900000000001,170.63000000000005,40.0,36.0,1.0262974683544197,0.1533589767261207,0.0,0.0,0.0,1.346021595585478,0.45,0.9166666666666666,33.588,77.328,0.0,0.030671795345224143,0.044143185255728086,0.16666666666666666,0.0,150.0,71.0,13.0,12.0,1.0,0.0,0.0,0.0,0.0,0.0,0.0,0.0,0.0,1.0,0.0,0.0,0.0,36.52777777777778,1440.0,192.87500000000009,0.5816491956906821,0.1111111111111111,0.36000000000000004,1.0787550000002808,90.0,90.0
30.0,0.0,0.0,0.0,186.3900000000001,170.63000000000005,40.0,36.0,1.0262974683544197,0.1533589767261207,0.0,0.0,0.0,1.346021595585478,0.45,0.9166666666666666,33.588,77.328,0.0,0.030671795345224143,0.044143185255728086,0.16666666666666666,0.0,150.0,71.0,13.0,12.0,1.0,0.0,0.0,0.0,0.0,0.0,0.0,0.0,0.0,0.0,1.0,0.0,0.0,40.11666666666667,1040.0,210.3950000000001,0.5693025592255924,0.07692307692307693,0.3,1.2200100000003276,90.0,90.0
30.0,0.0,0.0,0.0,186.3900000000001,170.63000000000005,40.0,36.0,1.0262974683544197,0.1533589767261207,0.0,0.0,0.0,1.346021595585478,0.45,0.9166666666666666,33.588,77.328,0.0,0.030671795345224143,0.044143185255728086,0.16666666666666666,0.0,150.0,71.0,13.0,12.0,1.0,0.0,0.0,0.0,0.0,0.0,0.0,0.0,0.0,0.0,0.0,1.0,0.0,40.077777777777776,1000.0,206.64125000000007,0.5638520615051276,0.04,0.36000000000000004,1.2371500000003186,90.0,90.0
30.0,0.0,0.0,0.0,186.3900000000001,170.63000000000005,40.0,36.0,1.0262974683544197,0.1533589767261207,0.0,0.0,0.0,1.346021595585478,0.45,0.9166666666666666,33.588,77.328,0.0,0.030671795345224143,0.044143185255728086,0.16666666666666666,0.0,150.0,71.0,13.0,12.0,1.0,0.0,0.0,0.0,0.0,0.0,0.0,0.0,0.0,0.0,0.0,0.0,1.0,40.38055555555555,1000.0,206.64125000000007,0.46752039046099125,0.04,0.6,1.2568700000003208,90.0,90.0
30.0,0.0,0.0,0.0,186.3900000000001,170.63000000000005,40.0,36.0,1.0262974683544197,0.1533589767261207,0.0,0.0,0.0,1.346021595585478,0.45,0.9166666666666666,33.588,77.328,0.0,0.030671795345224143,0.044143185255728086,0.16666666666666666,0.0,150.0,71.0,13.0,12.0,1.0,0.0,0.0,0.0,0.0,0.0,0.0,1.0,0.0,0.0,0.0,0.0,0.0,33.91111111111111,1760.0,191.855693380666,1.0,0.0,0.0,0.06325000000001113,90.0,90.0
30.0,0.0,0.0,0.0,186.3900000000001,170.63000000000005,40.0,36.0,1.0262974683544197,0.1533589767261207,0.0,0.0,0.0,1.346021595585478,0.45,0.9166666666666666,33.588,77.328,0.0,0.030671795345224143,0.044143185255728086,0.16666666666666666,0.0,150.0,71.0,13.0,12.0,1.0,0.0,0.0,0.0,0.0,0.0,0.0,0.0,1.0,0.0,0.0,0.0,0.0,40.077777777777776,1000.0,206.64125000000007,0.5641167518113522,0.04,0.36000000000000004,1.2371500000003186,90.0,90.0
30.0,0.0,0.0,0.0,186.3900000000001,170.63000000000005,40.0,36.0,1.0262974683544197,0.1533589767261207,0.0,0.0,0.0,1.346021595585478,0.45,0.9166666666666666,33.588,77.328,0.0,0.030671795345224143,0.044143185255728086,0.16666666666666666,0.0,150.0,71.0,13.0,12.0,1.0,0.0,0.0,0.0,0.0,0.0,0.0,0.0,0.0,1.0,0.0,0.0,0.0,36.52777777777778,1440.0,192.87500000000009,0.5816491956906821,0.1111111111111111,0.36000000000000004,1.0787550000002808,90.0,90.0
30.0,0.0,0.0,0.0,186.3900000000001,170.63000000000005,40.0,36.0,1.0262974683544197,0.1533589767261207,0.0,0.0,0.0,1.346021595585478,0.45,0.9166666666666666,33.588,77.328,0.0,0.030671795345224143,0.044143185255728086,0.16666666666666666,0.0,150.0,71.0,13.0,12.0,1.0,0.0,0.0,0.0,0.0,0.0,0.0,0.0,0.0,0.0,1.0,0.0,0.0,40.11666666666667,1040.0,210.3950000000001,0.5693025592255924,0.07692307692307693,0.3,1.2200100000003276,90.0,90.0
30.0,0.0,0.0,0.0,186.3900000000001,170.63000000000005,40.0,36.0,1.0262974683544197,0.1533589767261207,0.0,0.0,0.0,1.346021595585478,0.45,0.9166666666666666,33.588,77.328,0.0,0.030671795345224143,0.044143185255728086,0.16666666666666666,0.0,150.0,71.0,13.0,12.0,1.0,0.0,0.0,0.0,0.0,0.0,0.0,0.0,0.0,0.0,0.0,1.0,0.0,40.077777777777776,1000.0,206.64125000000007,0.5638520615051276,0.04,0.36000000000000004,1.2371500000003186,90.0,90.0
30.0,0.0,0.0,0.0,186.3900000000001,170.63000000000005,40.0,36.0,1.0262974683544197,0.1533589767261207,0.0,0.0,0.0,1.346021595585478,0.45,0.9166666666666666,33.588,77.328,0.0,0.030671795345224143,0.044143185255728086,0.16666666666666666,0.0,150.0,71.0,13.0,12.0,1.0,0.0,0.0,0.0,0.0,0.0,0.0,0.0,0.0,0.0,0.0,0.0,1.0,40.38055555555555,1000.0,206.64125000000007,0.46752039046099125,0.04,0.6,1.2568700000003208,90.0,90.0
30.0,0.0,0.0,0.0,186.3900000000001,170.63000000000005,40.0,36.0,1.0262974683544197,0.1533589767261207,0.0,0.0,0.0,1.346021595585478,0.45,0.9166666666666666,33.588,77.328,0.0,0.030671795345224143,0.044143185255728086,0.16666666666666666,0.0,150.0,71.0,13.0,12.0,1.0,0.0,0.0,0.0,0.0,0.0,0.0,1.0,0.0,0.0,0.0,0.0,0.0,33.91111111111111,1760.0,191.855693380666,1.0,0.0,0.0,0.06325000000001113,90.0,90.0
30.0,0.0,0.0,0.0,186.3900000000001,170.63000000000005,40.0,36.0,1.0262974683544197,0.1533589767261207,0.0,0.0,0.0,1.346021595585478,0.45,0.9166666666666666,33.588,77.328,0.0,0.030671795345224143,0.044143185255728086,0.16666666666666666,0.0,150.0,71.0,13.0,12.0,1.0,0.0,0.0,0.0,0.0,0.0,0.0,0.0,1.0,0.0,0.0,0.0,0.0,40.077777777777776,1000.0,206.64125000000007,0.5641167518113522,0.04,0.36000000000000004,1.2371500000003186,90.0,90.0
30.0,0.0,0.0,0.0,186.3900000000001,170.63000000000005,40.0,36.0,1.0262974683544197,0.1533589767261207,0.0,0.0,0.0,1.346021595585478,0.45,0.9166666666666666,33.588,77.328,0.0,0.030671795345224143,0.044143185255728086,0.16666666666666666,0.0,150.0,71.0,13.0,12.0,1.0,0.0,0.0,0.0,0.0,0.0,0.0,0.0,0.0,1.0,0.0,0.0,0.0,36.52777777777778,1440.0,192.87500000000009,0.5816491956906821,0.1111111111111111,0.36000000000000004,1.0787550000002808,90.0,90.0
30.0,0.0,0.0,0.0,186.3900000000001,170.63000000000005,40.0,36.0,1.0262974683544197,0.1533589767261207,0.0,0.0,0.0,1.346021595585478,0.45,0.9166666666666666,33.588,77.328,0.0,0.030671795345224143,0.044143185255728086,0.16666666666666666,0.0,150.0,71.0,13.0,12.0,1.0,0.0,0.0,0.0,0.0,0.0,0.0,0.0,0.0,0.0,1.0,0.0,0.0,40.11666666666667,1040.0,210.3950000000001,0.5693025592255924,0.07692307692307693,0.3,1.2200100000003276,90.0,90.0
30.0,0.0,0.0,0.0,186.3900000000001,170.63000000000005,40.0,36.0,1.0262974683544197,0.1533589767261207,0.0,0.0,0.0,1.346021595585478,0.45,0.9166666666666666,33.588,77.328,0.0,0.030671795345224143,0.044143185255728086,0.16666666666666666,0.0,150.0,71.0,13.0,12.0,1.0,0.0,0.0,0.0,0.0,0.0,0.0,0.0,0.0,0.0,0.0,1.0,0.0,40.077777777777776,1000.0,206.64125000000007,0.5638520615051276,0.04,0.36000000000000004,1.2371500000003186,90.0,90.0
30.0,0.0,0.0,0.0,186.3900000000001,170.63000000000005,40.0,36.0,1.0262974683544197,0.1533589767261207,0.0,0.0,0.0,1.346021595585478,0.45,0.9166666666666666,33.588,77.328,0.0,0.030671795345224143,0.044143185255728086,0.16666666666666666,0.0,150.0,71.0,13.0,12.0,1.0,0.0,0.0,0.0,0.0,0.0,0.0,0.0,0.0,0.0,0.0,0.0,1.0,40.38055555555555,1000.0,206.64125000000007,0.46752039046099125,0.04,0.6,1.2568700000003208,90.0,90.0
150.0,0.0,0.0,0.0,177.76000000000008,207.64000000000007,40.0,44.0,1.3982558139535413,0.15369649146047587,0.0,0.0,0.0,1.28000036651528,0.45,0.8636363636363636,38.160000000000004,87.876,0.0,0.030739298292095176,-0.07752983912817847,0.16666666666666666,0.0,191.0,105.0,13.0,12.0,1.0,0.0,0.0,0.0,0.0,0.0,0.0,1.0,0.0,0.0,0.0,0.0,0.0,43.09166666666667,1080.0,215.13625000000008,1.0,0.0,0.45,0.20505499999978571,60.0,60.0
150.0,0.0,0.0,0.0,177.76000000000008,207.64000000000007,40.0,44.0,1.3982558139535413,0.15369649146047587,0.0,0.0,0.0,1.28000036651528,0.45,0.8636363636363636,38.160000000000004,87.876,0.0,0.030739298292095176,-0.07752983912817847,0.16666666666666666,0.0,191.0,105.0,13.0,12.0,1.0,0.0,0.0,0.0,0.0,0.0,0.0,0.0,1.0,0.0,0.0,0.0,0.0,44.40833333333333,1080.0,220.24750000000012,0.400522823578466,0.2222222222222222,0.5142857142857142,0.8475799999990983,60.0,60.0
150.0,0.0,0.0,0.0,177.76000000000008,207.64000000000007,40.0,44.0,1.3982558139535413,0.15369649146047587,0.0,0.0,0.0,1.28000036651528,0.45,0.8636363636363636,38.160000000000004,87.876,0.0,0.030739298292095176,-0.07752983912817847,0.16666666666666666,0.0,191.0,105.0,13.0,12.0,1.0,0.0,0.0,0.0,0.0,0.0,0.0,0.0,0.0,1.0,0.0,0.0,0.0,41.041666666666664,1500.0,212.9837500000001,0.5772139307158226,0.2,0.36000000000000004,0.7641649999991786,60.0,60.0
150.0,0.0,0.0,0.0,177.76000000000008,207.64000000000007,40.0,44.0,1.3982558139535413,0.15369649146047587,0.0,0.0,0.0,1.28000036651528,0.45,0.8636363636363636,38.160000000000004,87.876,0.0,0.030739298292095176,-0.07752983912817847,0.16666666666666666,0.0,191.0,105.0,13.0,12.0,1.0,0.0,0.0,0.0,0.0,0.0,0.0,0.0,0.0,0.0,1.0,0.0,0.0,44.00416666666667,1020.0,222.47875000000016,0.5698221063623901,0.29411764705882354,0.36000000000000004,0.8552549999990813,60.0,60.0
150.0,0.0,0.0,0.0,177.76000000000008,207.64000000000007,40.0,44.0,1.3982558139535413,0.15369649146047587,0.0,0.0,0.0,1.28000036651528,0.45,0.8636363636363636,38.160000000000004,87.876,0.0,0.030739298292095176,-0.07752983912817847,0.16666666666666666,0.0,191.0,105.0,13.0,12.0,1.0,0.0,0.0,0.0,0.0,0.0,0.0,0.0,0.0,0.0,0.0,1.0,0.0,44.40833333333333,1080.0,220.24750000000012,0.4002073983728109,0.2222222222222222,0.5142857142857142,0.8475799999990983,60.0,60.0
150.0,0.0,0.0,0.0,177.76000000000008,207.64000000000007,40.0,44.0,1.3982558139535413,0.15369649146047587,0.0,0.0,0.0,1.28000036651528,0.45,0.8636363636363636,38.160000000000004,87.876,0.0,0.030739298292095176,-0.07752983912817847,0.16666666666666666,0.0,191.0,105.0,13.0,12.0,1.0,0.0,0.0,0.0,0.0,0.0,0.0,0.0,0.0,0.0,0.0,0.0,1.0,44.645833333333336,900.0,229.45500000000013,0.39076144207311525,0.06666666666666667,0.6,0.8856299999990735,60.0,60.0
150.0,0.0,0.0,0.0,177.76000000000008,207.64000000000007,40.0,44.0,1.3982558139535413,0.15369649146047587,0.0,0.0,0.0,1.28000036651528,0.45,0.8636363636363636,38.160000000000004,87.876,0.0,0.030739298292095176,-0.07752983912817847,0.16666666666666666,0.0,191.0,105.0,13.0,12.0,1.0,0.0,0.0,0.0,0.0,0.0,0.0,1.0,0.0,0.0,0.0,0.0,0.0,43.09166666666667,1080.0,215.13625000000008,1.0,0.0,0.45,0.20505499999978571,60.0,60.0
150.0,0.0,0.0,0.0,177.76000000000008,207.64000000000007,40.0,44.0,1.3982558139535413,0.15369649146047587,0.0,0.0,0.0,1.28000036651528,0.45,0.8636363636363636,38.160000000000004,87.876,0.0,0.030739298292095176,-0.07752983912817847,0.16666666666666666,0.0,191.0,105.0,13.0,12.0,1.0,0.0,0.0,0.0,0.0,0.0,0.0,0.0,1.0,0.0,0.0,0.0,0.0,44.40833333333333,1080.0,220.24750000000012,0.400522823578466,0.2222222222222222,0.5142857142857142,0.8475799999990983,60.0,60.0
150.0,0.0,0.0,0.0,177.76000000000008,207.64000000000007,40.0,44.0,1.3982558139535413,0.15369649146047587,0.0,0.0,0.0,1.28000036651528,0.45,0.8636363636363636,38.160000000000004,87.876,0.0,0.030739298292095176,-0.07752983912817847,0.16666666666666666,0.0,191.0,105.0,13.0,12.0,1.0,0.0,0.0,0.0,0.0,0.0,0.0,0.0,0.0,1.0,0.0,0.0,0.0,41.041666666666664,1500.0,212.9837500000001,0.5772139307158226,0.2,0.36000000000000004,0.7641649999991786,60.0,60.0
150.0,0.0,0.0,0.0,177.76000000000008,207.64000000000007,40.0,44.0,1.3982558139535413,0.15369649146047587,0.0,0.0,0.0,1.28000036651528,0.45,0.8636363636363636,38.160000000000004,87.876,0.0,0.030739298292095176,-0.07752983912817847,0.16666666666666666,0.0,191.0,105.0,13.0,12.0,1.0,0.0,0.0,0.0,0.0,0.0,0.0,0.0,0.0,0.0,1.0,0.0,0.0,44.00416666666667,1020.0,222.47875000000016,0.5698221063623901,0.29411764705882354,0.36000000000000004,0.8552549999990813,60.0,60.0
150.0,0.0,0.0,0.0,177.76000000000008,207.64000000000007,40.0,44.0,1.3982558139535413,0.15369649146047587,0.0,0.0,0.0,1.28000036651528,0.45,0.8636363636363636,38.160000000000004,87.876,0.0,0.030739298292095176,-0.07752983912817847,0.16666666666666666,0.0,191.0,105.0,13.0,12.0,1.0,0.0,0.0,0.0,0.0,0.0,0.0,0.0,0.0,0.0,0.0,1.0,0.0,44.40833333333333,1080.0,220.24750000000012,0.4002073983728109,0.2222222222222222,0.5142857142857142,0.8475799999990983,60.0,60.0
150.0,0.0,0.0,0.0,177.76000000000008,207.64000000000007,40.0,44.0,1.3982558139535413,0.15369649146047587,0.0,0.0,0.0,1.28000036651528,0.45,0.8636363636363636,38.160000000000004,87.876,0.0,0.030739298292095176,-0.07752983912817847,0.16666666666666666,0.0,191.0,105.0,13.0,12.0,1.0,0.0,0.0,0.0,0.0,0.0,0.0,0.0,0.0,0.0,0.0,0.0,1.0,44.645833333333336,900.0,229.45500000000013,0.39076144207311525,0.06666666666666667,0.6,0.8856299999990735,60.0,60.0
150.0,0.0,0.0,0.0,177.76000000000008,207.64000000000007,40.0,44.0,1.3982558139535413,0.15369649146047587,0.0,0.0,0.0,1.28000036651528,0.45,0.8636363636363636,38.160000000000004,87.876,0.0,0.030739298292095176,-0.07752983912817847,0.16666666666666666,0.0,191.0,105.0,13.0,12.0,1.0,0.0,0.0,0.0,0.0,0.0,0.0,1.0,0.0,0.0,0.0,0.0,0.0,43.09166666666667,1080.0,215.13625000000008,1.0,0.0,0.45,0.20505499999978571,60.0,60.0
150.0,0.0,0.0,0.0,177.76000000000008,207.64000000000007,40.0,44.0,1.3982558139535413,0.15369649146047587,0.0,0.0,0.0,1.28000036651528,0.45,0.8636363636363636,38.160000000000004,87.876,0.0,0.030739298292095176,-0.07752983912817847,0.16666666666666666,0.0,191.0,105.0,13.0,12.0,1.0,0.0,0.0,0.0,0.0,0.0,0.0,0.0,1.0,0.0,0.0,0.0,0.0,44.40833333333333,1080.0,220.24750000000012,0.400522823578466,0.2222222222222222,0.5142857142857142,0.8475799999990983,60.0,60.0
150.0,0.0,0.0,0.0,177.76000000000008,207.64000000000007,40.0,44.0,1.3982558139535413,0.15369649146047587,0.0,0.0,0.0,1.28000036651528,0.45,0.8636363636363636,38.160000000000004,87.876,0.0,0.030739298292095176,-0.07752983912817847,0.16666666666666666,0.0,191.0,105.0,13.0,12.0,1.0,0.0,0.0,0.0,0.0,0.0,0.0,0.0,0.0,1.0,0.0,0.0,0.0,41.041666666666664,1500.0,212.9837500000001,0.5772139307158226,0.2,0.36000000000000004,0.7641649999991786,60.0,60.0
150.0,0.0,0.0,0.0,177.76000000000008,207.64000000000007,40.0,44.0,1.3982558139535413,0.15369649146047587,0.0,0.0,0.0,1.28000036651528,0.45,0.8636363636363636,38.160000000000004,87.876,0.0,0.030739298292095176,-0.07752983912817847,0.16666666666666666,0.0,191.0,105.0,13.0,12.0,1.0,0.0,0.0,0.0,0.0,0.0,0.0,0.0,0.0,0.0,1.0,0.0,0.0,44.00416666666667,1020.0,222.47875000000016,0.5698221063623901,0.29411764705882354,0.36000000000000004,0.8552549999990813,60.0,60.0
150.0,0.0,0.0,0.0,177.76000000000008,207.64000000000007,40.0,44.0,1.3982558139535413,0.15369649146047587,0.0,0.0,0.0,1.28000036651528,0.45,0.8636363636363636,38.160000000000004,87.876,0.0,0.030739298292095176,-0.07752983912817847,0.16666666666666666,0.0,191.0,105.0,13.0,12.0,1.0,0.0,0.0,0.0,0.0,0.0,0.0,0.0,0.0,0.0,0.0,1.0,0.0,44.40833333333333,1080.0,220.24750000000012,0.4002073983728109,0.2222222222222222,0.5142857142857142,0.8475799999990983,60.0,60.0
150.0,0.0,0.0,0.0,177.76000000000008,207.64000000000007,40.0,44.0,1.3982558139535413,0.15369649146047587,0.0,0.0,0.0,1.28000036651528,0.45,0.8636363636363636,38.160000000000004,87.876,0.0,0.030739298292095176,-0.07752983912817847,0.16666666666666666,0.0,191.0,105.0,13.0,12.0,1.0,0.0,0.0,0.0,0.0,0.0,0.0,0.0,0.0,0.0,0.0,0.0,1.0,44.645833333333336,900.0,229.45500000000013,0.39076144207311525,0.06666666666666667,0.6,0.8856299999990735,60.0,60.0
5.0,0.0,85.0,0.0,98.36125,0.0,1.0,0.0,2.1849999999999996,0.0,0.0,0.0,0.0,0.0,0.04,0.0,0.0,0.0,0.0,0.0,1.0,0.0,0.0,1.0,0.0,13.0,12.0,1.0,0.0,0.0,0.0,0.0,0.0,0.0,1.0,0.0,0.0,0.0,0.0,0.0,5.641666666666667,560.0,109.18875,1.0,0.0,0.20272727272727276,0.06817499999999956,90.0,90.0
5.0,0.0,85.0,0.0,98.36125,0.0,1.0,0.0,2.1849999999999996,0.0,0.0,0.0,0.0,0.0,0.04,0.0,0.0,0.0,0.0,0.0,1.0,0.0,0.0,1.0,0.0,13.0,12.0,1.0,0.0,0.0,0.0,0.0,0.0,0.0,0.0,1.0,0.0,0.0,0.0,0.0,5.002777777777778,640.0,109.18875,0.39501928490147376,0.0,0.32575757575757575,0.08493499999999947,90.0,90.0
5.0,0.0,85.0,0.0,98.36125,0.0,1.0,0.0,2.1849999999999996,0.0,0.0,0.0,0.0,0.0,0.04,0.0,0.0,0.0,0.0,0.0,1.0,0.0,0.0,1.0,0.0,13.0,12.0,1.0,0.0,0.0,0.0,0.0,0.0,0.0,0.0,0.0,1.0,0.0,0.0,0.0,3.825,960.0,109.18875,0.5621208357794008,0.08333333333333333,0.3136363636363636,0.03862499999999982,90.0,90.0
5.0,0.0,85.0,0.0,98.36125,0.0,1.0,0.0,2.1849999999999996,0.0,0.0,0.0,0.0,0.0,0.04,0.0,0.0,0.0,0.0,0.0,1.0,0.0,0.0,1.0,0.0,13.0,12.0,1.0,0.0,0.0,0.0,0.0,0.0,0.0,0.0,0.0,0.0,1.0,0.0,0.0,4.683333333333334,720.0,109.18875,0.47548198368267275,0.1111111111111111,0.3924242424242424,0.0680949999999996,90.0,90.0
5.0,0.0,85.0,0.0,98.36125,0.0,1.0,0.0,2.1849999999999996,0.0,0.0,0.0,0.0,0.0,0.04,0.0,0.0,0.0,0.0,0.0,1.0,0.0,0.0,1.0,0.0,13.0,12.0,1.0,0.0,0.0,0.0,0.0,0.0,0.0,0.0,0.0,0.0,0.0,1.0,0.0,5.002777777777778,640.0,109.18875,0.394598207347197,0.0,0.32575757575757575,0.08493499999999947,90.0,90.0
5.0,0.0,85.0,0.0,98.36125,0.0,1.0,0.0,2.1849999999999996,0.0,0.0,0.0,0.0,0.0,0.04,0.0,0.0,0.0,0.0,0.0,1.0,0.0,0.0,1.0,0.0,13.0,12.0,1.0,0.0,0.0,0.0,0.0,0.0,0.0,0.0,0.0,0.0,0.0,0.0,1.0,4.322222222222222,800.0,109.18875,0.38912853022347427,0.1,0.39848484848484844,0.05977999999999966,90.0,90.0
15.0,0.0,75.0,0.0,98.01625,91.46000000000001,2.0,1.0,6.1673333333333344,0.0,0.0,0.0,0.0,0.0,0.0675,0.0,0.0,0.0,0.0,0.0,0.03460196198732027,0.0,0.0,3.0,0.0,13.0,12.0,1.0,0.0,0.0,0.0,0.0,0.0,0.0,1.0,0.0,0.0,0.0,0.0,0.0,6.7444444444444445,720.0,109.18875,1.0,0.1111111111111111,0.20272727272727276,0.10419499999999927,90.0,90.0
15.0,0.0,75.0,0.0,98.01625,91.46000000000001,2.0,1.0,6.1673333333333344,0.0,0.0,0.0,0.0,0.0,0.0675,0.0,0.0,0.0,0.0,0.0,0.03460196198732027,0.0,0.0,3.0,0.0,13.0,12.0,1.0,0.0,0.0,0.0,0.0,0.0,0.0,0.0,1.0,0.0,0.0,0.0,0.0,6.272222222222222,680.0,109.18875,0.39501928490147376,0.058823529411764705,0.32575757575757575,0.12947999999999907,90.0,90.0
15.0,0.0,75.0,0.0,98.01625,91.46000000000001,2.0,1.0,6.1673333333333344,0.0,0.0,0.0,0.0,0.0,0.0675,0.0,0.0,0.0,0.0,0.0,0.03460196198732027,0.0,0.0,3.0,0.0,13.0,12.0,1.0,0.0,0.0,0.0,0.0,0.0,0.0,0.0,0.0,1.0,0.0,0.0,0.0,4.761111111111111,960.0,109.18875,0.5621208357794008,0.08333333333333333,0.3136363636363636,0.07194999999999956,90.0,90.0
15.0,0.0,75.0,0.0,98.01625,91.46000000000001,2.0,1.0,6.1673333333333344,0.0,0.0,0.0,0.0,0.0,0.0675,0.0,0.0,0.0,0.0,0.0,0.03460196198732027,0.0,0.0,3.0,0.0,13.0,12.0,1.0,0.0,0.0,0.0,0.0,0.0,0.0,0.0,0.0,0.0,1.0,0.0,0.0,5.786111111111111,800.0,109.18875,0.47548198368267275,0.1,0.3924242424242424,0.1066999999999993,90.0,90.0
15.0,0.0,75.0,0.0,98.01625,91.46000000000001,2.0,1.0,6.1673333333333344,0.0,0.0,0.0,0.0,0.0,0.0675,0.0,0.0,0.0,0.0,0.0,0.03460196198732027,0.0,0.0,3.0,0.0,13.0,12.0,1.0,0.0,0.0,0.0,0.0,0.0,0.0,0.0,0.0,0.0,0.0,1.0,0.0,6.272222222222222,680.0,109.18875,0.394598207347197,0.058823529411764705,0.32575757575757575,0.12947999999999907,90.0,90.0
15.0,0.0,75.0,0.0,98.01625,91.46000000000001,2.0,1.0,6.1673333333333344,0.0,0.0,0.0,0.0,0.0,0.0675,0.0,0.0,0.0,0.0,0.0,0.03460196198732027,0.0,0.0,3.0,0.0,13.0,12.0,1.0,0.0,0.0,0.0,0.0,0.0,0.0,0.0,0.0,0.0,0.0,0.0,1.0,5.425,840.0,109.18875,0.4268486198496633,0.14285714285714285,0.41060606060606064,0.10173999999999933,90.0,90.0
30.0,0.0,60.0,0.0,75.8225,98.18875,3.0,4.0,8.421333333333333,0.0,0.0,0.0,0.0,0.0,0.1575,0.0,0.0,0.0,1.0,0.18,-0.12853335632035282,0.0,0.0,10.0,1.0,13.0,12.0,1.0,0.0,0.0,0.0,0.0,0.0,0.0,1.0,0.0,0.0,0.0,0.0,0.0,7.441666666666666,720.0,109.18875,0.8999999999999999,0.1111111111111111,0.21233766233766233,0.17405999999999786,90.0,90.0
30.0,0.0,60.0,0.0,75.8225,98.18875,3.0,4.0,8.421333333333333,0.0,0.0,0.0,0.0,0.0,0.1575,0.0,0.0,0.0,1.0,0.18,-0.12853335632035282,0.0,0.0,10.0,1.0,13.0,12.0,1.0,0.0,0.0,0.0,0.0,0.0,0.0,0.0,1.0,0.0,0.0,0.0,0.0,8.580555555555556,680.0,109.18875,0.47560184827782215,0.058823529411764705,0.4298701298701298,0.216669999999997,90.0,90.0
30.0,0.0,60.0,0.0,75.8225,98.18875,3.0,4.0,8.421333333333333,0.0,0.0,0.0,0.0,0.0,0.1575,0.0,0.0,0.0,1.0,0.18,-0.12853335632035282,0.0,0.0,10.0,1.0,13.0,12.0,1.0,0.0,0.0,0.0,0.0,0.0,0.0,0.0,0.0,1.0,0.0,0.0,0.0,6.558333333333334,919.9999999999999,109.18875,0.5538277789793834,0.043478260869565216,0.3136363636363636,0.1400149999999987,90.0,90.0
30.0,0.0,60.0,0.0,75.8225,98.18875,3.0,4.0,8.421333333333333,0.0,0.0,0.0,0.0,0.0,0.1575,0.0,0.0,0.0,1.0,0.18,-0.12853335632035282,0.0,0.0,10.0,1.0,13.0,12.0,1.0,0.0,0.0,0.0,0.0,0.0,0.0,0.0,0.0,0.0,1.0,0.0,0.0,7.838888888888889,800.0,109.18875,0.4637695120685294,0.0,0.3534090909090909,0.18295499999999762,90.0,90.0
30.0,0.0,60.0,0.0,75.8225,98.18875,3.0,4.0,8.421333333333333,0.0,0.0,0.0,0.0,0.0,0.1575,0.0,0.0,0.0,1.0,0.18,-0.12853335632035282,0.0,0.0,10.0,1.0,13.0,12.0,1.0,0.0,0.0,0.0,0.0,0.0,0.0,0.0,0.0,0.0,0.0,1.0,0.0,8.580555555555556,680.0,109.18875,0.47560184827781593,0.058823529411764705,0.4298701298701298,0.216669999999997,90.0,90.0
30.0,0.0,60.0,0.0,75.8225,98.18875,3.0,4.0,8.421333333333333,0.0,0.0,0.0,0.0,0.0,0.1575,0.0,0.0,0.0,1.0,0.18,-0.12853335632035282,0.0,0.0,10.0,1.0,13.0,12.0,1.0,0.0,0.0,0.0,0.0,0.0,0.0,0.0,0.0,0.0,0.0,0.0,1.0,7.447222222222222,800.0,109.18875,0.4804462678742248,0.1,0.41060606060606064,0.1818699999999977,90.0,90.0
5.0,0.0,160.0,0.0,85.12375,107.35000000000005,13.0,26.0,1.50231707317073,0.12629957130566183,0.0,0.0,0.0,1.416237038066065,0.4675,1.0,21.312,48.996,1.0,0.20525991426113235,-0.11547678579546584,0.16666666666666666,0.0,59.0,18.0,13.0,12.0,1.0,0.0,0.0,0.0,0.0,0.0,0.0,1.0,0.0,0.0,0.0,0.0,0.0,18.516666666666666,1360.0,140.75852747439467,1.0,0.0,0.281060606060606,0.2033800000000331,90.0,90.0
5.0,0.0,160.0,0.0,85.12375,107.35000000000005,13.0,26.0,1.50231707317073,0.12629957130566183,0.0,0.0,0.0,1.416237038066065,0.4675,1.0,21.312,48.996,1.0,0.20525991426113235,-0.11547678579546584,0.16666666666666666,0.0,59.0,18.0,13.0,12.0,1.0,0.0,0.0,0.0,0.0,0.0,0.0,0.0,1.0,0.0,0.0,0.0,0.0,20.77777777777778,1040.0,176.82375000000005,0.5656415490883655,0.3076923076923077,0.31545454545454543,0.6531300000000251,90.0,90.0
5.0,0.0,160.0,0.0,85.12375,107.35000000000005,13.0,26.0,1.50231707317073,0.12629957130566183,0.0,0.0,0.0,1.416237038066065,0.4675,1.0,21.312,48.996,1.0,0.20525991426113235,-0.11547678579546584,0.16666666666666666,0.0,59.0,18.0,13.0,12.0,1.0,0.0,0.0,0.0,0.0,0.0,0.0,0.0,0.0,1.0,0.0,0.0,0.0,17.711111111111112,1520.0,147.12375000000003,0.5727709182206315,0.10526315789473684,0.3761363636363636,0.5414000000000235,90.0,90.0
5.0,0.0,160.0,0.0,85.12375,107.35000000000005,13.0,26.0,1.50231707317073,0.12629957130566183,0.0,0.0,0.0,1.416237038066065,0.4675,1.0,21.312,48.996,1.0,0.20525991426113235,-0.11547678579546584,0.16666666666666666,0.0,59.0,18.0,13.0,12.0,1.0,0.0,0.0,0.0,0.0,0.0,0.0,0.0,0.0,0.0,1.0,0.0,0.0,21.45,919.9999999999999,169.47375000000005,0.5694918015330135,0.043478260869565216,0.281060606060606,0.7062950000000183,90.0,90.0
5.0,0.0,160.0,0.0,85.12375,107.35000000000005,13.0,26.0,1.50231707317073,0.12629957130566183,0.0,0.0,0.0,1.416237038066065,0.4675,1.0,21.312,48.996,1.0,0.20525991426113235,-0.11547678579546584,0.16666666666666666,0.0,59.0,18.0,13.0,12.0,1.0,0.0,0.0,0.0,0.0,0.0,0.0,0.0,0.0,0.0,0.0,1.0,0.0,19.294444444444444,1120.0,179.77375000000006,0.5573394582404438,0.42857142857142855,0.44025974025974024,0.6044600000000313,90.0,90.0
5.0,0.0,160.0,0.0,85.12375,107.35000000000005,13.0,26.0,1.50231707317073,0.12629957130566183,0.0,0.0,0.0,1.416237038066065,0.4675,1.0,21.312,48.996,1.0,0.20525991426113235,-0.11547678579546584,0.16666666666666666,0.0,59.0,18.0,13.0,12.0,1.0,0.0,0.0,0.0,0.0,0.0,0.0,0.0,0.0,0.0,0.0,0.0,1.0,18.891666666666666,1240.0,153.2787500000001,0.5755610189084351,0.03225806451612903,0.4298701298701298,0.5867500000000206,90.0,90.0
15.0,0.0,150.0,0.0,92.985,120.20000000000005,12.0,28.0,0.7534186046511626,0.22038549803709392,0.0,0.2628787878787878,0.0,1.5492993578846697,0.5025757575757576,1.0,35.891999999999996,82.62,0.0,0.08876649354681272,-0.12765907545089963,0.14285714285714285,0.0,63.0,20.0,13.0,12.0,1.0,0.0,0.0,0.0,0.0,0.0,0.0,1.0,0.0,0.0,0.0,0.0,0.0,25.833333333333332,360.0,209.0662500000001,0.310335163968564,0.3333333333333333,0.45,0.9648749999998905,90.0,90.0
15.0,0.0,150.0,0.0,92.985,120.20000000000005,12.0,28.0,0.7534186046511626,0.22038549803709392,0.0,0.2628787878787878,0.0,1.5492993578846697,0.5025757575757576,1.0,35.891999999999996,82.62,0.0,0.08876649354681272,-0.12765907545089963,0.14285714285714285,0.0,63.0,20.0,13.0,12.0,1.0,0.0,0.0,0.0,0.0,0.0,0.0,0.0,1.0,0.0,0.0,0.0,0.0,21.205555555555556,1040.0,182.12625000000006,0.5656415490883655,0.23076923076923078,0.31545454545454543,0.6583150000000038,90.0,90.0
15.0,0.0,150.0,0.0,92.985,120.20000000000005,12.0,28.0,0.7534186046511626,0.22038549803709392,0.0,0.2628787878787878,0.0,1.5492993578846697,0.5025757575757576,1.0,35.891999999999996,82.62,0.0,0.08876649354681272,-0.12765907545089963,0.14285714285714285,0.0,63.0,20.0,13.0,12.0,1.0,0.0,0.0,0.0,0.0,0.0,0.0,0.0,0.0,1.0,0.0,0.0,0.0,16.816666666666666,1560.0,144.44625000000005,0.5711938165225,0.02564102564102564,0.2972727272727273,0.5141100000000056,90.0,90.0
15.0,0.0,150.0,0.0,92.985,120.20000000000005,12.0,28.0,0.7534186046511626,0.22038549803709392,0.0,0.2628787878787878,0.0,1.5492993578846697,0.5025757575757576,1.0,35.891999999999996,82.62,0.0,0.08876649354681272,-0.12765907545089963,0.14285714285714285,0.0,63.0,20.0,13.0,12.0,1.0,0.0,0.0,0.0,0.0,0.0,0.0,0.0,0.0,0.0,1.0,0.0,0.0,22.305555555555557,919.9999999999999,180.81625000000005,0.3944409881289686,0.043478260869565216,0.31545454545454543,0.7224399999999764,90.0,90.0
15.0,0.0,150.0,0.0,92.985,120.20000000000005,12.0,28.0,0.7534186046511626,0.22038549803709392,0.0,0.2628787878787878,0.0,1.5492993578846697,0.5025757575757576,1.0,35.891999999999996,82.62,0.0,0.08876649354681272,-0.12765907545089963,0.14285714285714285,0.0,63.0,20.0,13.0,12.0,1.0,0.0,0.0,0.0,0.0,0.0,0.0,0.0,0.0,0.0,0.0,1.0,0.0,21.205555555555556,1040.0,182.12625000000006,0.5653510679189522,0.23076923076923078,0.31545454545454543,0.6583150000000038,90.0,90.0
15.0,0.0,150.0,0.0,92.985,120.20000000000005,12.0,28.0,0.7534186046511626,0.22038549803709392,0.0,0.2628787878787878,0.0,1.5492993578846697,0.5025757575757576,1.0,35.891999999999996,82.62,0.0,0.08876649354681272,-0.12765907545089963,0.14285714285714285,0.0,63.0,20.0,13.0,12.0,1.0,0.0,0.0,0.0,0.0,0.0,0.0,0.0,0.0,0.0,0.0,0.0,1.0,21.02777777777778,1080.0,162.94375000000008,0.5749738784488695,0.1111111111111111,0.48181818181818176,0.6585299999999963,90.0,90.0
30.0,0.0,135.0,0.0,51.882500000000114,129.61750000000004,10.0,29.0,1.7995930232557986,0.1335828341408141,0.0,0.0,0.0,2.1873132153075874,0.45,1.0,1.188,2.736,1.0,0.2067165668281628,-0.428292011019283,0.2,0.0,68.0,25.0,13.0,12.0,1.0,0.0,0.0,0.0,0.0,0.0,0.0,1.0,0.0,0.0,0.0,0.0,0.0,26.208333333333332,400.0,231.3512500000001,0.29103585434133816,0.4,0.6,0.977399999999822,90.0,90.0
30.0,0.0,135.0,0.0,51.882500000000114,129.61750000000004,10.0,29.0,1.7995930232557986,0.1335828341408141,0.0,0.0,0.0,2.1873132153075874,0.45,1.0,1.188,2.736,1.0,0.2067165668281628,-0.428292011019283,0.2,0.0,68.0,25.0,13.0,12.0,1.0,0.0,0.0,0.0,0.0,0.0,0.0,0.0,1.0,0.0,0.0,0.0,0.0,21.961111111111112,1040.0,204.3012500000001,0.5626380128561697,0.15384615384615385,0.278030303030303,0.7064249999999286,90.0,90.0
30.0,0.0,135.0,0.0,51.882500000000114,129.61750000000004,10.0,29.0,1.7995930232557986,0.1335828341408141,0.0,0.0,0.0,2.1873132153075874,0.45,1.0,1.188,2.736,1.0,0.2067165668281628,-0.428292011019283,0.2,0.0,68.0,25.0,13.0,12.0,1.0,0.0,0.0,0.0,0.0,0.0,0.0,0.0,0.0,1.0,0.0,0.0,0.0,16.291666666666668,1640.0,154.72375000000008,0.628245419021659,0.07317073170731707,0.41428571428571426,0.4935199999999841,90.0,90.0
30.0,0.0,135.0,0.0,51.882500000000114,129.61750000000004,10.0,29.0,1.7995930232557986,0.1335828341408141,0.0,0.0,0.0,2.1873132153075874,0.45,1.0,1.188,2.736,1.0,0.2067165668281628,-0.428292011019283,0.2,0.0,68.0,25.0,13.0,12.0,1.0,0.0,0.0,0.0,0.0,0.0,0.0,0.0,0.0,0.0,1.0,0.0,0.0,20.05,1160.0,185.15125000000006,0.627023579398308,0.034482758620689655,0.25681818181818183,0.6155499999999579,90.0,90.0
30.0,0.0,135.0,0.0,51.882500000000114,129.61750000000004,10.0,29.0,1.7995930232557986,0.1335828341408141,0.0,0.0,0.0,2.1873132153075874,0.45,1.0,1.188,2.736,1.0,0.2067165668281628,-0.428292011019283,0.2,0.0,68.0,25.0,13.0,12.0,1.0,0.0,0.0,0.0,0.0,0.0,0.0,0.0,0.0,0.0,0.0,1.0,0.0,21.961111111111112,1040.0,204.3012500000001,0.5624711130069694,0.15384615384615385,0.278030303030303,0.7064249999999286,90.0,90.0
30.0,0.0,135.0,0.0,51.882500000000114,129.61750000000004,10.0,29.0,1.7995930232557986,0.1335828341408141,0.0,0.0,0.0,2.1873132153075874,0.45,1.0,1.188,2.736,1.0,0.2067165668281628,-0.428292011019283,0.2,0.0,68.0,25.0,13.0,12.0,1.0,0.0,0.0,0.0,0.0,0.0,0.0,0.0,0.0,0.0,0.0,0.0,1.0,22.477777777777778,1000.0,204.3012500000001,0.5614296290978152,0.12,0.2871212121212121,0.7189549999999238,90.0,90.0
115.0,0.0,50.0,0.0,99.265,192.69000000000008,10.0,42.0,0.9019090909090872,0.146698234610351,0.0,0.0,0.0,1.3064688965131326,0.45,0.9761904761904762,40.068,92.304,1.0,0.2093396469220702,-0.31999794488876726,0.0,0.0,104.0,49.0,13.0,12.0,1.0,0.0,0.0,0.0,0.0,0.0,0.0,1.0,0.0,0.0,0.0,0.0,0.0,29.794444444444444,280.0,238.9950000000001,0.4491542638050493,0.14285714285714285,0.5142857142857142,1.156314999999752,165.5,165.5
115.0,0.0,50.0,0.0,99.265,192.69000000000008,10.0,42.0,0.9019090909090872,0.146698234610351,0.0,0.0,0.0,1.3064688965131326,0.45,0.9761904761904762,40.068,92.304,1.0,0.2093396469220702,-0.31999794488876726,0.0,0.0,104.0,49.0,13.0,12.0,1.0,0.0,0.0,0.0,0.0,0.0,0.0,0.0,1.0,0.0,0.0,0.0,0.0,26.633333333333333,640.0,224.6950000000001,0.49018964202654136,0.125,0.45,0.9850349999996957,165.5,165.5
115.0,0.0,50.0,0.0,99.265,192.69000000000008,10.0,42.0,0.9019090909090872,0.146698234610351,0.0,0.0,0.0,1.3064688965131326,0.45,0.9761904761904762,40.068,92.304,1.0,0.2093396469220702,-0.31999794488876726,0.0,0.0,104.0,49.0,13.0,12.0,1.0,0.0,0.0,0.0,0.0,0.0,0.0,0.0,0.0,1.0,0.0,0.0,0.0,24.322222222222223,880.0,217.34500000000014,0.5716713584251228,0.18181818181818182,0.34090909090909094,0.9064949999996923,165.5,165.5
115.0,0.0,50.0,0.0,99.265,192.69000000000008,10.0,42.0,0.9019090909090872,0.146698234610351,0.0,0.0,0.0,1.3064688965131326,0.45,0.9761904761904762,40.068,92.304,1.0,0.2093396469220702,-0.31999794488876726,0.0,0.0,104.0,49.0,13.0,12.0,1.0,0.0,0.0,0.0,0.0,0.0,0.0,0.0,0.0,0.0,1.0,0.0,0.0,24.59722222222222,800.0,220.29500000000013,0.5646523554534478,0.2,0.49740259740259735,0.9133599999996851,165.5,165.5
115.0,0.0,50.0,0.0,99.265,192.69000000000008,10.0,42.0,0.9019090909090872,0.146698234610351,0.0,0.0,0.0,1.3064688965131326,0.45,0.9761904761904762,40.068,92.304,1.0,0.2093396469220702,-0.31999794488876726,0.0,0.0,104.0,49.0,13.0,12.0,1.0,0.0,0.0,0.0,0.0,0.0,0.0,0.0,0.0,0.0,0.0,1.0,0.0,26.633333333333333,640.0,224.6950000000001,0.49018964202978155,0.125,0.45,0.9850349999996957,165.5,165.5
115.0,0.0,50.0,0.0,99.265,192.69000000000008,10.0,42.0,0.9019090909090872,0.146698234610351,0.0,0.0,0.0,1.3064688965131326,0.45,0.9761904761904762,40.068,92.304,1.0,0.2093396469220702,-0.31999794488876726,0.0,0.0,104.0,49.0,13.0,12.0,1.0,0.0,0.0,0.0,0.0,0.0,0.0,0.0,0.0,0.0,0.0,0.0,1.0,23.783333333333335,840.0,217.34500000000014,0.625198646524319,0.14285714285714285,0.5742424242424242,0.8727049999996845,165.5,165.5
115.0,0.0,50.0,0.0,99.265,192.69000000000008,10.0,42.0,0.9019090909090872,0.146698234610351,0.0,0.0,0.0,1.3064688965131326,0.45,0.9761904761904762,40.068,92.304,1.0,0.2093396469220702,-0.31999794488876726,0.0,0.0,104.0,49.0,13.0,12.0,1.0,0.0,0.0,0.0,0.0,0.0,0.0,1.0,0.0,0.0,0.0,0.0,0.0,29.794444444444444,280.0,238.9950000000001,0.4491542638050493,0.14285714285714285,0.5142857142857142,1.156314999999752,165.5,165.5
115.0,0.0,50.0,0.0,99.265,192.69000000000008,10.0,42.0,0.9019090909090872,0.146698234610351,0.0,0.0,0.0,1.3064688965131326,0.45,0.9761904761904762,40.068,92.304,1.0,0.2093396469220702,-0.31999794488876726,0.0,0.0,104.0,49.0,13.0,12.0,1.0,0.0,0.0,0.0,0.0,0.0,0.0,0.0,1.0,0.0,0.0,0.0,0.0,26.633333333333333,640.0,224.6950000000001,0.49018964202654136,0.125,0.45,0.9850349999996957,165.5,165.5
115.0,0.0,50.0,0.0,99.265,192.69000000000008,10.0,42.0,0.9019090909090872,0.146698234610351,0.0,0.0,0.0,1.3064688965131326,0.45,0.9761904761904762,40.068,92.304,1.0,0.2093396469220702,-0.31999794488876726,0.0,0.0,104.0,49.0,13.0,12.0,1.0,0.0,0.0,0.0,0.0,0.0,0.0,0.0,0.0,1.0,0.0,0.0,0.0,24.322222222222223,880.0,217.34500000000014,0.5716713584251228,0.18181818181818182,0.34090909090909094,0.9064949999996923,165.5,165.5
115.0,0.0,50.0,0.0,99.265,192.69000000000008,10.0,42.0,0.9019090909090872,0.146698234610351,0.0,0.0,0.0,1.3064688965131326,0.45,0.9761904761904762,40.068,92.304,1.0,0.2093396469220702,-0.31999794488876726,0.0,0.0,104.0,49.0,13.0,12.0,1.0,0.0,0.0,0.0,0.0,0.0,0.0,0.0,0.0,0.0,1.0,0.0,0.0,24.59722222222222,800.0,220.29500000000013,0.5646523554534478,0.2,0.49740259740259735,0.9133599999996851,165.5,165.5
115.0,0.0,50.0,0.0,99.265,192.69000000000008,10.0,42.0,0.9019090909090872,0.146698234610351,0.0,0.0,0.0,1.3064688965131326,0.45,0.9761904761904762,40.068,92.304,1.0,0.2093396469220702,-0.31999794488876726,0.0,0.0,104.0,49.0,13.0,12.0,1.0,0.0,0.0,0.0,0.0,0.0,0.0,0.0,0.0,0.0,0.0,1.0,0.0,26.633333333333333,640.0,224.6950000000001,0.49018964202978155,0.125,0.45,0.9850349999996957,165.5,165.5
115.0,0.0,50.0,0.0,99.265,192.69000000000008,10.0,42.0,0.9019090909090872,0.146698234610351,0.0,0.0,0.0,1.3064688965131326,0.45,0.9761904761904762,40.068,92.304,1.0,0.2093396469220702,-0.31999794488876726,0.0,0.0,104.0,49.0,13.0,12.0,1.0,0.0,0.0,0.0,0.0,0.0,0.0,0.0,0.0,0.0,0.0,0.0,1.0,23.783333333333335,840.0,217.34500000000014,0.625198646524319,0.14285714285714285,0.5742424242424242,0.8727049999996845,165.5,165.5
115.0,0.0,50.0,0.0,99.265,192.69000000000008,10.0,42.0,0.9019090909090872,0.146698234610351,0.0,0.0,0.0,1.3064688965131326,0.45,0.9761904761904762,40.068,92.304,1.0,0.2093396469220702,-0.31999794488876726,0.0,0.0,104.0,49.0,13.0,12.0,1.0,0.0,0.0,0.0,0.0,0.0,0.0,1.0,0.0,0.0,0.0,0.0,0.0,29.794444444444444,280.0,238.9950000000001,0.4491542638050493,0.14285714285714285,0.5142857142857142,1.156314999999752,165.5,165.5
115.0,0.0,50.0,0.0,99.265,192.69000000000008,10.0,42.0,0.9019090909090872,0.146698234610351,0.0,0.0,0.0,1.3064688965131326,0.45,0.9761904761904762,40.068,92.304,1.0,0.2093396469220702,-0.31999794488876726,0.0,0.0,104.0,49.0,13.0,12.0,1.0,0.0,0.0,0.0,0.0,0.0,0.0,0.0,1.0,0.0,0.0,0.0,0.0,26.633333333333333,640.0,224.6950000000001,0.49018964202654136,0.125,0.45,0.9850349999996957,165.5,165.5
115.0,0.0,50.0,0.0,99.265,192.69000000000008,10.0,42.0,0.9019090909090872,0.146698234610351,0.0,0.0,0.0,1.3064688965131326,0.45,0.9761904761904762,40.068,92.304,1.0,0.2093396469220702,-0.31999794488876726,0.0,0.0,104.0,49.0,13.0,12.0,1.0,0.0,0.0,0.0,0.0,0.0,0.0,0.0,0.0,1.0,0.0,0.0,0.0,24.322222222222223,880.0,217.34500000000014,0.5716713584251228,0.18181818181818182,0.34090909090909094,0.9064949999996923,165.5,165.5
115.0,0.0,50.0,0.0,99.265,192.69000000000008,10.0,42.0,0.9019090909090872,0.146698234610351,0.0,0.0,0.0,1.3064688965131326,0.45,0.9761904761904762,40.068,92.304,1.0,0.2093396469220702,-0.31999794488876726,0.0,0.0,104.0,49.0,13.0,12.0,1.0,0.0,0.0,0.0,0.0,0.0,0.0,0.0,0.0,0.0,1.0,0.0,0.0,24.59722222222222,800.0,220.29500000000013,0.5646523554534478,0.2,0.49740259740259735,0.9133599999996851,165.5,165.5
115.0,0.0,50.0,0.0,99.265,192.69000000000008,10.0,42.0,0.9019090909090872,0.146698234610351,0.0,0.0,0.0,1.3064688965131326,0.45,0.9761904761904762,40.068,92.304,1.0,0.2093396469220702,-0.31999794488876726,0.0,0.0,104.0,49.0,13.0,12.0,1.0,0.0,0.0,0.0,0.0,0.0,0.0,0.0,0.0,0.0,0.0,1.0,0.0,26.633333333333333,640.0,224.6950000000001,0.49018964202978155,0.125,0.45,0.9850349999996957,165.5,165.5
115.0,0.0,50.0,0.0,99.265,192.69000000000008,10.0,42.0,0.9019090909090872,0.146698234610351,0.0,0.0,0.0,1.3064688965131326,0.45,0.9761904761904762,40.068,92.304,1.0,0.2093396469220702,-0.31999794488876726,0.0,0.0,104.0,49.0,13.0,12.0,1.0,0.0,0.0,0.0,0.0,0.0,0.0,0.0,0.0,0.0,0.0,0.0,1.0,23.783333333333335,840.0,217.34500000000014,0.625198646524319,0.14285714285714285,0.5742424242424242,0.8727049999996845,165.5,165.5
30.0,0.0,0.0,0.0,98.3325,251.3525000000001,14.0,54.0,0.6214436619718345,0.16893537876080805,0.0,0.0,0.0,1.251440399429619,0.45,0.9622641509433962,49.86,114.804,0.0,0.03378707575216161,-0.437593834451006,0.125,0.0,141.0,70.0,13.0,12.0,1.0,0.0,0.0,0.0,0.0,0.0,0.0,1.0,0.0,0.0,0.0,0.0,0.0,31.733333333333334,1680.0,256.20625000000007,1.0,0.047619047619047616,0.6,0.030695000000008132,90.0,90.0
30.0,0.0,0.0,0.0,98.3325,251.3525000000001,14.0,54.0,0.6214436619718345,0.16893537876080805,0.0,0.0,0.0,1.251440399429619,0.45,0.9622641509433962,49.86,114.804,0.0,0.03378707575216161,-0.437593834451006,0.125,0.0,141.0,70.0,13.0,12.0,1.0,0.0,0.0,0.0,0.0,0.0,0.0,0.0,1.0,0.0,0.0,0.0,0.0,37.62777777777778,1120.0,285.55500000000006,0.7438547731014471,0.21428571428571427,0.3,1.1770750000003871,90.0,90.0
30.0,0.0,0.0,0.0,98.3325,251.3525000000001,14.0,54.0,0.6214436619718345,0.16893537876080805,0.0,0.0,0.0,1.251440399429619,0.45,0.9622641509433962,49.86,114.804,0.0,0.03378707575216161,-0.437593834451006,0.125,0.0,141.0,70.0,13.0,12.0,1.0,0.0,0.0,0.0,0.0,0.0,0.0,0.0,0.0,1.0,0.0,0.0,0.0,34.65277777777778,1320.0,256.20625000000007,0.5745225402377276,0.09090909090909091,0.7200000000000001,1.0287100000003515,90.0,90.0
30.0,0.0,0.0,0.0,98.3325,251.3525000000001,14.0,54.0,0.6214436619718345,0.16893537876080805,0.0,0.0,0.0,1.251440399429619,0.45,0.9622641509433962,49.86,114.804,0.0,0.03378707575216161,-0.437593834451006,0.125,0.0,141.0,70.0,13.0,12.0,1.0,0.0,0.0,0.0,0.0,0.0,0.0,0.0,0.0,0.0,1.0,0.0,0.0,37.425,1000.0,274.85500000000013,0.7550770318159161,0.04,0.36000000000000004,1.1321400000003852,90.0,90.0
30.0,0.0,0.0,0.0,98.3325,251.3525000000001,14.0,54.0,0.6214436619718345,0.16893537876080805,0.0,0.0,0.0,1.251440399429619,0.45,0.9622641509433962,49.86,114.804,0.0,0.03378707575216161,-0.437593834451006,0.125,0.0,141.0,70.0,13.0,12.0,1.0,0.0,0.0,0.0,0.0,0.0,0.0,0.0,0.0,0.0,0.0,1.0,0.0,37.62777777777778,1120.0,285.55500000000006,0.7436918830767535,0.21428571428571427,0.3,1.1770750000003871,90.0,90.0
30.0,0.0,0.0,0.0,98.3325,251.3525000000001,14.0,54.0,0.6214436619718345,0.16893537876080805,0.0,0.0,0.0,1.251440399429619,0.45,0.9622641509433962,49.86,114.804,0.0,0.03378707575216161,-0.437593834451006,0.125,0.0,141.0,70.0,13.0,12.0,1.0,0.0,0.0,0.0,0.0,0.0,0.0,0.0,0.0,0.0,0.0,0.0,1.0,37.74166666666667,1040.0,280.20500000000004,0.563982014280465,0.07692307692307693,0.36000000000000004,1.166900000000377,90.0,90.0
30.0,0.0,0.0,0.0,98.3325,251.3525000000001,14.0,54.0,0.6214436619718345,0.16893537876080805,0.0,0.0,0.0,1.251440399429619,0.45,0.9622641509433962,49.86,114.804,0.0,0.03378707575216161,-0.437593834451006,0.125,0.0,141.0,70.0,13.0,12.0,1.0,0.0,0.0,0.0,0.0,0.0,0.0,1.0,0.0,0.0,0.0,0.0,0.0,31.733333333333334,1680.0,256.20625000000007,1.0,0.047619047619047616,0.6,0.030695000000008132,90.0,90.0
30.0,0.0,0.0,0.0,98.3325,251.3525000000001,14.0,54.0,0.6214436619718345,0.16893537876080805,0.0,0.0,0.0,1.251440399429619,0.45,0.9622641509433962,49.86,114.804,0.0,0.03378707575216161,-0.437593834451006,0.125,0.0,141.0,70.0,13.0,12.0,1.0,0.0,0.0,0.0,0.0,0.0,0.0,0.0,1.0,0.0,0.0,0.0,0.0,37.62777777777778,1120.0,285.55500000000006,0.7438547731014471,0.21428571428571427,0.3,1.1770750000003871,90.0,90.0
30.0,0.0,0.0,0.0,98.3325,251.3525000000001,14.0,54.0,0.6214436619718345,0.16893537876080805,0.0,0.0,0.0,1.251440399429619,0.45,0.9622641509433962,49.86,114.804,0.0,0.03378707575216161,-0.437593834451006,0.125,0.0,141.0,70.0,13.0,12.0,1.0,0.0,0.0,0.0,0.0,0.0,0.0,0.0,0.0,1.0,0.0,0.0,0.0,34.65277777777778,1320.0,256.20625000000007,0.5745225402377276,0.09090909090909091,0.7200000000000001,1.0287100000003515,90.0,90.0
30.0,0.0,0.0,0.0,98.3325,251.3525000000001,14.0,54.0,0.6214436619718345,0.16893537876080805,0.0,0.0,0.0,1.251440399429619,0.45,0.9622641509433962,49.86,114.804,0.0,0.03378707575216161,-0.437593834451006,0.125,0.0,141.0,70.0,13.0,12.0,1.0,0.0,0.0,0.0,0.0,0.0,0.0,0.0,0.0,0.0,1.0,0.0,0.0,37.425,1000.0,274.85500000000013,0.7550770318159161,0.04,0.36000000000000004,1.1321400000003852,90.0,90.0
30.0,0.0,0.0,0.0,98.3325,251.3525000000001,14.0,54.0,0.6214436619718345,0.16893537876080805,0.0,0.0,0.0,1.251440399429619,0.45,0.9622641509433962,49.86,114.804,0.0,0.03378707575216161,-0.437593834451006,0.125,0.0,141.0,70.0,13.0,12.0,1.0,0.0,0.0,0.0,0.0,0.0,0.0,0.0,0.0,0.0,0.0,1.0,0.0,37.62777777777778,1120.0,285.55500000000006,0.7436918830767535,0.21428571428571427,0.3,1.1770750000003871,90.0,90.0
30.0,0.0,0.0,0.0,98.3325,251.3525000000001,14.0,54.0,0.6214436619718345,0.16893537876080805,0.0,0.0,0.0,1.251440399429619,0.45,0.9622641509433962,49.86,114.804,0.0,0.03378707575216161,-0.437593834451006,0.125,0.0,141.0,70.0,13.0,12.0,1.0,0.0,0.0,0.0,0.0,0.0,0.0,0.0,0.0,0.0,0.0,0.0,1.0,37.74166666666667,1040.0,280.20500000000004,0.563982014280465,0.07692307692307693,0.36000000000000004,1.166900000000377,90.0,90.0
30.0,0.0,0.0,0.0,98.3325,251.3525000000001,14.0,54.0,0.6214436619718345,0.16893537876080805,0.0,0.0,0.0,1.251440399429619,0.45,0.9622641509433962,49.86,114.804,0.0,0.03378707575216161,-0.437593834451006,0.125,0.0,141.0,70.0,13.0,12.0,1.0,0.0,0.0,0.0,0.0,0.0,0.0,1.0,0.0,0.0,0.0,0.0,0.0,31.733333333333334,1680.0,256.20625000000007,1.0,0.047619047619047616,0.6,0.030695000000008132,90.0,90.0
30.0,0.0,0.0,0.0,98.3325,251.3525000000001,14.0,54.0,0.6214436619718345,0.16893537876080805,0.0,0.0,0.0,1.251440399429619,0.45,0.9622641509433962,49.86,114.804,0.0,0.03378707575216161,-0.437593834451006,0.125,0.0,141.0,70.0,13.0,12.0,1.0,0.0,0.0,0.0,0.0,0.0,0.0,0.0,1.0,0.0,0.0,0.0,0.0,37.62777777777778,1120.0,285.55500000000006,0.7438547731014471,0.21428571428571427,0.3,1.1770750000003871,90.0,90.0
30.0,0.0,0.0,0.0,98.3325,251.3525000000001,14.0,54.0,0.6214436619718345,0.16893537876080805,0.0,0.0,0.0,1.251440399429619,0.45,0.9622641509433962,49.86,114.804,0.0,0.03378707575216161,-0.437593834451006,0.125,0.0,141.0,70.0,13.0,12.0,1.0,0.0,0.0,0.0,0.0,0.0,0.0,0.0,0.0,1.0,0.0,0.0,0.0,34.65277777777778,1320.0,256.20625000000007,0.5745225402377276,0.09090909090909091,0.7200000000000001,1.0287100000003515,90.0,90.0
30.0,0.0,0.0,0.0,98.3325,251.3525000000001,14.0,54.0,0.6214436619718345,0.16893537876080805,0.0,0.0,0.0,1.251440399429619,0.45,0.9622641509433962,49.86,114.804,0.0,0.03378707575216161,-0.437593834451006,0.125,0.0,141.0,70.0,13.0,12.0,1.0,0.0,0.0,0.0,0.0,0.0,0.0,0.0,0.0,0.0,1.0,0.0,0.0,37.425,1000.0,274.85500000000013,0.7550770318159161,0.04,0.36000000000000004,1.1321400000003852,90.0,90.0
30.0,0.0,0.0,0.0,98.3325,251.3525000000001,14.0,54.0,0.6214436619718345,0.16893537876080805,0.0,0.0,0.0,1.251440399429619,0.45,0.9622641509433962,49.86,114.804,0.0,0.03378707575216161,-0.437593834451006,0.125,0.0,141.0,70.0,13.0,12.0,1.0,0.0,0.0,0.0,0.0,0.0,0.0,0.0,0.0,0.0,0.0,1.0,0.0,37.62777777777778,1120.0,285.55500000000006,0.7436918830767535,0.21428571428571427,0.3,1.1770750000003871,90.0,90.0
30.0,0.0,0.0,0.0,98.3325,251.3525000000001,14.0,54.0,0.6214436619718345,0.16893537876080805,0.0,0.0,0.0,1.251440399429619,0.45,0.9622641509433962,49.86,114.804,0.0,0.03378707575216161,-0.437593834451006,0.125,0.0,141.0,70.0,13.0,12.0,1.0,0.0,0.0,0.0,0.0,0.0,0.0,0.0,0.0,0.0,0.0,0.0,1.0,37.74166666666667,1040.0,280.20500000000004,0.563982014280465,0.07692307692307693,0.36000000000000004,1.166900000000377,90.0,90.0
150.0,0.0,0.0,0.0,101.91500000000008,271.5200000000001,23.0,61.0,1.4643055555555466,0.23113167983899063,0.0,0.225,0.0,1.5303713069841303,0.495,0.9344262295081968,52.236000000000004,120.20400000000001,0.0,0.08447633596779813,-0.45417542544217854,0.25,0.0,194.0,104.0,13.0,12.0,1.0,0.0,0.0,0.0,0.0,0.0,0.0,1.0,0.0,0.0,0.0,0.0,0.0,38.1,1920.0,282.9475000000001,1.0,0.0625,0.3,0.007089999999991825,60.0,60.0
150.0,0.0,0.0,0.0,101.91500000000008,271.5200000000001,23.0,61.0,1.4643055555555466,0.23113167983899063,0.0,0.225,0.0,1.5303713069841303,0.495,0.9344262295081968,52.236000000000004,120.20400000000001,0.0,0.08447633596779813,-0.45417542544217854,0.25,0.0,194.0,104.0,13.0,12.0,1.0,0.0,0.0,0.0,0.0,0.0,0.0,0.0,1.0,0.0,0.0,0.0,0.0,43.97083333333333,1140.0,287.67100000000005,0.4031742806161428,0.2631578947368421,0.36000000000000004,0.9093399999990366,60.0,60.0
150.0,0.0,0.0,0.0,101.91500000000008,271.5200000000001,23.0,61.0,1.4643055555555466,0.23113167983899063,0.0,0.225,0.0,1.5303713069841303,0.495,0.9344262295081968,52.236000000000004,120.20400000000001,0.0,0.08447633596779813,-0.45417542544217854,0.25,0.0,194.0,104.0,13.0,12.0,1.0,0.0,0.0,0.0,0.0,0.0,0.0,0.0,0.0,1.0,0.0,0.0,0.0,40.545833333333334,1680.0,282.9475000000001,0.6280786150631728,0.42857142857142855,0.36000000000000004,0.7934949999991732,60.0,60.0
150.0,0.0,0.0,0.0,101.91500000000008,271.5200000000001,23.0,61.0,1.4643055555555466,0.23113167983899063,0.0,0.225,0.0,1.5303713069841303,0.495,0.9344262295081968,52.236000000000004,120.20400000000001,0.0,0.08447633596779813,-0.45417542544217854,0.25,0.0,194.0,104.0,13.0,12.0,1.0,0.0,0.0,0.0,0.0,0.0,0.0,0.0,0.0,0.0,1.0,0.0,0.0,43.291666666666664,1200.0,284.29350000000005,0.39853447839418,0.4,0.45,0.892689999999055,60.0,60.0
150.0,0.0,0.0,0.0,101.91500000000008,271.5200000000001,23.0,61.0,1.4643055555555466,0.23113167983899063,0.0,0.225,0.0,1.5303713069841303,0.495,0.9344262295081968,52.236000000000004,120.20400000000001,0.0,0.08447633596779813,-0.45417542544217854,0.25,0.0,194.0,104.0,13.0,12.0,1.0,0.0,0.0,0.0,0.0,0.0,0.0,0.0,0.0,0.0,0.0,1.0,0.0,43.97083333333333,1140.0,287.67100000000005,0.4027692708883943,0.2631578947368421,0.36000000000000004,0.9093399999990366,60.0,60.0
150.0,0.0,0.0,0.0,101.91500000000008,271.5200000000001,23.0,61.0,1.4643055555555466,0.23113167983899063,0.0,0.225,0.0,1.5303713069841303,0.495,0.9344262295081968,52.236000000000004,120.20400000000001,0.0,0.08447633596779813,-0.45417542544217854,0.25,0.0,194.0,104.0,13.0,12.0,1.0,0.0,0.0,0.0,0.0,0.0,0.0,0.0,0.0,0.0,0.0,0.0,1.0,41.4875,1500.0,285.9150000000001,0.6337339430520957,0.2,0.5142857142857142,0.8315449999991511,60.0,60.0
150.0,0.0,0.0,0.0,101.91500000000008,271.5200000000001,23.0,61.0,1.4643055555555466,0.23113167983899063,0.0,0.225,0.0,1.5303713069841303,0.495,0.9344262295081968,52.236000000000004,120.20400000000001,0.0,0.08447633596779813,-0.45417542544217854,0.25,0.0,194.0,104.0,13.0,12.0,1.0,0.0,0.0,0.0,0.0,0.0,0.0,1.0,0.0,0.0,0.0,0.0,0.0,38.1,1920.0,282.9475000000001,1.0,0.0625,0.3,0.007089999999991825,60.0,60.0
150.0,0.0,0.0,0.0,101.91500000000008,271.5200000000001,23.0,61.0,1.4643055555555466,0.23113167983899063,0.0,0.225,0.0,1.5303713069841303,0.495,0.9344262295081968,52.236000000000004,120.20400000000001,0.0,0.08447633596779813,-0.45417542544217854,0.25,0.0,194.0,104.0,13.0,12.0,1.0,0.0,0.0,0.0,0.0,0.0,0.0,0.0,1.0,0.0,0.0,0.0,0.0,43.97083333333333,1140.0,287.67100000000005,0.4031742806161428,0.2631578947368421,0.36000000000000004,0.9093399999990366,60.0,60.0
150.0,0.0,0.0,0.0,101.91500000000008,271.5200000000001,23.0,61.0,1.4643055555555466,0.23113167983899063,0.0,0.225,0.0,1.5303713069841303,0.495,0.9344262295081968,52.236000000000004,120.20400000000001,0.0,0.08447633596779813,-0.45417542544217854,0.25,0.0,194.0,104.0,13.0,12.0,1.0,0.0,0.0,0.0,0.0,0.0,0.0,0.0,0.0,1.0,0.0,0.0,0.0,40.545833333333334,1680.0,282.9475000000001,0.6280786150631728,0.42857142857142855,0.36000000000000004,0.7934949999991732,60.0,60.0
150.0,0.0,0.0,0.0,101.91500000000008,271.5200000000001,23.0,61.0,1.4643055555555466,0.23113167983899063,0.0,0.225,0.0,1.5303713069841303,0.495,0.9344262295081968,52.236000000000004,120.20400000000001,0.0,0.08447633596779813,-0.45417542544217854,0.25,0.0,194.0,104.0,13.0,12.0,1.0,0.0,0.0,0.0,0.0,0.0,0.0,0.0,0.0,0.0,1.0,0.0,0.0,43.291666666666664,1200.0,284.29350000000005,0.39853447839418,0.4,0.45,0.892689999999055,60.0,60.0
150.0,0.0,0.0,0.0,101.91500000000008,271.5200000000001,23.0,61.0,1.4643055555555466,0.23113167983899063,0.0,0.225,0.0,1.5303713069841303,0.495,0.9344262295081968,52.236000000000004,120.20400000000001,0.0,0.08447633596779813,-0.45417542544217854,0.25,0.0,194.0,104.0,13.0,12.0,1.0,0.0,0.0,0.0,0.0,0.0,0.0,0.0,0.0,0.0,0.0,1.0,0.0,43.97083333333333,1140.0,287.67100000000005,0.4027692708883943,0.2631578947368421,0.36000000000000004,0.9093399999990366,60.0,60.0
150.0,0.0,0.0,0.0,101.91500000000008,271.5200000000001,23.0,61.0,1.4643055555555466,0.23113167983899063,0.0,0.225,0.0,1.5303713069841303,0.495,0.9344262295081968,52.236000000000004,120.20400000000001,0.0,0.08447633596779813,-0.45417542544217854,0.25,0.0,194.0,104.0,13.0,12.0,1.0,0.0,0.0,0.0,0.0,0.0,0.0,0.0,0.0,0.0,0.0,0.0,1.0,41.4875,1500.0,285.9150000000001,0.6337339430520957,0.2,0.5142857142857142,0.8315449999991511,60.0,60.0
150.0,0.0,0.0,0.0,101.91500000000008,271.5200000000001,23.0,61.0,1.4643055555555466,0.23113167983899063,0.0,0.225,0.0,1.5303713069841303,0.495,0.9344262295081968,52.236000000000004,120.20400000000001,0.0,0.08447633596779813,-0.45417542544217854,0.25,0.0,194.0,104.0,13.0,12.0,1.0,0.0,0.0,0.0,0.0,0.0,0.0,1.0,0.0,0.0,0.0,0.0,0.0,38.1,1920.0,282.9475000000001,1.0,0.0625,0.3,0.007089999999991825,60.0,60.0
150.0,0.0,0.0,0.0,101.91500000000008,271.5200000000001,23.0,61.0,1.4643055555555466,0.23113167983899063,0.0,0.225,0.0,1.5303713069841303,0.495,0.9344262295081968,52.236000000000004,120.20400000000001,0.0,0.08447633596779813,-0.45417542544217854,0.25,0.0,194.0,104.0,13.0,12.0,1.0,0.0,0.0,0.0,0.0,0.0,0.0,0.0,1.0,0.0,0.0,0.0,0.0,43.97083333333333,1140.0,287.67100000000005,0.4031742806161428,0.2631578947368421,0.36000000000000004,0.9093399999990366,60.0,60.0
150.0,0.0,0.0,0.0,101.91500000000008,271.5200000000001,23.0,61.0,1.4643055555555466,0.23113167983899063,0.0,0.225,0.0,1.5303713069841303,0.495,0.9344262295081968,52.236000000000004,120.20400000000001,0.0,0.08447633596779813,-0.45417542544217854,0.25,0.0,194.0,104.0,13.0,12.0,1.0,0.0,0.0,0.0,0.0,0.0,0.0,0.0,0.0,1.0,0.0,0.0,0.0,40.545833333333334,1680.0,282.9475000000001,0.6280786150631728,0.42857142857142855,0.36000000000000004,0.7934949999991732,60.0,60.0
150.0,0.0,0.0,0.0,101.91500000000008,271.5200000000001,23.0,61.0,1.4643055555555466,0.23113167983899063,0.0,0.225,0.0,1.5303713069841303,0.495,0.9344262295081968,52.236000000000004,120.20400000000001,0.0,0.08447633596779813,-0.45417542544217854,0.25,0.0,194.0,104.0,13.0,12.0,1.0,0.0,0.0,0.0,0.0,0.0,0.0,0.0,0.0,0.0,1.0,0.0,0.0,43.291666666666664,1200.0,284.29350000000005,0.39853447839418,0.4,0.45,0.892689999999055,60.0,60.0
150.0,0.0,0.0,0.0,101.91500000000008,271.5200000000001,23.0,61.0,1.4643055555555466,0.23113167983899063,0.0,0.225,0.0,1.5303713069841303,0.495,0.9344262295081968,52.236000000000004,120.20400000000001,0.0,0.08447633596779813,-0.45417542544217854,0.25,0.0,194.0,104.0,13.0,12.0,1.0,0.0,0.0,0.0,0.0,0.0,0.0,0.0,0.0,0.0,0.0,1.0,0.0,43.97083333333333,1140.0,287.67100000000005,0.4027692708883943,0.2631578947368421,0.36000000000000004,0.9093399999990366,60.0,60.0
150.0,0.0,0.0,0.0,101.91500000000008,271.5200000000001,23.0,61.0,1.4643055555555466,0.23113167983899063,0.0,0.225,0.0,1.5303713069841303,0.495,0.9344262295081968,52.236000000000004,120.20400000000001,0.0,0.08447633596779813,-0.45417542544217854,0.25,0.0,194.0,104.0,13.0,12.0,1.0,0.0,0.0,0.0,0.0,0.0,0.0,0.0,0.0,0.0,0.0,0.0,1.0,41.4875,1500.0,285.9150000000001,0.6337339430520957,0.2,0.5142857142857142,0.8315449999991511,60.0,60.0
5.0,0.0,80.0,0.0,104.65124999999999,96.19875000000002,3.0,3.0,7.481249999999998,0.0,0.0,0.0,0.0,0.0,0.1525,0.0,0.0,0.0,0.0,0.0,0.042083644510828834,0.0,0.0,6.0,0.0,18.0,18.0,0.0,1.0,0.0,0.0,0.0,0.0,0.0,1.0,0.0,0.0,0.0,0.0,0.0,12.375,680.0,114.61749999999999,1.0,0.29411764705882354,0.42467532467532465,0.20037999999999725,90.0,90.0
5.0,0.0,80.0,0.0,104.65124999999999,96.19875000000002,3.0,3.0,7.481249999999998,0.0,0.0,0.0,0.0,0.0,0.1525,0.0,0.0,0.0,0.0,0.0,0.042083644510828834,0.0,0.0,6.0,0.0,18.0,18.0,0.0,1.0,0.0,0.0,0.0,0.0,0.0,0.0,1.0,0.0,0.0,0.0,0.0,10.105555555555556,880.0,114.61749999999999,0.4592463382459405,0.2727272727272727,0.5363636363636364,0.26616499999999865,90.0,90.0
5.0,0.0,80.0,0.0,104.65124999999999,96.19875000000002,3.0,3.0,7.481249999999998,0.0,0.0,0.0,0.0,0.0,0.1525,0.0,0.0,0.0,0.0,0.0,0.042083644510828834,0.0,0.0,6.0,0.0,18.0,18.0,0.0,1.0,0.0,0.0,0.0,0.0,0.0,0.0,0.0,1.0,0.0,0.0,0.0,8.880555555555556,1200.0,114.61749999999999,0.629174929568374,0.0,0.3571428571428571,0.19683499999999765,90.0,90.0
5.0,0.0,80.0,0.0,104.65124999999999,96.19875000000002,3.0,3.0,7.481249999999998,0.0,0.0,0.0,0.0,0.0,0.1525,0.0,0.0,0.0,0.0,0.0,0.042083644510828834,0.0,0.0,6.0,0.0,18.0,18.0,0.0,1.0,0.0,0.0,0.0,0.0,0.0,0.0,0.0,0.0,1.0,0.0,0.0,11.755555555555556,760.0,114.61749999999999,0.3996137502748212,0.15789473684210525,0.2446969696969697,0.31673500000000665,90.0,90.0
5.0,0.0,80.0,0.0,104.65124999999999,96.19875000000002,3.0,3.0,7.481249999999998,0.0,0.0,0.0,0.0,0.0,0.1525,0.0,0.0,0.0,0.0,0.0,0.042083644510828834,0.0,0.0,6.0,0.0,18.0,18.0,0.0,1.0,0.0,0.0,0.0,0.0,0.0,0.0,0.0,0.0,0.0,1.0,0.0,10.105555555555556,880.0,114.61749999999999,0.4587228304655623,0.2727272727272727,0.4409090909090909,0.26616499999999865,90.0,90.0
5.0,0.0,80.0,0.0,104.65124999999999,96.19875000000002,3.0,3.0,7.481249999999998,0.0,0.0,0.0,0.0,0.0,0.1525,0.0,0.0,0.0,0.0,0.0,0.042083644510828834,0.0,0.0,6.0,0.0,18.0,18.0,0.0,1.0,0.0,0.0,0.0,0.0,0.0,0.0,0.0,0.0,0.0,0.0,1.0,11.136111111111111,800.0,114.61749999999999,0.5626130369924134,0.1,0.5164772727272727,0.30004000000000375,90.0,90.0
15.0,0.0,70.0,0.0,93.125,83.095,5.0,3.0,7.737500000000005,0.020291342153679528,0.0,0.0,0.0,1.7346258084778874,0.18000000000000002,1.0,1.188,2.736,2.0,0.3640582684307359,0.05691748950175917,0.0,0.0,11.0,0.0,18.0,18.0,0.0,1.0,0.0,0.0,0.0,0.0,0.0,1.0,0.0,0.0,0.0,0.0,0.0,16.005555555555556,360.0,142.53625000000005,0.49000859156932774,0.5555555555555556,0.5077922077922078,0.6039800000000307,90.0,90.0
15.0,0.0,70.0,0.0,93.125,83.095,5.0,3.0,7.737500000000005,0.020291342153679528,0.0,0.0,0.0,1.7346258084778874,0.18000000000000002,1.0,1.188,2.736,2.0,0.3640582684307359,0.05691748950175917,0.0,0.0,11.0,0.0,18.0,18.0,0.0,1.0,0.0,0.0,0.0,0.0,0.0,0.0,1.0,0.0,0.0,0.0,0.0,11.883333333333333,880.0,114.61749999999999,0.48097136277179536,0.2727272727272727,0.5363636363636364,0.3582000000000132,90.0,90.0
15.0,0.0,70.0,0.0,93.125,83.095,5.0,3.0,7.737500000000005,0.020291342153679528,0.0,0.0,0.0,1.7346258084778874,0.18000000000000002,1.0,1.188,2.736,2.0,0.3640582684307359,0.05691748950175917,0.0,0.0,11.0,0.0,18.0,18.0,0.0,1.0,0.0,0.0,0.0,0.0,0.0,0.0,0.0,1.0,0.0,0.0,0.0,9.022222222222222,1360.0,114.61749999999999,0.604533664695571,0.058823529411764705,0.39350649350649347,0.21762499999999738,90.0,90.0
15.0,0.0,70.0,0.0,93.125,83.095,5.0,3.0,7.737500000000005,0.020291342153679528,0.0,0.0,0.0,1.7346258084778874,0.18000000000000002,1.0,1.188,2.736,2.0,0.3640582684307359,0.05691748950175917,0.0,0.0,11.0,0.0,18.0,18.0,0.0,1.0,0.0,0.0,0.0,0.0,0.0,0.0,0.0,0.0,1.0,0.0,0.0,12.78888888888889,800.0,114.61749999999999,0.49504514940086863,0.2,0.4506493506493506,0.4012150000000199,90.0,90.0
15.0,0.0,70.0,0.0,93.125,83.095,5.0,3.0,7.737500000000005,0.020291342153679528,0.0,0.0,0.0,1.7346258084778874,0.18000000000000002,1.0,1.188,2.736,2.0,0.3640582684307359,0.05691748950175917,0.0,0.0,11.0,0.0,18.0,18.0,0.0,1.0,0.0,0.0,0.0,0.0,0.0,0.0,0.0,0.0,0.0,1.0,0.0,11.883333333333333,880.0,114.61749999999999,0.48097136284819886,0.2727272727272727,0.4409090909090909,0.3582000000000132,90.0,90.0
15.0,0.0,70.0,0.0,93.125,83.095,5.0,3.0,7.737500000000005,0.020291342153679528,0.0,0.0,0.0,1.7346258084778874,0.18000000000000002,1.0,1.188,2.736,2.0,0.3640582684307359,0.05691748950175917,0.0,0.0,11.0,0.0,18.0,18.0,0.0,1.0,0.0,0.0,0.0,0.0,0.0,0.0,0.0,0.0,0.0,0.0,1.0,12.758333333333333,800.0,114.61749999999999,0.49504511562031506,0.2,0.4772727272727272,0.39378500000001876,90.0,90.0
30.0,0.0,55.0,0.0,75.8225,28.707500000000024,7.0,6.0,4.433750000000002,0.11618220419163047,0.0,0.0,0.0,1.6063346006074137,0.29250000000000004,1.0,7.128,16.416,1.0,0.2032364408383261,0.4507318473165595,0.0,0.0,20.0,4.0,18.0,18.0,0.0,1.0,0.0,0.0,0.0,0.0,0.0,1.0,0.0,0.0,0.0,0.0,0.0,14.705555555555556,880.0,125.81500000000003,1.0,0.09090909090909091,0.27499999999999997,0.40879500000002184,90.0,90.0
30.0,0.0,55.0,0.0,75.8225,28.707500000000024,7.0,6.0,4.433750000000002,0.11618220419163047,0.0,0.0,0.0,1.6063346006074137,0.29250000000000004,1.0,7.128,16.416,1.0,0.2032364408383261,0.4507318473165595,0.0,0.0,20.0,4.0,18.0,18.0,0.0,1.0,0.0,0.0,0.0,0.0,0.0,0.0,1.0,0.0,0.0,0.0,0.0,14.875,720.0,136.53500000000005,0.4880559376642299,0.2222222222222222,0.5363636363636364,0.5249100000000344,90.0,90.0
30.0,0.0,55.0,0.0,75.8225,28.707500000000024,7.0,6.0,4.433750000000002,0.11618220419163047,0.0,0.0,0.0,1.6063346006074137,0.29250000000000004,1.0,7.128,16.416,1.0,0.2032364408383261,0.4507318473165595,0.0,0.0,20.0,4.0,18.0,18.0,0.0,1.0,0.0,0.0,0.0,0.0,0.0,0.0,0.0,1.0,0.0,0.0,0.0,9.758333333333333,1320.0,114.61749999999999,0.5893101470441185,0.21212121212121213,0.43454545454545457,0.2749700000000028,90.0,90.0
30.0,0.0,55.0,0.0,75.8225,28.707500000000024,7.0,6.0,4.433750000000002,0.11618220419163047,0.0,0.0,0.0,1.6063346006074137,0.29250000000000004,1.0,7.128,16.416,1.0,0.2032364408383261,0.4507318473165595,0.0,0.0,20.0,4.0,18.0,18.0,0.0,1.0,0.0,0.0,0.0,0.0,0.0,0.0,0.0,0.0,1.0,0.0,0.0,13.525,880.0,121.41500000000003,0.6097084142704401,0.0,0.4755681818181818,0.4614350000000314,90.0,90.0
30.0,0.0,55.0,0.0,75.8225,28.707500000000024,7.0,6.0,4.433750000000002,0.11618220419163047,0.0,0.0,0.0,1.6063346006074137,0.29250000000000004,1.0,7.128,16.416,1.0,0.2032364408383261,0.4507318473165595,0.0,0.0,20.0,4.0,18.0,18.0,0.0,1.0,0.0,0.0,0.0,0.0,0.0,0.0,0.0,0.0,0.0,1.0,0.0,14.875,720.0,136.53500000000005,0.4880559376642299,0.2222222222222222,0.45,0.5249100000000344,90.0,90.0
30.0,0.0,55.0,0.0,75.8225,28.707500000000024,7.0,6.0,4.433750000000002,0.11618220419163047,0.0,0.0,0.0,1.6063346006074137,0.29250000000000004,1.0,7.128,16.416,1.0,0.2032364408383261,0.4507318473165595,0.0,0.0,20.0,4.0,18.0,18.0,0.0,1.0,0.0,0.0,0.0,0.0,0.0,0.0,0.0,0.0,0.0,0.0,1.0,15.0,720.0,131.38500000000005,0.5095510676803868,0.1111111111111111,0.5142857142857142,0.5207800000000344,90.0,90.0
5.0,0.0,125.0,0.0,185.8175,133.84000000000003,38.0,30.0,0.6779861111111111,0.1307710781848935,0.0,0.0,0.0,1.7536934100627355,0.4675,0.9545454545454546,62.748000000000005,144.50400000000002,1.0,0.2061542156369787,0.1626037242986633,0.0,0.0,94.0,22.0,18.0,18.0,0.0,1.0,0.0,0.0,0.0,0.0,0.0,1.0,0.0,0.0,0.0,0.0,0.0,40.208333333333336,1440.0,226.02912490577597,1.0,0.16666666666666666,0.3,0.25831499999991836,90.0,90.0
5.0,0.0,125.0,0.0,185.8175,133.84000000000003,38.0,30.0,0.6779861111111111,0.1307710781848935,0.0,0.0,0.0,1.7536934100627355,0.4675,0.9545454545454546,62.748000000000005,144.50400000000002,1.0,0.2061542156369787,0.1626037242986633,0.0,0.0,94.0,22.0,18.0,18.0,0.0,1.0,0.0,0.0,0.0,0.0,0.0,0.0,1.0,0.0,0.0,0.0,0.0,42.875,1080.0,225.1450000000001,0.5708760992649853,0.4074074074074074,0.6,1.4489249999997718,90.0,90.0
5.0,0.0,125.0,0.0,185.8175,133.84000000000003,38.0,30.0,0.6779861111111111,0.1307710781848935,0.0,0.0,0.0,1.7536934100627355,0.4675,0.9545454545454546,62.748000000000005,144.50400000000002,1.0,0.2061542156369787,0.1626037242986633,0.0,0.0,94.0,22.0,18.0,18.0,0.0,1.0,0.0,0.0,0.0,0.0,0.0,0.0,0.0,1.0,0.0,0.0,0.0,41.08611111111111,1400.0,218.40250000000015,0.6463202840230309,0.2571428571428571,0.5142857142857142,1.341604999999746,90.0,90.0
5.0,0.0,125.0,0.0,185.8175,133.84000000000003,38.0,30.0,0.6779861111111111,0.1307710781848935,0.0,0.0,0.0,1.7536934100627355,0.4675,0.9545454545454546,62.748000000000005,144.50400000000002,1.0,0.2061542156369787,0.1626037242986633,0.0,0.0,94.0,22.0,18.0,18.0,0.0,1.0,0.0,0.0,0.0,0.0,0.0,0.0,0.0,0.0,1.0,0.0,0.0,42.93055555555556,1040.0,239.66500000000008,0.567448710819748,0.15384615384615385,0.3,1.4581049999997742,90.0,90.0
5.0,0.0,125.0,0.0,185.8175,133.84000000000003,38.0,30.0,0.6779861111111111,0.1307710781848935,0.0,0.0,0.0,1.7536934100627355,0.4675,0.9545454545454546,62.748000000000005,144.50400000000002,1.0,0.2061542156369787,0.1626037242986633,0.0,0.0,94.0,22.0,18.0,18.0,0.0,1.0,0.0,0.0,0.0,0.0,0.0,0.0,0.0,0.0,0.0,1.0,0.0,41.422222222222224,1200.0,217.21500000000015,0.5725185479223602,0.3333333333333333,0.6,1.3725799999997528,90.0,90.0
5.0,0.0,125.0,0.0,185.8175,133.84000000000003,38.0,30.0,0.6779861111111111,0.1307710781848935,0.0,0.0,0.0,1.7536934100627355,0.4675,0.9545454545454546,62.748000000000005,144.50400000000002,1.0,0.2061542156369787,0.1626037242986633,0.0,0.0,94.0,22.0,18.0,18.0,0.0,1.0,0.0,0.0,0.0,0.0,0.0,0.0,0.0,0.0,0.0,0.0,1.0,42.855555555555554,1120.0,244.91500000000005,0.6305375864324665,0.0,0.6,1.4373949999997686,90.0,90.0
15.0,0.0,115.0,0.0,192.87000000000006,153.41000000000003,41.0,34.0,0.458787499999994,0.18382556224556254,0.0,0.0,0.0,1.6402050038734055,0.45,0.9466666666666667,69.588,160.236,0.0,0.03676511244911251,0.1139540256439876,0.125,0.0,104.0,24.0,18.0,18.0,0.0,1.0,0.0,0.0,0.0,0.0,0.0,1.0,0.0,0.0,0.0,0.0,0.0,47.525,680.0,263.4256068285089,1.0,0.058823529411764705,0.7714285714285714,1.1778349999997564,90.0,90.0
15.0,0.0,115.0,0.0,192.87000000000006,153.41000000000003,41.0,34.0,0.458787499999994,0.18382556224556254,0.0,0.0,0.0,1.6402050038734055,0.45,0.9466666666666667,69.588,160.236,0.0,0.03676511244911251,0.1139540256439876,0.125,0.0,104.0,24.0,18.0,18.0,0.0,1.0,0.0,0.0,0.0,0.0,0.0,0.0,1.0,0.0,0.0,0.0,0.0,44.30555555555556,1040.0,241.14500000000012,0.5708760992649853,0.3076923076923077,0.6,1.5099399999998606,90.0,90.0
15.0,0.0,115.0,0.0,192.87000000000006,153.41000000000003,41.0,34.0,0.458787499999994,0.18382556224556254,0.0,0.0,0.0,1.6402050038734055,0.45,0.9466666666666667,69.588,160.236,0.0,0.03676511244911251,0.1139540256439876,0.125,0.0,104.0,24.0,18.0,18.0,0.0,1.0,0.0,0.0,0.0,0.0,0.0,0.0,0.0,1.0,0.0,0.0,0.0,42.13055555555555,1520.0,234.33500000000015,0.5780853686909572,0.0,0.6,1.349924999999826,90.0,90.0
15.0,0.0,115.0,0.0,192.87000000000006,153.41000000000003,41.0,34.0,0.458787499999994,0.18382556224556254,0.0,0.0,0.0,1.6402050038734055,0.45,0.9466666666666667,69.588,160.236,0.0,0.03676511244911251,0.1139540256439876,0.125,0.0,104.0,24.0,18.0,18.0,0.0,1.0,0.0,0.0,0.0,0.0,0.0,0.0,0.0,0.0,1.0,0.0,0.0,45.05833333333333,1040.0,240.41625000000008,0.39804748846773674,0.15384615384615385,0.36000000000000004,1.530619999999869,90.0,90.0
15.0,0.0,115.0,0.0,192.87000000000006,153.41000000000003,41.0,34.0,0.458787499999994,0.18382556224556254,0.0,0.0,0.0,1.6402050038734055,0.45,0.9466666666666667,69.588,160.236,0.0,0.03676511244911251,0.1139540256439876,0.125,0.0,104.0,24.0,18.0,18.0,0.0,1.0,0.0,0.0,0.0,0.0,0.0,0.0,0.0,0.0,0.0,1.0,0.0,44.30555555555556,1040.0,241.14500000000012,0.5706111752434521,0.3076923076923077,0.6,1.5099399999998606,90.0,90.0
15.0,0.0,115.0,0.0,192.87000000000006,153.41000000000003,41.0,34.0,0.458787499999994,0.18382556224556254,0.0,0.0,0.0,1.6402050038734055,0.45,0.9466666666666667,69.588,160.236,0.0,0.03676511244911251,0.1139540256439876,0.125,0.0,104.0,24.0,18.0,18.0,0.0,1.0,0.0,0.0,0.0,0.0,0.0,0.0,0.0,0.0,0.0,0.0,1.0,44.361111111111114,1120.0,256.30250000000007,0.6380462196341224,0.21428571428571427,0.5142857142857142,1.491569999999862,90.0,90.0
30.0,0.0,100.0,0.0,210.1500000000001,170.18000000000006,44.0,38.0,0.1903235294117675,0.17024683800342472,0.0,0.0,0.0,1.4806894537136341,0.45,0.9506172839506173,75.63600000000001,174.168,1.0,0.21404936760068494,0.10509294559987382,0.14285714285714285,0.0,115.0,30.0,18.0,18.0,0.0,1.0,0.0,0.0,0.0,0.0,0.0,1.0,0.0,0.0,0.0,0.0,0.0,45.00833333333333,1280.0,237.05945413845333,1.0,0.0625,0.3,0.4600299999998445,90.0,90.0
30.0,0.0,100.0,0.0,210.1500000000001,170.18000000000006,44.0,38.0,0.1903235294117675,0.17024683800342472,0.0,0.0,0.0,1.4806894537136341,0.45,0.9506172839506173,75.63600000000001,174.168,1.0,0.21404936760068494,0.10509294559987382,0.14285714285714285,0.0,115.0,30.0,18.0,18.0,0.0,1.0,0.0,0.0,0.0,0.0,0.0,0.0,1.0,0.0,0.0,0.0,0.0,46.455555555555556,960.0,252.69000000000008,0.5708760992649853,0.25,0.6,1.5557950000000176,90.0,90.0
30.0,0.0,100.0,0.0,210.1500000000001,170.18000000000006,44.0,38.0,0.1903235294117675,0.17024683800342472,0.0,0.0,0.0,1.4806894537136341,0.45,0.9506172839506173,75.63600000000001,174.168,1.0,0.21404936760068494,0.10509294559987382,0.14285714285714285,0.0,115.0,30.0,18.0,18.0,0.0,1.0,0.0,0.0,0.0,0.0,0.0,0.0,0.0,1.0,0.0,0.0,0.0,42.38611111111111,1520.0,229.38250000000016,0.569860672715313,0.05263157894736842,0.45,1.3306749999999696,90.0,90.0
30.0,0.0,100.0,0.0,210.1500000000001,170.18000000000006,44.0,38.0,0.1903235294117675,0.17024683800342472,0.0,0.0,0.0,1.4806894537136341,0.45,0.9506172839506173,75.63600000000001,174.168,1.0,0.21404936760068494,0.10509294559987382,0.14285714285714285,0.0,115.0,30.0,18.0,18.0,0.0,1.0,0.0,0.0,0.0,0.0,0.0,0.0,0.0,0.0,1.0,0.0,0.0,47.50833333333333,919.9999999999999,257.1787500000001,0.45173661009625987,0.043478260869565216,0.36000000000000004,1.6059600000000351,90.0,90.0
30.0,0.0,100.0,0.0,210.1500000000001,170.18000000000006,44.0,38.0,0.1903235294117675,0.17024683800342472,0.0,0.0,0.0,1.4806894537136341,0.45,0.9506172839506173,75.63600000000001,174.168,1.0,0.21404936760068494,0.10509294559987382,0.14285714285714285,0.0,115.0,30.0,18.0,18.0,0.0,1.0,0.0,0.0,0.0,0.0,0.0,0.0,0.0,0.0,0.0,1.0,0.0,46.455555555555556,960.0,252.69000000000008,0.5706144175572877,0.25,0.6,1.5557950000000176,90.0,90.0
30.0,0.0,100.0,0.0,210.1500000000001,170.18000000000006,44.0,38.0,0.1903235294117675,0.17024683800342472,0.0,0.0,0.0,1.4806894537136341,0.45,0.9506172839506173,75.63600000000001,174.168,1.0,0.21404936760068494,0.10509294559987382,0.14285714285714285,0.0,115.0,30.0,18.0,18.0,0.0,1.0,0.0,0.0,0.0,0.0,0.0,0.0,0.0,0.0,0.0,0.0,1.0,47.78333333333333,880.0,258.2137500000001,0.39019636173545474,0.0,0.5142857142857142,1.6101550000000313,90.0,90.0
95.0,0.0,35.0,0.0,222.84500000000014,222.36875000000015,49.0,48.0,0.5253282828282773,0.2625770773544619,0.0,0.0,0.0,1.1128989894765102,0.45,0.9166666666666666,42.047999999999995,96.84,1.0,0.23251541547089238,0.0010697108972936996,0.42857142857142855,0.0,148.0,49.0,18.0,18.0,0.0,1.0,0.0,0.0,0.0,0.0,0.0,1.0,0.0,0.0,0.0,0.0,0.0,62.61944444444445,160.0,356.71624999999995,0.5125642916996378,0.5,0.7714285714285714,2.6389449999993895,130.5,130.5
95.0,0.0,35.0,0.0,222.84500000000014,222.36875000000015,49.0,48.0,0.5253282828282773,0.2625770773544619,0.0,0.0,0.0,1.1128989894765102,0.45,0.9166666666666666,42.047999999999995,96.84,1.0,0.23251541547089238,0.0010697108972936996,0.42857142857142855,0.0,148.0,49.0,18.0,18.0,0.0,1.0,0.0,0.0,0.0,0.0,0.0,0.0,1.0,0.0,0.0,0.0,0.0,59.75,440.0,338.81624999999997,0.5188392307357493,0.2727272727272727,0.6,2.3714649999996533,130.5,130.5
95.0,0.0,35.0,0.0,222.84500000000014,222.36875000000015,49.0,48.0,0.5253282828282773,0.2625770773544619,0.0,0.0,0.0,1.1128989894765102,0.45,0.9166666666666666,42.047999999999995,96.84,1.0,0.23251541547089238,0.0010697108972936996,0.42857142857142855,0.0,148.0,49.0,18.0,18.0,0.0,1.0,0.0,0.0,0.0,0.0,0.0,0.0,0.0,1.0,0.0,0.0,0.0,56.66388888888889,760.0,314.94624999999996,0.6455444162089589,0.2631578947368421,0.5142857142857142,2.1894549999998505,130.5,130.5
95.0,0.0,35.0,0.0,222.84500000000014,222.36875000000015,49.0,48.0,0.5253282828282773,0.2625770773544619,0.0,0.0,0.0,1.1128989894765102,0.45,0.9166666666666666,42.047999999999995,96.84,1.0,0.23251541547089238,0.0010697108972936996,0.42857142857142855,0.0,148.0,49.0,18.0,18.0,0.0,1.0,0.0,0.0,0.0,0.0,0.0,0.0,0.0,0.0,1.0,0.0,0.0,57.772222222222226,640.0,316.20625000000007,0.580896621713123,0.5,0.5142857142857142,2.2361649999998,130.5,130.5
95.0,0.0,35.0,0.0,222.84500000000014,222.36875000000015,49.0,48.0,0.5253282828282773,0.2625770773544619,0.0,0.0,0.0,1.1128989894765102,0.45,0.9166666666666666,42.047999999999995,96.84,1.0,0.23251541547089238,0.0010697108972936996,0.42857142857142855,0.0,148.0,49.0,18.0,18.0,0.0,1.0,0.0,0.0,0.0,0.0,0.0,0.0,0.0,0.0,0.0,1.0,0.0,59.75,440.0,338.81624999999997,0.5188392307357493,0.2727272727272727,0.6,2.3714649999996533,130.5,130.5
95.0,0.0,35.0,0.0,222.84500000000014,222.36875000000015,49.0,48.0,0.5253282828282773,0.2625770773544619,0.0,0.0,0.0,1.1128989894765102,0.45,0.9166666666666666,42.047999999999995,96.84,1.0,0.23251541547089238,0.0010697108972936996,0.42857142857142855,0.0,148.0,49.0,18.0,18.0,0.0,1.0,0.0,0.0,0.0,0.0,0.0,0.0,0.0,0.0,0.0,0.0,1.0,57.43333333333333,640.0,316.20625000000007,0.5815667012501439,0.5,0.5142857142857142,2.213034999999822,130.5,130.5
95.0,0.0,35.0,0.0,222.84500000000014,222.36875000000015,49.0,48.0,0.5253282828282773,0.2625770773544619,0.0,0.0,0.0,1.1128989894765102,0.45,0.9166666666666666,42.047999999999995,96.84,1.0,0.23251541547089238,0.0010697108972936996,0.42857142857142855,0.0,148.0,49.0,18.0,18.0,0.0,1.0,0.0,0.0,0.0,0.0,0.0,1.0,0.0,0.0,0.0,0.0,0.0,62.61944444444445,160.0,356.71624999999995,0.5125642916996378,0.5,0.7714285714285714,2.6389449999993895,130.5,130.5
95.0,0.0,35.0,0.0,222.84500000000014,222.36875000000015,49.0,48.0,0.5253282828282773,0.2625770773544619,0.0,0.0,0.0,1.1128989894765102,0.45,0.9166666666666666,42.047999999999995,96.84,1.0,0.23251541547089238,0.0010697108972936996,0.42857142857142855,0.0,148.0,49.0,18.0,18.0,0.0,1.0,0.0,0.0,0.0,0.0,0.0,0.0,1.0,0.0,0.0,0.0,0.0,59.75,440.0,338.81624999999997,0.5188392307357493,0.2727272727272727,0.6,2.3714649999996533,130.5,130.5
95.0,0.0,35.0,0.0,222.84500000000014,222.36875000000015,49.0,48.0,0.5253282828282773,0.2625770773544619,0.0,0.0,0.0,1.1128989894765102,0.45,0.9166666666666666,42.047999999999995,96.84,1.0,0.23251541547089238,0.0010697108972936996,0.42857142857142855,0.0,148.0,49.0,18.0,18.0,0.0,1.0,0.0,0.0,0.0,0.0,0.0,0.0,0.0,1.0,0.0,0.0,0.0,56.66388888888889,760.0,314.94624999999996,0.6455444162089589,0.2631578947368421,0.5142857142857142,2.1894549999998505,130.5,130.5
95.0,0.0,35.0,0.0,222.84500000000014,222.36875000000015,49.0,48.0,0.5253282828282773,0.2625770773544619,0.0,0.0,0.0,1.1128989894765102,0.45,0.9166666666666666,42.047999999999995,96.84,1.0,0.23251541547089238,0.0010697108972936996,0.42857142857142855,0.0,148.0,49.0,18.0,18.0,0.0,1.0,0.0,0.0,0.0,0.0,0.0,0.0,0.0,0.0,1.0,0.0,0.0,57.772222222222226,640.0,316.20625000000007,0.580896621713123,0.5,0.5142857142857142,2.2361649999998,130.5,130.5
95.0,0.0,35.0,0.0,222.84500000000014,222.36875000000015,49.0,48.0,0.5253282828282773,0.2625770773544619,0.0,0.0,0.0,1.1128989894765102,0.45,0.9166666666666666,42.047999999999995,96.84,1.0,0.23251541547089238,0.0010697108972936996,0.42857142857142855,0.0,148.0,49.0,18.0,18.0,0.0,1.0,0.0,0.0,0.0,0.0,0.0,0.0,0.0,0.0,0.0,1.0,0.0,59.75,440.0,338.81624999999997,0.5188392307357493,0.2727272727272727,0.6,2.3714649999996533,130.5,130.5
95.0,0.0,35.0,0.0,222.84500000000014,222.36875000000015,49.0,48.0,0.5253282828282773,0.2625770773544619,0.0,0.0,0.0,1.1128989894765102,0.45,0.9166666666666666,42.047999999999995,96.84,1.0,0.23251541547089238,0.0010697108972936996,0.42857142857142855,0.0,148.0,49.0,18.0,18.0,0.0,1.0,0.0,0.0,0.0,0.0,0.0,0.0,0.0,0.0,0.0,0.0,1.0,57.43333333333333,640.0,316.20625000000007,0.5815667012501439,0.5,0.5142857142857142,2.213034999999822,130.5,130.5
95.0,0.0,35.0,0.0,222.84500000000014,222.36875000000015,49.0,48.0,0.5253282828282773,0.2625770773544619,0.0,0.0,0.0,1.1128989894765102,0.45,0.9166666666666666,42.047999999999995,96.84,1.0,0.23251541547089238,0.0010697108972936996,0.42857142857142855,0.0,148.0,49.0,18.0,18.0,0.0,1.0,0.0,0.0,0.0,0.0,0.0,1.0,0.0,0.0,0.0,0.0,0.0,62.61944444444445,160.0,356.71624999999995,0.5125642916996378,0.5,0.7714285714285714,2.6389449999993895,130.5,130.5
95.0,0.0,35.0,0.0,222.84500000000014,222.36875000000015,49.0,48.0,0.5253282828282773,0.2625770773544619,0.0,0.0,0.0,1.1128989894765102,0.45,0.9166666666666666,42.047999999999995,96.84,1.0,0.23251541547089238,0.0010697108972936996,0.42857142857142855,0.0,148.0,49.0,18.0,18.0,0.0,1.0,0.0,0.0,0.0,0.0,0.0,0.0,1.0,0.0,0.0,0.0,0.0,59.75,440.0,338.81624999999997,0.5188392307357493,0.2727272727272727,0.6,2.3714649999996533,130.5,130.5
95.0,0.0,35.0,0.0,222.84500000000014,222.36875000000015,49.0,48.0,0.5253282828282773,0.2625770773544619,0.0,0.0,0.0,1.1128989894765102,0.45,0.9166666666666666,42.047999999999995,96.84,1.0,0.23251541547089238,0.0010697108972936996,0.42857142857142855,0.0,148.0,49.0,18.0,18.0,0.0,1.0,0.0,0.0,0.0,0.0,0.0,0.0,0.0,1.0,0.0,0.0,0.0,56.66388888888889,760.0,314.94624999999996,0.6455444162089589,0.2631578947368421,0.5142857142857142,2.1894549999998505,130.5,130.5
95.0,0.0,35.0,0.0,222.84500000000014,222.36875000000015,49.0,48.0,0.5253282828282773,0.2625770773544619,0.0,0.0,0.0,1.1128989894765102,0.45,0.9166666666666666,42.047999999999995,96.84,1.0,0.23251541547089238,0.0010697108972936996,0.42857142857142855,0.0,148.0,49.0,18.0,18.0,0.0,1.0,0.0,0.0,0.0,0.0,0.0,0.0,0.0,0.0,1.0,0.0,0.0,57.772222222222226,640.0,316.20625000000007,0.580896621713123,0.5,0.5142857142857142,2.2361649999998,130.5,130.5
95.0,0.0,35.0,0.0,222.84500000000014,222.36875000000015,49.0,48.0,0.5253282828282773,0.2625770773544619,0.0,0.0,0.0,1.1128989894765102,0.45,0.9166666666666666,42.047999999999995,96.84,1.0,0.23251541547089238,0.0010697108972936996,0.42857142857142855,0.0,148.0,49.0,18.0,18.0,0.0,1.0,0.0,0.0,0.0,0.0,0.0,0.0,0.0,0.0,0.0,1.0,0.0,59.75,440.0,338.81624999999997,0.5188392307357493,0.2727272727272727,0.6,2.3714649999996533,130.5,130.5
95.0,0.0,35.0,0.0,222.84500000000014,222.36875000000015,49.0,48.0,0.5253282828282773,0.2625770773544619,0.0,0.0,0.0,1.1128989894765102,0.45,0.9166666666666666,42.047999999999995,96.84,1.0,0.23251541547089238,0.0010697108972936996,0.42857142857142855,0.0,148.0,49.0,18.0,18.0,0.0,1.0,0.0,0.0,0.0,0.0,0.0,0.0,0.0,0.0,0.0,0.0,1.0,57.43333333333333,640.0,316.20625000000007,0.5815667012501439,0.5,0.5142857142857142,2.213034999999822,130.5,130.5
15.0,0.0,0.0,0.0,347.03375000000005,377.4999999999998,77.0,80.0,0.1635062499999993,0.1298398056041184,0.0,0.0,0.0,1.2165069148058103,0.45,0.9423076923076923,140.58,323.676,1.0,0.20596796112082366,-0.042049455943218274,0.0,0.0,222.0,62.0,18.0,18.0,0.0,1.0,0.0,0.0,0.0,0.0,0.0,1.0,0.0,0.0,0.0,0.0,0.0,87.08611111111111,1320.0,462.5537499999995,1.0,0.15151515151515152,0.5142857142857142,0.9479549999990438,90.0,90.0
15.0,0.0,0.0,0.0,347.03375000000005,377.4999999999998,77.0,80.0,0.1635062499999993,0.1298398056041184,0.0,0.0,0.0,1.2165069148058103,0.45,0.9423076923076923,140.58,323.676,1.0,0.20596796112082366,-0.042049455943218274,0.0,0.0,222.0,62.0,18.0,18.0,0.0,1.0,0.0,0.0,0.0,0.0,0.0,0.0,1.0,0.0,0.0,0.0,0.0,89.16944444444445,1000.0,474.3412499999993,0.6413621302756111,0.2,0.7714285714285714,2.7876099999999626,90.0,90.0
15.0,0.0,0.0,0.0,347.03375000000005,377.4999999999998,77.0,80.0,0.1635062499999993,0.1298398056041184,0.0,0.0,0.0,1.2165069148058103,0.45,0.9423076923076923,140.58,323.676,1.0,0.20596796112082366,-0.042049455943218274,0.0,0.0,222.0,62.0,18.0,18.0,0.0,1.0,0.0,0.0,0.0,0.0,0.0,0.0,0.0,1.0,0.0,0.0,0.0,85.46666666666667,1520.0,449.2349999999995,0.5802034052430611,0.05263157894736842,0.36000000000000004,2.5796149999991043,90.0,90.0
15.0,0.0,0.0,0.0,347.03375000000005,377.4999999999998,77.0,80.0,0.1635062499999993,0.1298398056041184,0.0,0.0,0.0,1.2165069148058103,0.45,0.9423076923076923,140.58,323.676,1.0,0.20596796112082366,-0.042049455943218274,0.0,0.0,222.0,62.0,18.0,18.0,0.0,1.0,0.0,0.0,0.0,0.0,0.0,0.0,0.0,0.0,1.0,0.0,0.0,88.98055555555555,1040.0,477.72874999999925,0.40126844119714505,0.15384615384615385,0.45,2.7901999999999605,90.0,90.0
15.0,0.0,0.0,0.0,347.03375000000005,377.4999999999998,77.0,80.0,0.1635062499999993,0.1298398056041184,0.0,0.0,0.0,1.2165069148058103,0.45,0.9423076923076923,140.58,323.676,1.0,0.20596796112082366,-0.042049455943218274,0.0,0.0,222.0,62.0,18.0,18.0,0.0,1.0,0.0,0.0,0.0,0.0,0.0,0.0,0.0,0.0,0.0,1.0,0.0,89.16944444444445,1000.0,474.3412499999993,0.641002807596924,0.2,0.7714285714285714,2.7876099999999626,90.0,90.0
15.0,0.0,0.0,0.0,347.03375000000005,377.4999999999998,77.0,80.0,0.1635062499999993,0.1298398056041184,0.0,0.0,0.0,1.2165069148058103,0.45,0.9423076923076923,140.58,323.676,1.0,0.20596796112082366,-0.042049455943218274,0.0,0.0,222.0,62.0,18.0,18.0,0.0,1.0,0.0,0.0,0.0,0.0,0.0,0.0,0.0,0.0,0.0,0.0,1.0,87.61666666666666,1120.0,457.8899999999995,0.5674267579421827,0.35714285714285715,0.36000000000000004,2.7574949999998504,90.0,90.0
15.0,0.0,0.0,0.0,347.03375000000005,377.4999999999998,77.0,80.0,0.1635062499999993,0.1298398056041184,0.0,0.0,0.0,1.2165069148058103,0.45,0.9423076923076923,140.58,323.676,1.0,0.20596796112082366,-0.042049455943218274,0.0,0.0,222.0,62.0,18.0,18.0,0.0,1.0,0.0,0.0,0.0,0.0,0.0,1.0,0.0,0.0,0.0,0.0,0.0,87.08611111111111,1320.0,462.5537499999995,1.0,0.15151515151515152,0.5142857142857142,0.9479549999990438,90.0,90.0
15.0,0.0,0.0,0.0,347.03375000000005,377.4999999999998,77.0,80.0,0.1635062499999993,0.1298398056041184,0.0,0.0,0.0,1.2165069148058103,0.45,0.9423076923076923,140.58,323.676,1.0,0.20596796112082366,-0.042049455943218274,0.0,0.0,222.0,62.0,18.0,18.0,0.0,1.0,0.0,0.0,0.0,0.0,0.0,0.0,1.0,0.0,0.0,0.0,0.0,89.16944444444445,1000.0,474.3412499999993,0.6413621302756111,0.2,0.7714285714285714,2.7876099999999626,90.0,90.0
15.0,0.0,0.0,0.0,347.03375000000005,377.4999999999998,77.0,80.0,0.1635062499999993,0.1298398056041184,0.0,0.0,0.0,1.2165069148058103,0.45,0.9423076923076923,140.58,323.676,1.0,0.20596796112082366,-0.042049455943218274,0.0,0.0,222.0,62.0,18.0,18.0,0.0,1.0,0.0,0.0,0.0,0.0,0.0,0.0,0.0,1.0,0.0,0.0,0.0,85.46666666666667,1520.0,449.2349999999995,0.5802034052430611,0.05263157894736842,0.36000000000000004,2.5796149999991043,90.0,90.0
15.0,0.0,0.0,0.0,347.03375000000005,377.4999999999998,77.0,80.0,0.1635062499999993,0.1298398056041184,0.0,0.0,0.0,1.2165069148058103,0.45,0.9423076923076923,140.58,323.676,1.0,0.20596796112082366,-0.042049455943218274,0.0,0.0,222.0,62.0,18.0,18.0,0.0,1.0,0.0,0.0,0.0,0.0,0.0,0.0,0.0,0.0,1.0,0.0,0.0,88.98055555555555,1040.0,477.72874999999925,0.40126844119714505,0.15384615384615385,0.45,2.7901999999999605,90.0,90.0
15.0,0.0,0.0,0.0,347.03375000000005,377.4999999999998,77.0,80.0,0.1635062499999993,0.1298398056041184,0.0,0.0,0.0,1.2165069148058103,0.45,0.9423076923076923,140.58,323.676,1.0,0.20596796112082366,-0.042049455943218274,0.0,0.0,222.0,62.0,18.0,18.0,0.0,1.0,0.0,0.0,0.0,0.0,0.0,0.0,0.0,0.0,0.0,1.0,0.0,89.16944444444445,1000.0,474.3412499999993,0.641002807596924,0.2,0.7714285714285714,2.7876099999999626,90.0,90.0
15.0,0.0,0.0,0.0,347.03375000000005,377.4999999999998,77.0,80.0,0.1635062499999993,0.1298398056041184,0.0,0.0,0.0,1.2165069148058103,0.45,0.9423076923076923,140.58,323.676,1.0,0.20596796112082366,-0.042049455943218274,0.0,0.0,222.0,62.0,18.0,18.0,0.0,1.0,0.0,0.0,0.0,0.0,0.0,0.0,0.0,0.0,0.0,0.0,1.0,87.61666666666666,1120.0,457.8899999999995,0.5674267579421827,0.35714285714285715,0.36000000000000004,2.7574949999998504,90.0,90.0
30.0,0.0,0.0,0.0,367.85999999999996,390.39999999999975,82.0,84.0,0.157707100591716,0.20786084220836099,0.0,0.0,0.0,0.9562756598595925,0.45,0.9451219512195121,147.132,338.76,1.0,0.22157216844167218,-0.029725951520586342,0.2857142857142857,0.0,234.0,65.0,18.0,18.0,0.0,1.0,0.0,0.0,0.0,0.0,0.0,1.0,0.0,0.0,0.0,0.0,0.0,95.60277777777777,600.0,524.9849999999992,1.0,0.06666666666666667,0.6,2.8665100000026964,90.0,90.0
30.0,0.0,0.0,0.0,367.85999999999996,390.39999999999975,82.0,84.0,0.157707100591716,0.20786084220836099,0.0,0.0,0.0,0.9562756598595925,0.45,0.9451219512195121,147.132,338.76,1.0,0.22157216844167218,-0.029725951520586342,0.2857142857142857,0.0,234.0,65.0,18.0,18.0,0.0,1.0,0.0,0.0,0.0,0.0,0.0,0.0,1.0,0.0,0.0,0.0,0.0,91.78333333333333,1120.0,474.3412499999993,0.6413621302756111,0.14285714285714285,0.7714285714285714,2.809665000002397,90.0,90.0
30.0,0.0,0.0,0.0,367.85999999999996,390.39999999999975,82.0,84.0,0.157707100591716,0.20786084220836099,0.0,0.0,0.0,0.9562756598595925,0.45,0.9451219512195121,147.132,338.76,1.0,0.22157216844167218,-0.029725951520586342,0.2857142857142857,0.0,234.0,65.0,18.0,18.0,0.0,1.0,0.0,0.0,0.0,0.0,0.0,0.0,0.0,1.0,0.0,0.0,0.0,88.6361111111111,1520.0,454.5849999999994,0.5682339394939814,0.21052631578947367,0.6,2.7175700000019862,90.0,90.0
30.0,0.0,0.0,0.0,367.85999999999996,390.39999999999975,82.0,84.0,0.157707100591716,0.20786084220836099,0.0,0.0,0.0,0.9562756598595925,0.45,0.9451219512195121,147.132,338.76,1.0,0.22157216844167218,-0.029725951520586342,0.2857142857142857,0.0,234.0,65.0,18.0,18.0,0.0,1.0,0.0,0.0,0.0,0.0,0.0,0.0,0.0,0.0,1.0,0.0,0.0,91.33333333333333,1120.0,477.72874999999925,0.46892678058222514,0.14285714285714285,0.36000000000000004,2.8086750000023883,90.0,90.0
30.0,0.0,0.0,0.0,367.85999999999996,390.39999999999975,82.0,84.0,0.157707100591716,0.20786084220836099,0.0,0.0,0.0,0.9562756598595925,0.45,0.9451219512195121,147.132,338.76,1.0,0.22157216844167218,-0.029725951520586342,0.2857142857142857,0.0,234.0,65.0,18.0,18.0,0.0,1.0,0.0,0.0,0.0,0.0,0.0,0.0,0.0,0.0,0.0,1.0,0.0,91.78333333333333,1120.0,474.3412499999993,0.641002807596924,0.14285714285714285,0.7714285714285714,2.809665000002397,90.0,90.0
30.0,0.0,0.0,0.0,367.85999999999996,390.39999999999975,82.0,84.0,0.157707100591716,0.20786084220836099,0.0,0.0,0.0,0.9562756598595925,0.45,0.9451219512195121,147.132,338.76,1.0,0.22157216844167218,-0.029725951520586342,0.2857142857142857,0.0,234.0,65.0,18.0,18.0,0.0,1.0,0.0,0.0,0.0,0.0,0.0,0.0,0.0,0.0,0.0,0.0,1.0,92.2,1000.0,487.29499999999933,0.4052892730365805,0.04,0.5142857142857142,2.819655000002424,90.0,90.0
135.0,0.0,0.0,0.0,438.71999999999963,486.76249999999936,97.0,103.0,0.38256097560975366,0.148230325055369,0.0,0.0,0.0,1.3474407744247934,0.45,0.9476439790575916,172.476,397.044,3.0,0.5696460650110738,-0.05191076006299394,0.14285714285714285,0.0,301.0,96.0,18.0,18.0,0.0,1.0,0.0,0.0,0.0,0.0,0.0,1.0,0.0,0.0,0.0,0.0,0.0,112.48611111111111,760.0,557.061636599246,1.0,0.05263157894736842,0.36000000000000004,2.5207950000102066,90.0,90.0
135.0,0.0,0.0,0.0,438.71999999999963,486.76249999999936,97.0,103.0,0.38256097560975366,0.148230325055369,0.0,0.0,0.0,1.3474407744247934,0.45,0.9476439790575916,172.476,397.044,3.0,0.5696460650110738,-0.05191076006299394,0.14285714285714285,0.0,301.0,96.0,18.0,18.0,0.0,1.0,0.0,0.0,0.0,0.0,0.0,0.0,1.0,0.0,0.0,0.0,0.0,108.91944444444445,1160.0,542.4849999999992,0.5680108917966372,0.10344827586206896,0.5142857142857142,3.4002800000136446,90.0,90.0
135.0,0.0,0.0,0.0,438.71999999999963,486.76249999999936,97.0,103.0,0.38256097560975366,0.148230325055369,0.0,0.0,0.0,1.3474407744247934,0.45,0.9476439790575916,172.476,397.044,3.0,0.5696460650110738,-0.05191076006299394,0.14285714285714285,0.0,301.0,96.0,18.0,18.0,0.0,1.0,0.0,0.0,0.0,0.0,0.0,0.0,0.0,1.0,0.0,0.0,0.0,106.44444444444444,1600.0,516.5349999999994,0.5717018625869776,0.05,0.36000000000000004,3.110050000012478,90.0,90.0
135.0,0.0,0.0,0.0,438.71999999999963,486.76249999999936,97.0,103.0,0.38256097560975366,0.148230325055369,0.0,0.0,0.0,1.3474407744247934,0.45,0.9476439790575916,172.476,397.044,3.0,0.5696460650110738,-0.05191076006299394,0.14285714285714285,0.0,301.0,96.0,18.0,18.0,0.0,1.0,0.0,0.0,0.0,0.0,0.0,0.0,0.0,0.0,1.0,0.0,0.0,108.40555555555555,1240.0,542.4849999999992,0.5696657711593124,0.03225806451612903,0.36000000000000004,3.2912050000131963,90.0,90.0
135.0,0.0,0.0,0.0,438.71999999999963,486.76249999999936,97.0,103.0,0.38256097560975366,0.148230325055369,0.0,0.0,0.0,1.3474407744247934,0.45,0.9476439790575916,172.476,397.044,3.0,0.5696460650110738,-0.05191076006299394,0.14285714285714285,0.0,301.0,96.0,18.0,18.0,0.0,1.0,0.0,0.0,0.0,0.0,0.0,0.0,0.0,0.0,0.0,1.0,0.0,108.91944444444445,1160.0,542.4849999999992,0.567654938436369,0.10344827586206896,0.5142857142857142,3.4002800000136446,90.0,90.0
135.0,0.0,0.0,0.0,438.71999999999963,486.76249999999936,97.0,103.0,0.38256097560975366,0.148230325055369,0.0,0.0,0.0,1.3474407744247934,0.45,0.9476439790575916,172.476,397.044,3.0,0.5696460650110738,-0.05191076006299394,0.14285714285714285,0.0,301.0,96.0,18.0,18.0,0.0,1.0,0.0,0.0,0.0,0.0,0.0,0.0,0.0,0.0,0.0,0.0,1.0,109.61111111111111,1120.0,547.6349999999993,0.39466895940668406,0.07142857142857142,0.6,3.4088700000136996,90.0,90.0
135.0,0.0,0.0,0.0,438.71999999999963,486.76249999999936,97.0,103.0,0.38256097560975366,0.148230325055369,0.0,0.0,0.0,1.3474407744247934,0.45,0.9476439790575916,172.476,397.044,3.0,0.5696460650110738,-0.05191076006299394,0.14285714285714285,0.0,301.0,96.0,18.0,18.0,0.0,1.0,0.0,0.0,0.0,0.0,0.0,1.0,0.0,0.0,0.0,0.0,0.0,112.48611111111111,760.0,557.061636599246,1.0,0.05263157894736842,0.36000000000000004,2.5207950000102066,90.0,90.0
135.0,0.0,0.0,0.0,438.71999999999963,486.76249999999936,97.0,103.0,0.38256097560975366,0.148230325055369,0.0,0.0,0.0,1.3474407744247934,0.45,0.9476439790575916,172.476,397.044,3.0,0.5696460650110738,-0.05191076006299394,0.14285714285714285,0.0,301.0,96.0,18.0,18.0,0.0,1.0,0.0,0.0,0.0,0.0,0.0,0.0,1.0,0.0,0.0,0.0,0.0,108.91944444444445,1160.0,542.4849999999992,0.5680108917966372,0.10344827586206896,0.5142857142857142,3.4002800000136446,90.0,90.0
135.0,0.0,0.0,0.0,438.71999999999963,486.76249999999936,97.0,103.0,0.38256097560975366,0.148230325055369,0.0,0.0,0.0,1.3474407744247934,0.45,0.9476439790575916,172.476,397.044,3.0,0.5696460650110738,-0.05191076006299394,0.14285714285714285,0.0,301.0,96.0,18.0,18.0,0.0,1.0,0.0,0.0,0.0,0.0,0.0,0.0,0.0,1.0,0.0,0.0,0.0,106.44444444444444,1600.0,516.5349999999994,0.5717018625869776,0.05,0.36000000000000004,3.110050000012478,90.0,90.0
135.0,0.0,0.0,0.0,438.71999999999963,486.76249999999936,97.0,103.0,0.38256097560975366,0.148230325055369,0.0,0.0,0.0,1.3474407744247934,0.45,0.9476439790575916,172.476,397.044,3.0,0.5696460650110738,-0.05191076006299394,0.14285714285714285,0.0,301.0,96.0,18.0,18.0,0.0,1.0,0.0,0.0,0.0,0.0,0.0,0.0,0.0,0.0,1.0,0.0,0.0,108.40555555555555,1240.0,542.4849999999992,0.5696657711593124,0.03225806451612903,0.36000000000000004,3.2912050000131963,90.0,90.0
135.0,0.0,0.0,0.0,438.71999999999963,486.76249999999936,97.0,103.0,0.38256097560975366,0.148230325055369,0.0,0.0,0.0,1.3474407744247934,0.45,0.9476439790575916,172.476,397.044,3.0,0.5696460650110738,-0.05191076006299394,0.14285714285714285,0.0,301.0,96.0,18.0,18.0,0.0,1.0,0.0,0.0,0.0,0.0,0.0,0.0,0.0,0.0,0.0,1.0,0.0,108.91944444444445,1160.0,542.4849999999992,0.567654938436369,0.10344827586206896,0.5142857142857142,3.4002800000136446,90.0,90.0
135.0,0.0,0.0,0.0,438.71999999999963,486.76249999999936,97.0,103.0,0.38256097560975366,0.148230325055369,0.0,0.0,0.0,1.3474407744247934,0.45,0.9476439790575916,172.476,397.044,3.0,0.5696460650110738,-0.05191076006299394,0.14285714285714285,0.0,301.0,96.0,18.0,18.0,0.0,1.0,0.0,0.0,0.0,0.0,0.0,0.0,0.0,0.0,0.0,0.0,1.0,109.61111111111111,1120.0,547.6349999999993,0.39466895940668406,0.07142857142857142,0.6,3.4088700000136996,90.0,90.0
135.0,0.0,0.0,0.0,438.71999999999963,486.76249999999936,97.0,103.0,0.38256097560975366,0.148230325055369,0.0,0.0,0.0,1.3474407744247934,0.45,0.9476439790575916,172.476,397.044,3.0,0.5696460650110738,-0.05191076006299394,0.14285714285714285,0.0,301.0,96.0,18.0,18.0,0.0,1.0,0.0,0.0,0.0,0.0,0.0,1.0,0.0,0.0,0.0,0.0,0.0,112.48611111111111,760.0,557.061636599246,1.0,0.05263157894736842,0.36000000000000004,2.5207950000102066,90.0,90.0
135.0,0.0,0.0,0.0,438.71999999999963,486.76249999999936,97.0,103.0,0.38256097560975366,0.148230325055369,0.0,0.0,0.0,1.3474407744247934,0.45,0.9476439790575916,172.476,397.044,3.0,0.5696460650110738,-0.05191076006299394,0.14285714285714285,0.0,301.0,96.0,18.0,18.0,0.0,1.0,0.0,0.0,0.0,0.0,0.0,0.0,1.0,0.0,0.0,0.0,0.0,108.91944444444445,1160.0,542.4849999999992,0.5680108917966372,0.10344827586206896,0.5142857142857142,3.4002800000136446,90.0,90.0
135.0,0.0,0.0,0.0,438.71999999999963,486.76249999999936,97.0,103.0,0.38256097560975366,0.148230325055369,0.0,0.0,0.0,1.3474407744247934,0.45,0.9476439790575916,172.476,397.044,3.0,0.5696460650110738,-0.05191076006299394,0.14285714285714285,0.0,301.0,96.0,18.0,18.0,0.0,1.0,0.0,0.0,0.0,0.0,0.0,0.0,0.0,1.0,0.0,0.0,0.0,106.44444444444444,1600.0,516.5349999999994,0.5717018625869776,0.05,0.36000000000000004,3.110050000012478,90.0,90.0
135.0,0.0,0.0,0.0,438.71999999999963,486.76249999999936,97.0,103.0,0.38256097560975366,0.148230325055369,0.0,0.0,0.0,1.3474407744247934,0.45,0.9476439790575916,172.476,397.044,3.0,0.5696460650110738,-0.05191076006299394,0.14285714285714285,0.0,301.0,96.0,18.0,18.0,0.0,1.0,0.0,0.0,0.0,0.0,0.0,0.0,0.0,0.0,1.0,0.0,0.0,108.40555555555555,1240.0,542.4849999999992,0.5696657711593124,0.03225806451612903,0.36000000000000004,3.2912050000131963,90.0,90.0
135.0,0.0,0.0,0.0,438.71999999999963,486.76249999999936,97.0,103.0,0.38256097560975366,0.148230325055369,0.0,0.0,0.0,1.3474407744247934,0.45,0.9476439790575916,172.476,397.044,3.0,0.5696460650110738,-0.05191076006299394,0.14285714285714285,0.0,301.0,96.0,18.0,18.0,0.0,1.0,0.0,0.0,0.0,0.0,0.0,0.0,0.0,0.0,0.0,1.0,0.0,108.91944444444445,1160.0,542.4849999999992,0.567654938436369,0.10344827586206896,0.5142857142857142,3.4002800000136446,90.0,90.0
135.0,0.0,0.0,0.0,438.71999999999963,486.76249999999936,97.0,103.0,0.38256097560975366,0.148230325055369,0.0,0.0,0.0,1.3474407744247934,0.45,0.9476439790575916,172.476,397.044,3.0,0.5696460650110738,-0.05191076006299394,0.14285714285714285,0.0,301.0,96.0,18.0,18.0,0.0,1.0,0.0,0.0,0.0,0.0,0.0,0.0,0.0,0.0,0.0,0.0,1.0,109.61111111111111,1120.0,547.6349999999993,0.39466895940668406,0.07142857142857142,0.6,3.4088700000136996,90.0,90.0
255.0,0.0,0.0,0.0,555.818749999999,569.5899999999992,123.0,125.0,0.9818924302788694,0.1871752819687706,0.0,0.0,0.0,1.5427137149002588,0.45,0.955,178.884,411.66,0.0,0.03743505639375412,-0.012236665122783395,0.125,0.0,384.0,133.0,18.0,18.0,0.0,1.0,0.0,0.0,0.0,0.0,0.0,1.0,0.0,0.0,0.0,0.0,0.0,0.0,0.0,0.0,0.0,0.0,0.0,0.0,0.5,0.5
255.0,0.0,0.0,0.0,555.818749999999,569.5899999999992,123.0,125.0,0.9818924302788694,0.1871752819687706,0.0,0.0,0.0,1.5427137149002588,0.45,0.955,178.884,411.66,0.0,0.03743505639375412,-0.012236665122783395,0.125,0.0,384.0,133.0,18.0,18.0,0.0,1.0,0.0,0.0,0.0,0.0,0.0,0.0,1.0,0.0,0.0,0.0,0.0,0.0,0.0,0.0,0.0,0.0,0.0,0.0,0.5,0.5
255.0,0.0,0.0,0.0,555.818749999999,569.5899999999992,123.0,125.0,0.9818924302788694,0.1871752819687706,0.0,0.0,0.0,1.5427137149002588,0.45,0.955,178.884,411.66,0.0,0.03743505639375412,-0.012236665122783395,0.125,0.0,384.0,133.0,18.0,18.0,0.0,1.0,0.0,0.0,0.0,0.0,0.0,0.0,0.0,1.0,0.0,0.0,0.0,0.0,0.0,0.0,0.0,0.0,0.0,0.0,0.5,0.5
255.0,0.0,0.0,0.0,555.818749999999,569.5899999999992,123.0,125.0,0.9818924302788694,0.1871752819687706,0.0,0.0,0.0,1.5427137149002588,0.45,0.955,178.884,411.66,0.0,0.03743505639375412,-0.012236665122783395,0.125,0.0,384.0,133.0,18.0,18.0,0.0,1.0,0.0,0.0,0.0,0.0,0.0,0.0,0.0,0.0,1.0,0.0,0.0,0.0,0.0,0.0,0.0,0.0,0.0,0.0,0.5,0.5
255.0,0.0,0.0,0.0,555.818749999999,569.5899999999992,123.0,125.0,0.9818924302788694,0.1871752819687706,0.0,0.0,0.0,1.5427137149002588,0.45,0.955,178.884,411.66,0.0,0.03743505639375412,-0.012236665122783395,0.125,0.0,384.0,133.0,18.0,18.0,0.0,1.0,0.0,0.0,0.0,0.0,0.0,0.0,0.0,0.0,0.0,1.0,0.0,0.0,0.0,0.0,0.0,0.0,0.0,0.0,0.5,0.5
255.0,0.0,0.0,0.0,555.818749999999,569.5899999999992,123.0,125.0,0.9818924302788694,0.1871752819687706,0.0,0.0,0.0,1.5427137149002588,0.45,0.955,178.884,411.66,0.0,0.03743505639375412,-0.012236665122783395,0.125,0.0,384.0,133.0,18.0,18.0,0.0,1.0,0.0,0.0,0.0,0.0,0.0,0.0,0.0,0.0,0.0,0.0,1.0,0.0,0.0,0.0,0.0,0.0,0.0,0.0,0.5,0.5
255.0,0.0,0.0,0.0,555.818749999999,569.5899999999992,123.0,125.0,0.9818924302788694,0.1871752819687706,0.0,0.0,0.0,1.5427137149002588,0.45,0.955,178.884,411.66,0.0,0.03743505639375412,-0.012236665122783395,0.125,0.0,384.0,133.0,18.0,18.0,0.0,1.0,0.0,0.0,0.0,0.0,0.0,1.0,0.0,0.0,0.0,0.0,0.0,0.0,0.0,0.0,0.0,0.0,0.0,0.0,0.5,0.5
255.0,0.0,0.0,0.0,555.818749999999,569.5899999999992,123.0,125.0,0.9818924302788694,0.1871752819687706,0.0,0.0,0.0,1.5427137149002588,0.45,0.955,178.884,411.66,0.0,0.03743505639375412,-0.012236665122783395,0.125,0.0,384.0,133.0,18.0,18.0,0.0,1.0,0.0,0.0,0.0,0.0,0.0,0.0,1.0,0.0,0.0,0.0,0.0,0.0,0.0,0.0,0.0,0.0,0.0,0.0,0.5,0.5
255.0,0.0,0.0,0.0,555.818749999999,569.5899999999992,123.0,125.0,0.9818924302788694,0.1871752819687706,0.0,0.0,0.0,1.5427137149002588,0.45,0.955,178.884,411.66,0.0,0.03743505639375412,-0.012236665122783395,0.125,0.0,384.0,133.0,18.0,18.0,0.0,1.0,0.0,0.0,0.0,0.0,0.0,0.0,0.0,1.0,0.0,0.0,0.0,0.0,0.0,0.0,0.0,0.0,0.0,0.0,0.5,0.5
255.0,0.0,0.0,0.0,555.818749999999,569.5899999999992,123.0,125.0,0.9818924302788694,0.1871752819687706,0.0,0.0,0.0,1.5427137149002588,0.45,0.955,178.884,411.66,0.0,0.03743505639375412,-0.012236665122783395,0.125,0.0,384.0,133.0,18.0,18.0,0.0,1.0,0.0,0.0,0.0,0.0,0.0,0.0,0.0,0.0,1.0,0.0,0.0,0.0,0.0,0.0,0.0,0.0,0.0,0.0,0.5,0.5
255.0,0.0,0.0,0.0,555.818749999999,569.5899999999992,123.0,125.0,0.9818924302788694,0.1871752819687706,0.0,0.0,0.0,1.5427137149002588,0.45,0.955,178.884,411.66,0.0,0.03743505639375412,-0.012236665122783395,0.125,0.0,384.0,133.0,18.0,18.0,0.0,1.0,0.0,0.0,0.0,0.0,0.0,0.0,0.0,0.0,0.0,1.0,0.0,0.0,0.0,0.0,0.0,0.0,0.0,0.0,0.5,0.5
255.0,0.0,0.0,0.0,555.818749999999,569.5899999999992,123.0,125.0,0.9818924302788694,0.1871752819687706,0.0,0.0,0.0,1.5427137149002588,0.45,0.955,178.884,411.66,0.0,0.03743505639375412,-0.012236665122783395,0.125,0.0,384.0,133.0,18.0,18.0,0.0,1.0,0.0,0.0,0.0,0.0,0.0,0.0,0.0,0.0,0.0,0.0,1.0,0.0,0.0,0.0,0.0,0.0,0.0,0.0,0.5,0.5
255.0,0.0,0.0,0.0,555.818749999999,569.5899999999992,123.0,125.0,0.9818924302788694,0.1871752819687706,0.0,0.0,0.0,1.5427137149002588,0.45,0.955,178.884,411.66,0.0,0.03743505639375412,-0.012236665122783395,0.125,0.0,384.0,133.0,18.0,18.0,0.0,1.0,0.0,0.0,0.0,0.0,0.0,1.0,0.0,0.0,0.0,0.0,0.0,0.0,0.0,0.0,0.0,0.0,0.0,0.0,0.5,0.5
255.0,0.0,0.0,0.0,555.818749999999,569.5899999999992,123.0,125.0,0.9818924302788694,0.1871752819687706,0.0,0.0,0.0,1.5427137149002588,0.45,0.955,178.884,411.66,0.0,0.03743505639375412,-0.012236665122783395,0.125,0.0,384.0,133.0,18.0,18.0,0.0,1.0,0.0,0.0,0.0,0.0,0.0,0.0,1.0,0.0,0.0,0.0,0.0,0.0,0.0,0.0,0.0,0.0,0.0,0.0,0.5,0.5
255.0,0.0,0.0,0.0,555.818749999999,569.5899999999992,123.0,125.0,0.9818924302788694,0.1871752819687706,0.0,0.0,0.0,1.5427137149002588,0.45,0.955,178.884,411.66,0.0,0.03743505639375412,-0.012236665122783395,0.125,0.0,384.0,133.0,18.0,18.0,0.0,1.0,0.0,0.0,0.0,0.0,0.0,0.0,0.0,1.0,0.0,0.0,0.0,0.0,0.0,0.0,0.0,0.0,0.0,0.0,0.5,0.5
255.0,0.0,0.0,0.0,555.818749999999,569.5899999999992,123.0,125.0,0.9818924302788694,0.1871752819687706,0.0,0.0,0.0,1.5427137149002588,0.45,0.955,178.884,411.66,0.0,0.03743505639375412,-0.012236665122783395,0.125,0.0,384.0,133.0,18.0,18.0,0.0,1.0,0.0,0.0,0.0,0.0,0.0,0.0,0.0,0.0,1.0,0.0,0.0,0.0,0.0,0.0,0.0,0.0,0.0,0.0,0.5,0.5
255.0,0.0,0.0,0.0,555.818749999999,569.5899999999992,123.0,125.0,0.9818924302788694,0.1871752819687706,0.0,0.0,0.0,1.5427137149002588,0.45,0.955,178.884,411.66,0.0,0.03743505639375412,-0.012236665122783395,0.125,0.0,384.0,133.0,18.0,18.0,0.0,1.0,0.0,0.0,0.0,0.0,0.0,0.0,0.0,0.0,0.0,1.0,0.0,0.0,0.0,0.0,0.0,0.0,0.0,0.0,0.5,0.5
255.0,0.0,0.0,0.0,555.818749999999,569.5899999999992,123.0,125.0,0.9818924302788694,0.1871752819687706,0.0,0.0,0.0,1.5427137149002588,0.45,0.955,178.884,411.66,0.0,0.03743505639375412,-0.012236665122783395,0.125,0.0,384.0,133.0,18.0,18.0,0.0,1.0,0.0,0.0,0.0,0.0,0.0,0.0,0.0,0.0,0.0,0.0,1.0,0.0,0.0,0.0,0.0,0.0,0.0,0.0,0.5,0.5
5.0,0.0,80.0,0.0,108.83,0.0,3.0,0.0,2.8749999999999996,0.0,0.0,0.0,0.0,0.0,0.085,0.0,0.0,0.0,0.0,0.0,1.0,0.0,0.0,3.0,0.0,18.0,18.0,0.0,1.0,0.0,0.0,0.0,0.0,0.0,1.0,0.0,0.0,0.0,0.0,0.0,6.591666666666667,1080.0,114.67875000000001,1.0,0.037037037037037035,0.2897727272727273,0.07206999999999952,90.0,90.0
5.0,0.0,80.0,0.0,108.83,0.0,3.0,0.0,2.8749999999999996,0.0,0.0,0.0,0.0,0.0,0.085,0.0,0.0,0.0,0.0,0.0,1.0,0.0,0.0,3.0,0.0,18.0,18.0,0.0,1.0,0.0,0.0,0.0,0.0,0.0,0.0,1.0,0.0,0.0,0.0,0.0,9.658333333333333,760.0,114.67875000000001,0.41456799313019427,0.05263157894736842,0.45303030303030295,0.2623749999999984,90.0,90.0
5.0,0.0,80.0,0.0,108.83,0.0,3.0,0.0,2.8749999999999996,0.0,0.0,0.0,0.0,0.0,0.085,0.0,0.0,0.0,0.0,0.0,1.0,0.0,0.0,3.0,0.0,18.0,18.0,0.0,1.0,0.0,0.0,0.0,0.0,0.0,0.0,0.0,1.0,0.0,0.0,0.0,7.447222222222222,1080.0,114.67875000000001,0.5720306038595012,0.037037037037037035,0.28068181818181814,0.15969999999999834,90.0,90.0
5.0,0.0,80.0,0.0,108.83,0.0,3.0,0.0,2.8749999999999996,0.0,0.0,0.0,0.0,0.0,0.085,0.0,0.0,0.0,0.0,0.0,1.0,0.0,0.0,3.0,0.0,18.0,18.0,0.0,1.0,0.0,0.0,0.0,0.0,0.0,0.0,0.0,0.0,1.0,0.0,0.0,9.852777777777778,800.0,114.67875000000001,0.40623847003431696,0.1,0.2386363636363636,0.2555799999999975,90.0,90.0
5.0,0.0,80.0,0.0,108.83,0.0,3.0,0.0,2.8749999999999996,0.0,0.0,0.0,0.0,0.0,0.085,0.0,0.0,0.0,0.0,0.0,1.0,0.0,0.0,3.0,0.0,18.0,18.0,0.0,1.0,0.0,0.0,0.0,0.0,0.0,0.0,0.0,0.0,0.0,1.0,0.0,9.658333333333333,760.0,114.67875000000001,0.4141413371631899,0.05263157894736842,0.45303030303030295,0.2623749999999984,90.0,90.0
5.0,0.0,80.0,0.0,108.83,0.0,3.0,0.0,2.8749999999999996,0.0,0.0,0.0,0.0,0.0,0.085,0.0,0.0,0.0,0.0,0.0,1.0,0.0,0.0,3.0,0.0,18.0,18.0,0.0,1.0,0.0,0.0,0.0,0.0,0.0,0.0,0.0,0.0,0.0,0.0,1.0,9.261111111111111,800.0,114.67875000000001,0.44760433296814095,0.2,0.4772727272727272,0.23772999999999672,90.0,90.0
15.0,0.0,70.0,0.0,86.32225000000003,100.245,7.0,4.0,8.167954545454547,0.014028437139055553,0.0,0.0,0.0,2.05329988826059,0.24750000000000003,0.0,0.0,0.0,0.0,0.0028056874278111106,-0.07462590567208327,0.0,0.0,11.0,0.0,18.0,18.0,0.0,1.0,0.0,0.0,0.0,0.0,0.0,1.0,0.0,0.0,0.0,0.0,0.0,7.558333333333334,1240.0,114.67875000000001,1.0,0.03225806451612903,0.2897727272727273,0.12418999999999912,90.0,90.0
15.0,0.0,70.0,0.0,86.32225000000003,100.245,7.0,4.0,8.167954545454547,0.014028437139055553,0.0,0.0,0.0,2.05329988826059,0.24750000000000003,0.0,0.0,0.0,0.0,0.0028056874278111106,-0.07462590567208327,0.0,0.0,11.0,0.0,18.0,18.0,0.0,1.0,0.0,0.0,0.0,0.0,0.0,0.0,1.0,0.0,0.0,0.0,0.0,11.23611111111111,800.0,114.67875000000001,0.4515870479641112,0.1,0.45303030303030295,0.3516900000000107,90.0,90.0
15.0,0.0,70.0,0.0,86.32225000000003,100.245,7.0,4.0,8.167954545454547,0.014028437139055553,0.0,0.0,0.0,2.05329988826059,0.24750000000000003,0.0,0.0,0.0,0.0,0.0028056874278111106,-0.07462590567208327,0.0,0.0,11.0,0.0,18.0,18.0,0.0,1.0,0.0,0.0,0.0,0.0,0.0,0.0,0.0,1.0,0.0,0.0,0.0,8.636111111111111,1080.0,114.67875000000001,0.5720306038595012,0.037037037037037035,0.28068181818181814,0.22389999999999663,90.0,90.0
15.0,0.0,70.0,0.0,86.32225000000003,100.245,7.0,4.0,8.167954545454547,0.014028437139055553,0.0,0.0,0.0,2.05329988826059,0.24750000000000003,0.0,0.0,0.0,0.0,0.0028056874278111106,-0.07462590567208327,0.0,0.0,11.0,0.0,18.0,18.0,0.0,1.0,0.0,0.0,0.0,0.0,0.0,0.0,0.0,0.0,1.0,0.0,0.0,11.375,840.0,114.67875000000001,0.4458014646919721,0.14285714285714285,0.25075757575757573,0.3412100000000092,90.0,90.0
15.0,0.0,70.0,0.0,86.32225000000003,100.245,7.0,4.0,8.167954545454547,0.014028437139055553,0.0,0.0,0.0,2.05329988826059,0.24750000000000003,0.0,0.0,0.0,0.0,0.0028056874278111106,-0.07462590567208327,0.0,0.0,11.0,0.0,18.0,18.0,0.0,1.0,0.0,0.0,0.0,0.0,0.0,0.0,0.0,0.0,0.0,1.0,0.0,11.23611111111111,800.0,114.67875000000001,0.4515870478991521,0.1,0.45303030303030295,0.3516900000000107,90.0,90.0
15.0,0.0,70.0,0.0,86.32225000000003,100.245,7.0,4.0,8.167954545454547,0.014028437139055553,0.0,0.0,0.0,2.05329988826059,0.24750000000000003,0.0,0.0,0.0,0.0,0.0028056874278111106,-0.07462590567208327,0.0,0.0,11.0,0.0,18.0,18.0,0.0,1.0,0.0,0.0,0.0,0.0,0.0,0.0,0.0,0.0,0.0,0.0,1.0,10.783333333333333,840.0,114.67875000000001,0.4924862835906651,0.14285714285714285,0.4893939393939394,0.3233600000000064,90.0,90.0
30.0,0.0,55.0,0.0,91.46000000000001,98.215,9.0,7.0,4.81147499999999,0.20252431444792843,0.0,0.0,0.0,1.0870588112050232,0.36000000000000004,1.0,7.632,17.568,0.0,0.040504862889585685,-0.03561354949255303,0.3333333333333333,0.0,20.0,0.0,18.0,18.0,0.0,1.0,0.0,0.0,0.0,0.0,0.0,1.0,0.0,0.0,0.0,0.0,0.0,12.819444444444445,1000.0,117.87250000000003,1.0,0.12,0.5196969696969697,0.36785000000001494,90.0,90.0
30.0,0.0,55.0,0.0,91.46000000000001,98.215,9.0,7.0,4.81147499999999,0.20252431444792843,0.0,0.0,0.0,1.0870588112050232,0.36000000000000004,1.0,7.632,17.568,0.0,0.040504862889585685,-0.03561354949255303,0.3333333333333333,0.0,20.0,0.0,18.0,18.0,0.0,1.0,0.0,0.0,0.0,0.0,0.0,0.0,1.0,0.0,0.0,0.0,0.0,13.647222222222222,800.0,128.37250000000003,0.5132499806055929,0.1,0.5499999999999999,0.5057000000000306,90.0,90.0
30.0,0.0,55.0,0.0,91.46000000000001,98.215,9.0,7.0,4.81147499999999,0.20252431444792843,0.0,0.0,0.0,1.0870588112050232,0.36000000000000004,1.0,7.632,17.568,0.0,0.040504862889585685,-0.03561354949255303,0.3333333333333333,0.0,20.0,0.0,18.0,18.0,0.0,1.0,0.0,0.0,0.0,0.0,0.0,0.0,0.0,1.0,0.0,0.0,0.0,11.25,1040.0,111.725,0.5901406587080993,0.07692307692307693,0.39848484848484844,0.3722250000000156,90.0,90.0
30.0,0.0,55.0,0.0,91.46000000000001,98.215,9.0,7.0,4.81147499999999,0.20252431444792843,0.0,0.0,0.0,1.0870588112050232,0.36000000000000004,1.0,7.632,17.568,0.0,0.040504862889585685,-0.03561354949255303,0.3333333333333333,0.0,20.0,0.0,18.0,18.0,0.0,1.0,0.0,0.0,0.0,0.0,0.0,0.0,0.0,0.0,1.0,0.0,0.0,13.466666666666667,800.0,123.22250000000004,0.5074804515192974,0.0,0.47142857142857136,0.4781900000000309,90.0,90.0
30.0,0.0,55.0,0.0,91.46000000000001,98.215,9.0,7.0,4.81147499999999,0.20252431444792843,0.0,0.0,0.0,1.0870588112050232,0.36000000000000004,1.0,7.632,17.568,0.0,0.040504862889585685,-0.03561354949255303,0.3333333333333333,0.0,20.0,0.0,18.0,18.0,0.0,1.0,0.0,0.0,0.0,0.0,0.0,0.0,0.0,0.0,0.0,1.0,0.0,13.647222222222222,800.0,128.37250000000003,0.5132499806055932,0.1,0.5499999999999999,0.5057000000000306,90.0,90.0
30.0,0.0,55.0,0.0,91.46000000000001,98.215,9.0,7.0,4.81147499999999,0.20252431444792843,0.0,0.0,0.0,1.0870588112050232,0.36000000000000004,1.0,7.632,17.568,0.0,0.040504862889585685,-0.03561354949255303,0.3333333333333333,0.0,20.0,0.0,18.0,18.0,0.0,1.0,0.0,0.0,0.0,0.0,0.0,0.0,0.0,0.0,0.0,0.0,1.0,13.577777777777778,800.0,117.87250000000003,0.5318877999936438,0.1,0.6292207792207792,0.46421000000002893,90.0,90.0
5.0,0.0,125.0,0.0,109.04500000000007,166.14000000000004,22.0,37.0,1.6770081967213017,0.14010485765471636,0.0,0.0,0.0,1.2667635834049107,0.4675,0.9459459459459459,32.94,75.888,1.0,0.20802097153094326,-0.20747860530188764,0.2,0.0,81.0,20.0,18.0,18.0,0.0,1.0,0.0,0.0,0.0,0.0,0.0,1.0,0.0,0.0,0.0,0.0,0.0,33.13333333333333,1320.0,205.0224237535404,1.0,0.030303030303030304,0.6,0.3999249999998803,90.0,90.0
5.0,0.0,125.0,0.0,109.04500000000007,166.14000000000004,22.0,37.0,1.6770081967213017,0.14010485765471636,0.0,0.0,0.0,1.2667635834049107,0.4675,0.9459459459459459,32.94,75.888,1.0,0.20802097153094326,-0.20747860530188764,0.2,0.0,81.0,20.0,18.0,18.0,0.0,1.0,0.0,0.0,0.0,0.0,0.0,0.0,1.0,0.0,0.0,0.0,0.0,35.833333333333336,840.0,234.1262500000001,0.48397733919061964,0.14285714285714285,0.6,1.1359649999996329,90.0,90.0
5.0,0.0,125.0,0.0,109.04500000000007,166.14000000000004,22.0,37.0,1.6770081967213017,0.14010485765471636,0.0,0.0,0.0,1.2667635834049107,0.4675,0.9459459459459459,32.94,75.888,1.0,0.20802097153094326,-0.20747860530188764,0.2,0.0,81.0,20.0,18.0,18.0,0.0,1.0,0.0,0.0,0.0,0.0,0.0,0.0,0.0,1.0,0.0,0.0,0.0,32.15277777777778,1280.0,223.1262500000001,0.5711211820966096,0.3125,0.6,1.0060099999996357,90.0,90.0
5.0,0.0,125.0,0.0,109.04500000000007,166.14000000000004,22.0,37.0,1.6770081967213017,0.14010485765471636,0.0,0.0,0.0,1.2667635834049107,0.4675,0.9459459459459459,32.94,75.888,1.0,0.20802097153094326,-0.20747860530188764,0.2,0.0,81.0,20.0,18.0,18.0,0.0,1.0,0.0,0.0,0.0,0.0,0.0,0.0,0.0,0.0,1.0,0.0,0.0,34.916666666666664,1000.0,223.1262500000001,0.5763479530137259,0.04,0.36000000000000004,1.097069999999622,90.0,90.0
5.0,0.0,125.0,0.0,109.04500000000007,166.14000000000004,22.0,37.0,1.6770081967213017,0.14010485765471636,0.0,0.0,0.0,1.2667635834049107,0.4675,0.9459459459459459,32.94,75.888,1.0,0.20802097153094326,-0.20747860530188764,0.2,0.0,81.0,20.0,18.0,18.0,0.0,1.0,0.0,0.0,0.0,0.0,0.0,0.0,0.0,0.0,0.0,1.0,0.0,32.266666666666666,1200.0,237.18125000000012,0.572561137335213,0.4,0.6,1.0235749999996373,90.0,90.0
5.0,0.0,125.0,0.0,109.04500000000007,166.14000000000004,22.0,37.0,1.6770081967213017,0.14010485765471636,0.0,0.0,0.0,1.2667635834049107,0.4675,0.9459459459459459,32.94,75.888,1.0,0.20802097153094326,-0.20747860530188764,0.2,0.0,81.0,20.0,18.0,18.0,0.0,1.0,0.0,0.0,0.0,0.0,0.0,0.0,0.0,0.0,0.0,0.0,1.0,34.11944444444445,1080.0,217.33625000000012,0.6415865965746074,0.037037037037037035,0.6,1.0606899999996307,90.0,90.0
15.0,0.0,115.0,0.0,113.17000000000003,172.16000000000008,24.0,39.0,0.2659230769230773,0.21713983861058966,0.0,0.0,0.0,1.2336322002577793,0.45,0.9365079365079365,56.916000000000004,131.07600000000002,0.0,0.04342796772211793,-0.20674306942838128,0.3333333333333333,0.0,87.0,22.0,18.0,18.0,0.0,1.0,0.0,0.0,0.0,0.0,0.0,1.0,0.0,0.0,0.0,0.0,0.0,38.766666666666666,720.0,251.60375000000008,1.0,0.1111111111111111,0.9,0.8339449999996849,90.0,90.0
15.0,0.0,115.0,0.0,113.17000000000003,172.16000000000008,24.0,39.0,0.2659230769230773,0.21713983861058966,0.0,0.0,0.0,1.2336322002577793,0.45,0.9365079365079365,56.916000000000004,131.07600000000002,0.0,0.04342796772211793,-0.20674306942838128,0.3333333333333333,0.0,87.0,22.0,18.0,18.0,0.0,1.0,0.0,0.0,0.0,0.0,0.0,0.0,1.0,0.0,0.0,0.0,0.0,37.13611111111111,919.9999999999999,242.29750000000013,0.48397733919061964,0.043478260869565216,0.45,1.190259999999693,90.0,90.0
15.0,0.0,115.0,0.0,113.17000000000003,172.16000000000008,24.0,39.0,0.2659230769230773,0.21713983861058966,0.0,0.0,0.0,1.2336322002577793,0.45,0.9365079365079365,56.916000000000004,131.07600000000002,0.0,0.04342796772211793,-0.20674306942838128,0.3333333333333333,0.0,87.0,22.0,18.0,18.0,0.0,1.0,0.0,0.0,0.0,0.0,0.0,0.0,0.0,1.0,0.0,0.0,0.0,34.68333333333333,1200.0,219.9262500000001,0.6482576691005926,0.0,0.36000000000000004,1.0842449999996573,90.0,90.0
15.0,0.0,115.0,0.0,113.17000000000003,172.16000000000008,24.0,39.0,0.2659230769230773,0.21713983861058966,0.0,0.0,0.0,1.2336322002577793,0.45,0.9365079365079365,56.916000000000004,131.07600000000002,0.0,0.04342796772211793,-0.20674306942838128,0.3333333333333333,0.0,87.0,22.0,18.0,18.0,0.0,1.0,0.0,0.0,0.0,0.0,0.0,0.0,0.0,0.0,1.0,0.0,0.0,36.11944444444445,1040.0,225.3975000000001,0.5757258486701022,0.07692307692307693,0.7200000000000001,1.1312249999996737,90.0,90.0
15.0,0.0,115.0,0.0,113.17000000000003,172.16000000000008,24.0,39.0,0.2659230769230773,0.21713983861058966,0.0,0.0,0.0,1.2336322002577793,0.45,0.9365079365079365,56.916000000000004,131.07600000000002,0.0,0.04342796772211793,-0.20674306942838128,0.3333333333333333,0.0,87.0,22.0,18.0,18.0,0.0,1.0,0.0,0.0,0.0,0.0,0.0,0.0,0.0,0.0,0.0,1.0,0.0,37.13611111111111,919.9999999999999,242.29750000000013,0.483576716722545,0.043478260869565216,0.45,1.190259999999693,90.0,90.0
15.0,0.0,115.0,0.0,113.17000000000003,172.16000000000008,24.0,39.0,0.2659230769230773,0.21713983861058966,0.0,0.0,0.0,1.2336322002577793,0.45,0.9365079365079365,56.916000000000004,131.07600000000002,0.0,0.04342796772211793,-0.20674306942838128,0.3333333333333333,0.0,87.0,22.0,18.0,18.0,0.0,1.0,0.0,0.0,0.0,0.0,0.0,0.0,0.0,0.0,0.0,0.0,1.0,37.25,919.9999999999999,245.58625000000018,0.5675565832873186,0.13043478260869565,0.36000000000000004,1.1876549999996864,90.0,90.0
30.0,0.0,100.0,0.0,130.99000000000004,169.46000000000006,29.0,38.0,0.3116428571428571,0.20912807434277692,0.0,0.0,0.0,1.47260410825471,0.45,0.9253731343283582,57.528000000000006,132.48,1.0,0.22182561486855537,-0.1280412714261941,0.3333333333333333,0.0,95.0,25.0,18.0,18.0,0.0,1.0,0.0,0.0,0.0,0.0,0.0,1.0,0.0,0.0,0.0,0.0,0.0,37.40833333333333,1280.0,234.32875000000013,1.0,0.0,0.7714285714285714,0.4062349999998409,90.0,90.0
30.0,0.0,100.0,0.0,130.99000000000004,169.46000000000006,29.0,38.0,0.3116428571428571,0.20912807434277692,0.0,0.0,0.0,1.47260410825471,0.45,0.9253731343283582,57.528000000000006,132.48,1.0,0.22182561486855537,-0.1280412714261941,0.3333333333333333,0.0,95.0,25.0,18.0,18.0,0.0,1.0,0.0,0.0,0.0,0.0,0.0,0.0,1.0,0.0,0.0,0.0,0.0,39.297222222222224,1000.0,257.73,0.48397733919061964,0.12,0.45,1.2539949999998201,90.0,90.0
30.0,0.0,100.0,0.0,130.99000000000004,169.46000000000006,29.0,38.0,0.3116428571428571,0.20912807434277692,0.0,0.0,0.0,1.47260410825471,0.45,0.9253731343283582,57.528000000000006,132.48,1.0,0.22182561486855537,-0.1280412714261941,0.3333333333333333,0.0,95.0,25.0,18.0,18.0,0.0,1.0,0.0,0.0,0.0,0.0,0.0,0.0,0.0,1.0,0.0,0.0,0.0,35.27777777777778,1400.0,220.17750000000012,0.6615941690318846,0.08571428571428572,0.5142857142857142,1.0754749999997617,90.0,90.0
30.0,0.0,100.0,0.0,130.99000000000004,169.46000000000006,29.0,38.0,0.3116428571428571,0.20912807434277692,0.0,0.0,0.0,1.47260410825471,0.45,0.9253731343283582,57.528000000000006,132.48,1.0,0.22182561486855537,-0.1280412714261941,0.3333333333333333,0.0,95.0,25.0,18.0,18.0,0.0,1.0,0.0,0.0,0.0,0.0,0.0,0.0,0.0,0.0,1.0,0.0,0.0,37.83611111111111,1120.0,239.89500000000007,0.5675202250238032,0.0,0.6,1.1631499999997879,90.0,90.0
30.0,0.0,100.0,0.0,130.99000000000004,169.46000000000006,29.0,38.0,0.3116428571428571,0.20912807434277692,0.0,0.0,0.0,1.47260410825471,0.45,0.9253731343283582,57.528000000000006,132.48,1.0,0.22182561486855537,-0.1280412714261941,0.3333333333333333,0.0,95.0,25.0,18.0,18.0,0.0,1.0,0.0,0.0,0.0,0.0,0.0,0.0,0.0,0.0,0.0,1.0,0.0,39.297222222222224,1000.0,257.73,0.483576716722545,0.12,0.45,1.2539949999998201,90.0,90.0
30.0,0.0,100.0,0.0,130.99000000000004,169.46000000000006,29.0,38.0,0.3116428571428571,0.20912807434277692,0.0,0.0,0.0,1.47260410825471,0.45,0.9253731343283582,57.528000000000006,132.48,1.0,0.22182561486855537,-0.1280412714261941,0.3333333333333333,0.0,95.0,25.0,18.0,18.0,0.0,1.0,0.0,0.0,0.0,0.0,0.0,0.0,0.0,0.0,0.0,0.0,1.0,36.61388888888889,1280.0,221.63000000000014,0.6618556250761005,0.1875,0.5142857142857142,1.093984999999764,90.0,90.0
95.0,0.0,35.0,0.0,149.58750000000003,222.73000000000013,32.0,50.0,0.44552325581395297,0.15872355644997238,0.0,0.0,0.0,1.3392460364038448,0.45,0.9259259259259259,72.17999999999999,166.21200000000002,0.0,0.031744711289994475,-0.19645195297024734,0.14285714285714285,0.0,127.0,41.0,18.0,18.0,0.0,1.0,0.0,0.0,0.0,0.0,0.0,1.0,0.0,0.0,0.0,0.0,0.0,55.425,320.0,377.3549999999998,0.5161153885931752,0.25,0.6,2.239595000000288,130.5,130.5
95.0,0.0,35.0,0.0,149.58750000000003,222.73000000000013,32.0,50.0,0.44552325581395297,0.15872355644997238,0.0,0.0,0.0,1.3392460364038448,0.45,0.9259259259259259,72.17999999999999,166.21200000000002,0.0,0.031744711289994475,-0.19645195297024734,0.14285714285714285,0.0,127.0,41.0,18.0,18.0,0.0,1.0,0.0,0.0,0.0,0.0,0.0,0.0,1.0,0.0,0.0,0.0,0.0,52.88611111111111,560.0,358.50499999999977,0.545801571818905,0.0,0.675,2.0261800000005525,130.5,130.5
95.0,0.0,35.0,0.0,149.58750000000003,222.73000000000013,32.0,50.0,0.44552325581395297,0.15872355644997238,0.0,0.0,0.0,1.3392460364038448,0.45,0.9259259259259259,72.17999999999999,166.21200000000002,0.0,0.031744711289994475,-0.19645195297024734,0.14285714285714285,0.0,127.0,41.0,18.0,18.0,0.0,1.0,0.0,0.0,0.0,0.0,0.0,0.0,0.0,1.0,0.0,0.0,0.0,51.727777777777774,680.0,355.55499999999984,0.5551353236722437,0.058823529411764705,0.7714285714285714,1.9947050000005788,130.5,130.5
95.0,0.0,35.0,0.0,149.58750000000003,222.73000000000013,32.0,50.0,0.44552325581395297,0.15872355644997238,0.0,0.0,0.0,1.3392460364038448,0.45,0.9259259259259259,72.17999999999999,166.21200000000002,0.0,0.031744711289994475,-0.19645195297024734,0.14285714285714285,0.0,127.0,41.0,18.0,18.0,0.0,1.0,0.0,0.0,0.0,0.0,0.0,0.0,0.0,0.0,1.0,0.0,0.0,53.294444444444444,520.0,363.6549999999998,0.5329520028445236,0.07692307692307693,0.675,2.0549100000005174,130.5,130.5
95.0,0.0,35.0,0.0,149.58750000000003,222.73000000000013,32.0,50.0,0.44552325581395297,0.15872355644997238,0.0,0.0,0.0,1.3392460364038448,0.45,0.9259259259259259,72.17999999999999,166.21200000000002,0.0,0.031744711289994475,-0.19645195297024734,0.14285714285714285,0.0,127.0,41.0,18.0,18.0,0.0,1.0,0.0,0.0,0.0,0.0,0.0,0.0,0.0,0.0,0.0,1.0,0.0,52.88611111111111,560.0,358.50499999999977,0.545801571818905,0.0,0.675,2.0261800000005525,130.5,130.5
95.0,0.0,35.0,0.0,149.58750000000003,222.73000000000013,32.0,50.0,0.44552325581395297,0.15872355644997238,0.0,0.0,0.0,1.3392460364038448,0.45,0.9259259259259259,72.17999999999999,166.21200000000002,0.0,0.031744711289994475,-0.19645195297024734,0.14285714285714285,0.0,127.0,41.0,18.0,18.0,0.0,1.0,0.0,0.0,0.0,0.0,0.0,0.0,0.0,0.0,0.0,0.0,1.0,52.986111111111114,560.0,363.6549999999998,0.5527888629859774,0.14285714285714285,0.7714285714285714,2.0491600000005175,130.5,130.5
95.0,0.0,35.0,0.0,149.58750000000003,222.73000000000013,32.0,50.0,0.44552325581395297,0.15872355644997238,0.0,0.0,0.0,1.3392460364038448,0.45,0.9259259259259259,72.17999999999999,166.21200000000002,0.0,0.031744711289994475,-0.19645195297024734,0.14285714285714285,0.0,127.0,41.0,18.0,18.0,0.0,1.0,0.0,0.0,0.0,0.0,0.0,1.0,0.0,0.0,0.0,0.0,0.0,55.425,320.0,377.3549999999998,0.5161153885931752,0.25,0.6,2.239595000000288,130.5,130.5
95.0,0.0,35.0,0.0,149.58750000000003,222.73000000000013,32.0,50.0,0.44552325581395297,0.15872355644997238,0.0,0.0,0.0,1.3392460364038448,0.45,0.9259259259259259,72.17999999999999,166.21200000000002,0.0,0.031744711289994475,-0.19645195297024734,0.14285714285714285,0.0,127.0,41.0,18.0,18.0,0.0,1.0,0.0,0.0,0.0,0.0,0.0,0.0,1.0,0.0,0.0,0.0,0.0,52.88611111111111,560.0,358.50499999999977,0.545801571818905,0.0,0.675,2.0261800000005525,130.5,130.5
95.0,0.0,35.0,0.0,149.58750000000003,222.73000000000013,32.0,50.0,0.44552325581395297,0.15872355644997238,0.0,0.0,0.0,1.3392460364038448,0.45,0.9259259259259259,72.17999999999999,166.21200000000002,0.0,0.031744711289994475,-0.19645195297024734,0.14285714285714285,0.0,127.0,41.0,18.0,18.0,0.0,1.0,0.0,0.0,0.0,0.0,0.0,0.0,0.0,1.0,0.0,0.0,0.0,51.727777777777774,680.0,355.55499999999984,0.5551353236722437,0.058823529411764705,0.7714285714285714,1.9947050000005788,130.5,130.5
95.0,0.0,35.0,0.0,149.58750000000003,222.73000000000013,32.0,50.0,0.44552325581395297,0.15872355644997238,0.0,0.0,0.0,1.3392460364038448,0.45,0.9259259259259259,72.17999999999999,166.21200000000002,0.0,0.031744711289994475,-0.19645195297024734,0.14285714285714285,0.0,127.0,41.0,18.0,18.0,0.0,1.0,0.0,0.0,0.0,0.0,0.0,0.0,0.0,0.0,1.0,0.0,0.0,53.294444444444444,520.0,363.6549999999998,0.5329520028445236,0.07692307692307693,0.675,2.0549100000005174,130.5,130.5
95.0,0.0,35.0,0.0,149.58750000000003,222.73000000000013,32.0,50.0,0.44552325581395297,0.15872355644997238,0.0,0.0,0.0,1.3392460364038448,0.45,0.9259259259259259,72.17999999999999,166.21200000000002,0.0,0.031744711289994475,-0.19645195297024734,0.14285714285714285,0.0,127.0,41.0,18.0,18.0,0.0,1.0,0.0,0.0,0.0,0.0,0.0,0.0,0.0,0.0,0.0,1.0,0.0,52.88611111111111,560.0,358.50499999999977,0.545801571818905,0.0,0.675,2.0261800000005525,130.5,130.5
95.0,0.0,35.0,0.0,149.58750000000003,222.73000000000013,32.0,50.0,0.44552325581395297,0.15872355644997238,0.0,0.0,0.0,1.3392460364038448,0.45,0.9259259259259259,72.17999999999999,166.21200000000002,0.0,0.031744711289994475,-0.19645195297024734,0.14285714285714285,0.0,127.0,41.0,18.0,18.0,0.0,1.0,0.0,0.0,0.0,0.0,0.0,0.0,0.0,0.0,0.0,0.0,1.0,52.986111111111114,560.0,363.6549999999998,0.5527888629859774,0.14285714285714285,0.7714285714285714,2.0491600000005175,130.5,130.5
95.0,0.0,35.0,0.0,149.58750000000003,222.73000000000013,32.0,50.0,0.44552325581395297,0.15872355644997238,0.0,0.0,0.0,1.3392460364038448,0.45,0.9259259259259259,72.17999999999999,166.21200000000002,0.0,0.031744711289994475,-0.19645195297024734,0.14285714285714285,0.0,127.0,41.0,18.0,18.0,0.0,1.0,0.0,0.0,0.0,0.0,0.0,1.0,0.0,0.0,0.0,0.0,0.0,55.425,320.0,377.3549999999998,0.5161153885931752,0.25,0.6,2.239595000000288,130.5,130.5
95.0,0.0,35.0,0.0,149.58750000000003,222.73000000000013,32.0,50.0,0.44552325581395297,0.15872355644997238,0.0,0.0,0.0,1.3392460364038448,0.45,0.9259259259259259,72.17999999999999,166.21200000000002,0.0,0.031744711289994475,-0.19645195297024734,0.14285714285714285,0.0,127.0,41.0,18.0,18.0,0.0,1.0,0.0,0.0,0.0,0.0,0.0,0.0,1.0,0.0,0.0,0.0,0.0,52.88611111111111,560.0,358.50499999999977,0.545801571818905,0.0,0.675,2.0261800000005525,130.5,130.5
95.0,0.0,35.0,0.0,149.58750000000003,222.73000000000013,32.0,50.0,0.44552325581395297,0.15872355644997238,0.0,0.0,0.0,1.3392460364038448,0.45,0.9259259259259259,72.17999999999999,166.21200000000002,0.0,0.031744711289994475,-0.19645195297024734,0.14285714285714285,0.0,127.0,41.0,18.0,18.0,0.0,1.0,0.0,0.0,0.0,0.0,0.0,0.0,0.0,1.0,0.0,0.0,0.0,51.727777777777774,680.0,355.55499999999984,0.5551353236722437,0.058823529411764705,0.7714285714285714,1.9947050000005788,130.5,130.5
95.0,0.0,35.0,0.0,149.58750000000003,222.73000000000013,32.0,50.0,0.44552325581395297,0.15872355644997238,0.0,0.0,0.0,1.3392460364038448,0.45,0.9259259259259259,72.17999999999999,166.21200000000002,0.0,0.031744711289994475,-0.19645195297024734,0.14285714285714285,0.0,127.0,41.0,18.0,18.0,0.0,1.0,0.0,0.0,0.0,0.0,0.0,0.0,0.0,0.0,1.0,0.0,0.0,53.294444444444444,520.0,363.6549999999998,0.5329520028445236,0.07692307692307693,0.675,2.0549100000005174,130.5,130.5
95.0,0.0,35.0,0.0,149.58750000000003,222.73000000000013,32.0,50.0,0.44552325581395297,0.15872355644997238,0.0,0.0,0.0,1.3392460364038448,0.45,0.9259259259259259,72.17999999999999,166.21200000000002,0.0,0.031744711289994475,-0.19645195297024734,0.14285714285714285,0.0,127.0,41.0,18.0,18.0,0.0,1.0,0.0,0.0,0.0,0.0,0.0,0.0,0.0,0.0,0.0,1.0,0.0,52.88611111111111,560.0,358.50499999999977,0.545801571818905,0.0,0.675,2.0261800000005525,130.5,130.5
95.0,0.0,35.0,0.0,149.58750000000003,222.73000000000013,32.0,50.0,0.44552325581395297,0.15872355644997238,0.0,0.0,0.0,1.3392460364038448,0.45,0.9259259259259259,72.17999999999999,166.21200000000002,0.0,0.031744711289994475,-0.19645195297024734,0.14285714285714285,0.0,127.0,41.0,18.0,18.0,0.0,1.0,0.0,0.0,0.0,0.0,0.0,0.0,0.0,0.0,0.0,0.0,1.0,52.986111111111114,560.0,363.6549999999998,0.5527888629859774,0.14285714285714285,0.7714285714285714,2.0491600000005175,130.5,130.5
15.0,0.0,0.0,0.0,258.82000000000005,419.8274999999996,57.0,93.0,0.6343790849673124,0.2546711568959097,0.0,0.3,0.0,1.0134775278109338,0.51,0.8392857142857143,43.739999999999995,100.72800000000001,1.0,0.28193423137918194,-0.23724761382013437,0.16666666666666666,0.0,209.0,56.0,18.0,18.0,0.0,1.0,0.0,0.0,0.0,0.0,0.0,1.0,0.0,0.0,0.0,0.0,0.0,82.46388888888889,360.0,467.67874999999935,0.3520639552010444,0.1111111111111111,0.6,2.748574999996891,90.0,90.0
15.0,0.0,0.0,0.0,258.82000000000005,419.8274999999996,57.0,93.0,0.6343790849673124,0.2546711568959097,0.0,0.3,0.0,1.0134775278109338,0.51,0.8392857142857143,43.739999999999995,100.72800000000001,1.0,0.28193423137918194,-0.23724761382013437,0.16666666666666666,0.0,209.0,56.0,18.0,18.0,0.0,1.0,0.0,0.0,0.0,0.0,0.0,0.0,1.0,0.0,0.0,0.0,0.0,78.53333333333333,960.0,439.9299999999995,0.46913442759368473,0.08333333333333333,0.5142857142857142,2.296289999997412,90.0,90.0
15.0,0.0,0.0,0.0,258.82000000000005,419.8274999999996,57.0,93.0,0.6343790849673124,0.2546711568959097,0.0,0.3,0.0,1.0134775278109338,0.51,0.8392857142857143,43.739999999999995,100.72800000000001,1.0,0.28193423137918194,-0.23724761382013437,0.16666666666666666,0.0,209.0,56.0,18.0,18.0,0.0,1.0,0.0,0.0,0.0,0.0,0.0,0.0,0.0,1.0,0.0,0.0,0.0,74.91111111111111,1400.0,428.64374999999956,0.6377897077697906,0.02857142857142857,0.5142857142857142,2.16422999999761,90.0,90.0
15.0,0.0,0.0,0.0,258.82000000000005,419.8274999999996,57.0,93.0,0.6343790849673124,0.2546711568959097,0.0,0.3,0.0,1.0134775278109338,0.51,0.8392857142857143,43.739999999999995,100.72800000000001,1.0,0.28193423137918194,-0.23724761382013437,0.16666666666666666,0.0,209.0,56.0,18.0,18.0,0.0,1.0,0.0,0.0,0.0,0.0,0.0,0.0,0.0,0.0,1.0,0.0,0.0,78.0111111111111,1000.0,434.5562499999996,0.4694190542109563,0.28,0.675,2.2917999999974263,90.0,90.0
15.0,0.0,0.0,0.0,258.82000000000005,419.8274999999996,57.0,93.0,0.6343790849673124,0.2546711568959097,0.0,0.3,0.0,1.0134775278109338,0.51,0.8392857142857143,43.739999999999995,100.72800000000001,1.0,0.28193423137918194,-0.23724761382013437,0.16666666666666666,0.0,209.0,56.0,18.0,18.0,0.0,1.0,0.0,0.0,0.0,0.0,0.0,0.0,0.0,0.0,0.0,1.0,0.0,78.53333333333333,960.0,439.9299999999995,0.4688192219402321,0.08333333333333333,0.5142857142857142,2.296289999997412,90.0,90.0
15.0,0.0,0.0,0.0,258.82000000000005,419.8274999999996,57.0,93.0,0.6343790849673124,0.2546711568959097,0.0,0.3,0.0,1.0134775278109338,0.51,0.8392857142857143,43.739999999999995,100.72800000000001,1.0,0.28193423137918194,-0.23724761382013437,0.16666666666666666,0.0,209.0,56.0,18.0,18.0,0.0,1.0,0.0,0.0,0.0,0.0,0.0,0.0,0.0,0.0,0.0,0.0,1.0,76.40277777777777,1160.0,422.6162499999996,0.6353639834924365,0.3793103448275862,0.45,2.232714999997511,90.0,90.0
15.0,0.0,0.0,0.0,258.82000000000005,419.8274999999996,57.0,93.0,0.6343790849673124,0.2546711568959097,0.0,0.3,0.0,1.0134775278109338,0.51,0.8392857142857143,43.739999999999995,100.72800000000001,1.0,0.28193423137918194,-0.23724761382013437,0.16666666666666666,0.0,209.0,56.0,18.0,18.0,0.0,1.0,0.0,0.0,0.0,0.0,0.0,1.0,0.0,0.0,0.0,0.0,0.0,82.46388888888889,360.0,467.67874999999935,0.3520639552010444,0.1111111111111111,0.6,2.748574999996891,90.0,90.0
15.0,0.0,0.0,0.0,258.82000000000005,419.8274999999996,57.0,93.0,0.6343790849673124,0.2546711568959097,0.0,0.3,0.0,1.0134775278109338,0.51,0.8392857142857143,43.739999999999995,100.72800000000001,1.0,0.28193423137918194,-0.23724761382013437,0.16666666666666666,0.0,209.0,56.0,18.0,18.0,0.0,1.0,0.0,0.0,0.0,0.0,0.0,0.0,1.0,0.0,0.0,0.0,0.0,78.53333333333333,960.0,439.9299999999995,0.46913442759368473,0.08333333333333333,0.5142857142857142,2.296289999997412,90.0,90.0
15.0,0.0,0.0,0.0,258.82000000000005,419.8274999999996,57.0,93.0,0.6343790849673124,0.2546711568959097,0.0,0.3,0.0,1.0134775278109338,0.51,0.8392857142857143,43.739999999999995,100.72800000000001,1.0,0.28193423137918194,-0.23724761382013437,0.16666666666666666,0.0,209.0,56.0,18.0,18.0,0.0,1.0,0.0,0.0,0.0,0.0,0.0,0.0,0.0,1.0,0.0,0.0,0.0,74.91111111111111,1400.0,428.64374999999956,0.6377897077697906,0.02857142857142857,0.5142857142857142,2.16422999999761,90.0,90.0
15.0,0.0,0.0,0.0,258.82000000000005,419.8274999999996,57.0,93.0,0.6343790849673124,0.2546711568959097,0.0,0.3,0.0,1.0134775278109338,0.51,0.8392857142857143,43.739999999999995,100.72800000000001,1.0,0.28193423137918194,-0.23724761382013437,0.16666666666666666,0.0,209.0,56.0,18.0,18.0,0.0,1.0,0.0,0.0,0.0,0.0,0.0,0.0,0.0,0.0,1.0,0.0,0.0,78.0111111111111,1000.0,434.5562499999996,0.4694190542109563,0.28,0.675,2.2917999999974263,90.0,90.0
15.0,0.0,0.0,0.0,258.82000000000005,419.8274999999996,57.0,93.0,0.6343790849673124,0.2546711568959097,0.0,0.3,0.0,1.0134775278109338,0.51,0.8392857142857143,43.739999999999995,100.72800000000001,1.0,0.28193423137918194,-0.23724761382013437,0.16666666666666666,0.0,209.0,56.0,18.0,18.0,0.0,1.0,0.0,0.0,0.0,0.0,0.0,0.0,0.0,0.0,0.0,1.0,0.0,78.53333333333333,960.0,439.9299999999995,0.4688192219402321,0.08333333333333333,0.5142857142857142,2.296289999997412,90.0,90.0
15.0,0.0,0.0,0.0,258.82000000000005,419.8274999999996,57.0,93.0,0.6343790849673124,0.2546711568959097,0.0,0.3,0.0,1.0134775278109338,0.51,0.8392857142857143,43.739999999999995,100.72800000000001,1.0,0.28193423137918194,-0.23724761382013437,0.16666666666666666,0.0,209.0,56.0,18.0,18.0,0.0,1.0,0.0,0.0,0.0,0.0,0.0,0.0,0.0,0.0,0.0,0.0,1.0,76.40277777777777,1160.0,422.6162499999996,0.6353639834924365,0.3793103448275862,0.45,2.232714999997511,90.0,90.0
30.0,0.0,0.0,0.0,274.19875000000013,417.8899999999996,59.0,94.0,1.5159134615384524,0.14884627635674272,0.0,0.0,0.0,1.4417525072745097,0.45,0.925531914893617,79.812,183.708,0.0,0.029769255271348546,-0.2076196875039502,0.0,0.0,216.0,60.0,18.0,18.0,0.0,1.0,0.0,0.0,0.0,0.0,0.0,1.0,0.0,0.0,0.0,0.0,0.0,81.71388888888889,680.0,460.8049999999994,1.0,0.058823529411764705,0.675,1.9648049999977681,90.0,90.0
30.0,0.0,0.0,0.0,274.19875000000013,417.8899999999996,59.0,94.0,1.5159134615384524,0.14884627635674272,0.0,0.0,0.0,1.4417525072745097,0.45,0.925531914893617,79.812,183.708,0.0,0.029769255271348546,-0.2076196875039502,0.0,0.0,216.0,60.0,18.0,18.0,0.0,1.0,0.0,0.0,0.0,0.0,0.0,0.0,1.0,0.0,0.0,0.0,0.0,79.80277777777778,960.0,446.2874999999995,0.46913442759368473,0.0,0.5142857142857142,2.391454999997353,90.0,90.0
30.0,0.0,0.0,0.0,274.19875000000013,417.8899999999996,59.0,94.0,1.5159134615384524,0.14884627635674272,0.0,0.0,0.0,1.4417525072745097,0.45,0.925531914893617,79.812,183.708,0.0,0.029769255271348546,-0.2076196875039502,0.0,0.0,216.0,60.0,18.0,18.0,0.0,1.0,0.0,0.0,0.0,0.0,0.0,0.0,0.0,1.0,0.0,0.0,0.0,77.24444444444444,1320.0,436.84374999999955,0.6391048919613855,0.030303030303030304,0.6,2.2660049999975156,90.0,90.0
30.0,0.0,0.0,0.0,274.19875000000013,417.8899999999996,59.0,94.0,1.5159134615384524,0.14884627635674272,0.0,0.0,0.0,1.4417525072745097,0.45,0.925531914893617,79.812,183.708,0.0,0.029769255271348546,-0.2076196875039502,0.0,0.0,216.0,60.0,18.0,18.0,0.0,1.0,0.0,0.0,0.0,0.0,0.0,0.0,0.0,0.0,1.0,0.0,0.0,78.9888888888889,1040.0,438.9549999999995,0.47480093817669067,0.0,0.5142857142857142,2.386309999997372,90.0,90.0
30.0,0.0,0.0,0.0,274.19875000000013,417.8899999999996,59.0,94.0,1.5159134615384524,0.14884627635674272,0.0,0.0,0.0,1.4417525072745097,0.45,0.925531914893617,79.812,183.708,0.0,0.029769255271348546,-0.2076196875039502,0.0,0.0,216.0,60.0,18.0,18.0,0.0,1.0,0.0,0.0,0.0,0.0,0.0,0.0,0.0,0.0,0.0,1.0,0.0,79.80277777777778,960.0,446.2874999999995,0.4688192219402321,0.0,0.5142857142857142,2.391454999997353,90.0,90.0
30.0,0.0,0.0,0.0,274.19875000000013,417.8899999999996,59.0,94.0,1.5159134615384524,0.14884627635674272,0.0,0.0,0.0,1.4417525072745097,0.45,0.925531914893617,79.812,183.708,0.0,0.029769255271348546,-0.2076196875039502,0.0,0.0,216.0,60.0,18.0,18.0,0.0,1.0,0.0,0.0,0.0,0.0,0.0,0.0,0.0,0.0,0.0,0.0,1.0,79.54444444444445,1040.0,444.2049999999995,0.6441707781940482,0.15384615384615385,0.5142857142857142,2.334584999997416,90.0,90.0
135.0,0.0,0.0,0.0,333.21000000000004,466.6699999999994,71.0,103.0,0.14474576271186443,0.17922814394267514,0.0,0.0,0.0,1.177641865437763,0.45,0.9190751445086706,150.948,347.436,0.0,0.035845628788535026,-0.16685002750412492,0.14285714285714285,0.0,267.0,90.0,18.0,18.0,0.0,1.0,0.0,0.0,0.0,0.0,0.0,1.0,0.0,0.0,0.0,0.0,0.0,100.275,400.0,606.8849999999989,0.566363076300169,0.2,0.5142857142857142,3.5643350000140916,90.0,90.0
135.0,0.0,0.0,0.0,333.21000000000004,466.6699999999994,71.0,103.0,0.14474576271186443,0.17922814394267514,0.0,0.0,0.0,1.177641865437763,0.45,0.9190751445086706,150.948,347.436,0.0,0.035845628788535026,-0.16685002750412492,0.14285714285714285,0.0,267.0,90.0,18.0,18.0,0.0,1.0,0.0,0.0,0.0,0.0,0.0,0.0,1.0,0.0,0.0,0.0,0.0,96.5,960.0,564.9674999999991,0.39672556665904996,0.25,0.36000000000000004,2.9687650000116665,90.0,90.0
135.0,0.0,0.0,0.0,333.21000000000004,466.6699999999994,71.0,103.0,0.14474576271186443,0.17922814394267514,0.0,0.0,0.0,1.177641865437763,0.45,0.9190751445086706,150.948,347.436,0.0,0.035845628788535026,-0.16685002750412492,0.14285714285714285,0.0,267.0,90.0,18.0,18.0,0.0,1.0,0.0,0.0,0.0,0.0,0.0,0.0,0.0,1.0,0.0,0.0,0.0,92.88055555555556,1320.0,521.8474999999993,0.5752684091893844,0.3333333333333333,0.36000000000000004,2.81189500001099,90.0,90.0
135.0,0.0,0.0,0.0,333.21000000000004,466.6699999999994,71.0,103.0,0.14474576271186443,0.17922814394267514,0.0,0.0,0.0,1.177641865437763,0.45,0.9190751445086706,150.948,347.436,0.0,0.035845628788535026,-0.16685002750412492,0.14285714285714285,0.0,267.0,90.0,18.0,18.0,0.0,1.0,0.0,0.0,0.0,0.0,0.0,0.0,0.0,0.0,1.0,0.0,0.0,95.77222222222223,1040.0,559.7174999999991,0.5702013448082887,0.23076923076923078,0.3,2.9734150000117126,90.0,90.0
135.0,0.0,0.0,0.0,333.21000000000004,466.6699999999994,71.0,103.0,0.14474576271186443,0.17922814394267514,0.0,0.0,0.0,1.177641865437763,0.45,0.9190751445086706,150.948,347.436,0.0,0.035845628788535026,-0.16685002750412492,0.14285714285714285,0.0,267.0,90.0,18.0,18.0,0.0,1.0,0.0,0.0,0.0,0.0,0.0,0.0,0.0,0.0,0.0,1.0,0.0,96.5,960.0,564.9674999999991,0.3961532082530593,0.25,0.36000000000000004,2.9687650000116665,90.0,90.0
135.0,0.0,0.0,0.0,333.21000000000004,466.6699999999994,71.0,103.0,0.14474576271186443,0.17922814394267514,0.0,0.0,0.0,1.177641865437763,0.45,0.9190751445086706,150.948,347.436,0.0,0.035845628788535026,-0.16685002750412492,0.14285714285714285,0.0,267.0,90.0,18.0,18.0,0.0,1.0,0.0,0.0,0.0,0.0,0.0,0.0,0.0,0.0,0.0,0.0,1.0,96.08333333333333,1000.0,559.7174999999991,0.4032716541512813,0.28,0.5142857142857142,2.94810500001158,90.0,90.0
135.0,0.0,0.0,0.0,333.21000000000004,466.6699999999994,71.0,103.0,0.14474576271186443,0.17922814394267514,0.0,0.0,0.0,1.177641865437763,0.45,0.9190751445086706,150.948,347.436,0.0,0.035845628788535026,-0.16685002750412492,0.14285714285714285,0.0,267.0,90.0,18.0,18.0,0.0,1.0,0.0,0.0,0.0,0.0,0.0,1.0,0.0,0.0,0.0,0.0,0.0,100.275,400.0,606.8849999999989,0.566363076300169,0.2,0.5142857142857142,3.5643350000140916,90.0,90.0
135.0,0.0,0.0,0.0,333.21000000000004,466.6699999999994,71.0,103.0,0.14474576271186443,0.17922814394267514,0.0,0.0,0.0,1.177641865437763,0.45,0.9190751445086706,150.948,347.436,0.0,0.035845628788535026,-0.16685002750412492,0.14285714285714285,0.0,267.0,90.0,18.0,18.0,0.0,1.0,0.0,0.0,0.0,0.0,0.0,0.0,1.0,0.0,0.0,0.0,0.0,96.5,960.0,564.9674999999991,0.39672556665904996,0.25,0.36000000000000004,2.9687650000116665,90.0,90.0
135.0,0.0,0.0,0.0,333.21000000000004,466.6699999999994,71.0,103.0,0.14474576271186443,0.17922814394267514,0.0,0.0,0.0,1.177641865437763,0.45,0.9190751445086706,150.948,347.436,0.0,0.035845628788535026,-0.16685002750412492,0.14285714285714285,0.0,267.0,90.0,18.0,18.0,0.0,1.0,0.0,0.0,0.0,0.0,0.0,0.0,0.0,1.0,0.0,0.0,0.0,92.88055555555556,1320.0,521.8474999999993,0.5752684091893844,0.3333333333333333,0.36000000000000004,2.81189500001099,90.0,90.0
135.0,0.0,0.0,0.0,333.21000000000004,466.6699999999994,71.0,103.0,0.14474576271186443,0.17922814394267514,0.0,0.0,0.0,1.177641865437763,0.45,0.9190751445086706,150.948,347.436,0.0,0.035845628788535026,-0.16685002750412492,0.14285714285714285,0.0,267.0,90.0,18.0,18.0,0.0,1.0,0.0,0.0,0.0,0.0,0.0,0.0,0.0,0.0,1.0,0.0,0.0,95.77222222222223,1040.0,559.7174999999991,0.5702013448082887,0.23076923076923078,0.3,2.9734150000117126,90.0,90.0
135.0,0.0,0.0,0.0,333.21000000000004,466.6699999999994,71.0,103.0,0.14474576271186443,0.17922814394267514,0.0,0.0,0.0,1.177641865437763,0.45,0.9190751445086706,150.948,347.436,0.0,0.035845628788535026,-0.16685002750412492,0.14285714285714285,0.0,267.0,90.0,18.0,18.0,0.0,1.0,0.0,0.0,0.0,0.0,0.0,0.0,0.0,0.0,0.0,1.0,0.0,96.5,960.0,564.9674999999991,0.3961532082530593,0.25,0.36000000000000004,2.9687650000116665,90.0,90.0
135.0,0.0,0.0,0.0,333.21000000000004,466.6699999999994,71.0,103.0,0.14474576271186443,0.17922814394267514,0.0,0.0,0.0,1.177641865437763,0.45,0.9190751445086706,150.948,347.436,0.0,0.035845628788535026,-0.16685002750412492,0.14285714285714285,0.0,267.0,90.0,18.0,18.0,0.0,1.0,0.0,0.0,0.0,0.0,0.0,0.0,0.0,0.0,0.0,0.0,1.0,96.08333333333333,1000.0,559.7174999999991,0.4032716541512813,0.28,0.5142857142857142,2.94810500001158,90.0,90.0
135.0,0.0,0.0,0.0,333.21000000000004,466.6699999999994,71.0,103.0,0.14474576271186443,0.17922814394267514,0.0,0.0,0.0,1.177641865437763,0.45,0.9190751445086706,150.948,347.436,0.0,0.035845628788535026,-0.16685002750412492,0.14285714285714285,0.0,267.0,90.0,18.0,18.0,0.0,1.0,0.0,0.0,0.0,0.0,0.0,1.0,0.0,0.0,0.0,0.0,0.0,100.275,400.0,606.8849999999989,0.566363076300169,0.2,0.5142857142857142,3.5643350000140916,90.0,90.0
135.0,0.0,0.0,0.0,333.21000000000004,466.6699999999994,71.0,103.0,0.14474576271186443,0.17922814394267514,0.0,0.0,0.0,1.177641865437763,0.45,0.9190751445086706,150.948,347.436,0.0,0.035845628788535026,-0.16685002750412492,0.14285714285714285,0.0,267.0,90.0,18.0,18.0,0.0,1.0,0.0,0.0,0.0,0.0,0.0,0.0,1.0,0.0,0.0,0.0,0.0,96.5,960.0,564.9674999999991,0.39672556665904996,0.25,0.36000000000000004,2.9687650000116665,90.0,90.0
135.0,0.0,0.0,0.0,333.21000000000004,466.6699999999994,71.0,103.0,0.14474576271186443,0.17922814394267514,0.0,0.0,0.0,1.177641865437763,0.45,0.9190751445086706,150.948,347.436,0.0,0.035845628788535026,-0.16685002750412492,0.14285714285714285,0.0,267.0,90.0,18.0,18.0,0.0,1.0,0.0,0.0,0.0,0.0,0.0,0.0,0.0,1.0,0.0,0.0,0.0,92.88055555555556,1320.0,521.8474999999993,0.5752684091893844,0.3333333333333333,0.36000000000000004,2.81189500001099,90.0,90.0
135.0,0.0,0.0,0.0,333.21000000000004,466.6699999999994,71.0,103.0,0.14474576271186443,0.17922814394267514,0.0,0.0,0.0,1.177641865437763,0.45,0.9190751445086706,150.948,347.436,0.0,0.035845628788535026,-0.16685002750412492,0.14285714285714285,0.0,267.0,90.0,18.0,18.0,0.0,1.0,0.0,0.0,0.0,0.0,0.0,0.0,0.0,0.0,1.0,0.0,0.0,95.77222222222223,1040.0,559.7174999999991,0.5702013448082887,0.23076923076923078,0.3,2.9734150000117126,90.0,90.0
135.0,0.0,0.0,0.0,333.21000000000004,466.6699999999994,71.0,103.0,0.14474576271186443,0.17922814394267514,0.0,0.0,0.0,1.177641865437763,0.45,0.9190751445086706,150.948,347.436,0.0,0.035845628788535026,-0.16685002750412492,0.14285714285714285,0.0,267.0,90.0,18.0,18.0,0.0,1.0,0.0,0.0,0.0,0.0,0.0,0.0,0.0,0.0,0.0,1.0,0.0,96.5,960.0,564.9674999999991,0.3961532082530593,0.25,0.36000000000000004,2.9687650000116665,90.0,90.0
135.0,0.0,0.0,0.0,333.21000000000004,466.6699999999994,71.0,103.0,0.14474576271186443,0.17922814394267514,0.0,0.0,0.0,1.177641865437763,0.45,0.9190751445086706,150.948,347.436,0.0,0.035845628788535026,-0.16685002750412492,0.14285714285714285,0.0,267.0,90.0,18.0,18.0,0.0,1.0,0.0,0.0,0.0,0.0,0.0,0.0,0.0,0.0,0.0,0.0,1.0,96.08333333333333,1000.0,559.7174999999991,0.4032716541512813,0.28,0.5142857142857142,2.94810500001158,90.0,90.0
255.0,0.0,0.0,0.0,476.2024999999997,588.626249999999,105.0,131.0,0.11794979079497836,0.1570212023093162,0.0,0.0,0.0,1.4786054179435293,0.45,0.905982905982906,193.896,446.22,0.0,0.03140424046186324,-0.10557918350720662,0.0,0.0,362.0,123.0,18.0,18.0,0.0,1.0,0.0,0.0,0.0,0.0,0.0,1.0,0.0,0.0,0.0,0.0,0.0,0.0,0.0,0.0,0.0,0.0,0.0,0.0,0.5,0.5
255.0,0.0,0.0,0.0,476.2024999999997,588.626249999999,105.0,131.0,0.11794979079497836,0.1570212023093162,0.0,0.0,0.0,1.4786054179435293,0.45,0.905982905982906,193.896,446.22,0.0,0.03140424046186324,-0.10557918350720662,0.0,0.0,362.0,123.0,18.0,18.0,0.0,1.0,0.0,0.0,0.0,0.0,0.0,0.0,1.0,0.0,0.0,0.0,0.0,0.0,0.0,0.0,0.0,0.0,0.0,0.0,0.5,0.5
255.0,0.0,0.0,0.0,476.2024999999997,588.626249999999,105.0,131.0,0.11794979079497836,0.1570212023093162,0.0,0.0,0.0,1.4786054179435293,0.45,0.905982905982906,193.896,446.22,0.0,0.03140424046186324,-0.10557918350720662,0.0,0.0,362.0,123.0,18.0,18.0,0.0,1.0,0.0,0.0,0.0,0.0,0.0,0.0,0.0,1.0,0.0,0.0,0.0,0.0,0.0,0.0,0.0,0.0,0.0,0.0,0.5,0.5
255.0,0.0,0.0,0.0,476.2024999999997,588.626249999999,105.0,131.0,0.11794979079497836,0.1570212023093162,0.0,0.0,0.0,1.4786054179435293,0.45,0.905982905982906,193.896,446.22,0.0,0.03140424046186324,-0.10557918350720662,0.0,0.0,362.0,123.0,18.0,18.0,0.0,1.0,0.0,0.0,0.0,0.0,0.0,0.0,0.0,0.0,1.0,0.0,0.0,0.0,0.0,0.0,0.0,0.0,0.0,0.0,0.5,0.5
255.0,0.0,0.0,0.0,476.2024999999997,588.626249999999,105.0,131.0,0.11794979079497836,0.1570212023093162,0.0,0.0,0.0,1.4786054179435293,0.45,0.905982905982906,193.896,446.22,0.0,0.03140424046186324,-0.10557918350720662,0.0,0.0,362.0,123.0,18.0,18.0,0.0,1.0,0.0,0.0,0.0,0.0,0.0,0.0,0.0,0.0,0.0,1.0,0.0,0.0,0.0,0.0,0.0,0.0,0.0,0.0,0.5,0.5
255.0,0.0,0.0,0.0,476.2024999999997,588.626249999999,105.0,131.0,0.11794979079497836,0.1570212023093162,0.0,0.0,0.0,1.4786054179435293,0.45,0.905982905982906,193.896,446.22,0.0,0.03140424046186324,-0.10557918350720662,0.0,0.0,362.0,123.0,18.0,18.0,0.0,1.0,0.0,0.0,0.0,0.0,0.0,0.0,0.0,0.0,0.0,0.0,1.0,0.0,0.0,0.0,0.0,0.0,0.0,0.0,0.5,0.5
255.0,0.0,0.0,0.0,476.2024999999997,588.626249999999,105.0,131.0,0.11794979079497836,0.1570212023093162,0.0,0.0,0.0,1.4786054179435293,0.45,0.905982905982906,193.896,446.22,0.0,0.03140424046186324,-0.10557918350720662,0.0,0.0,362.0,123.0,18.0,18.0,0.0,1.0,0.0,0.0,0.0,0.0,0.0,1.0,0.0,0.0,0.0,0.0,0.0,0.0,0.0,0.0,0.0,0.0,0.0,0.0,0.5,0.5
255.0,0.0,0.0,0.0,476.2024999999997,588.626249999999,105.0,131.0,0.11794979079497836,0.1570212023093162,0.0,0.0,0.0,1.4786054179435293,0.45,0.905982905982906,193.896,446.22,0.0,0.03140424046186324,-0.10557918350720662,0.0,0.0,362.0,123.0,18.0,18.0,0.0,1.0,0.0,0.0,0.0,0.0,0.0,0.0,1.0,0.0,0.0,0.0,0.0,0.0,0.0,0.0,0.0,0.0,0.0,0.0,0.5,0.5
255.0,0.0,0.0,0.0,476.2024999999997,588.626249999999,105.0,131.0,0.11794979079497836,0.1570212023093162,0.0,0.0,0.0,1.4786054179435293,0.45,0.905982905982906,193.896,446.22,0.0,0.03140424046186324,-0.10557918350720662,0.0,0.0,362.0,123.0,18.0,18.0,0.0,1.0,0.0,0.0,0.0,0.0,0.0,0.0,0.0,1.0,0.0,0.0,0.0,0.0,0.0,0.0,0.0,0.0,0.0,0.0,0.5,0.5
255.0,0.0,0.0,0.0,476.2024999999997,588.626249999999,105.0,131.0,0.11794979079497836,0.1570212023093162,0.0,0.0,0.0,1.4786054179435293,0.45,0.905982905982906,193.896,446.22,0.0,0.03140424046186324,-0.10557918350720662,0.0,0.0,362.0,123.0,18.0,18.0,0.0,1.0,0.0,0.0,0.0,0.0,0.0,0.0,0.0,0.0,1.0,0.0,0.0,0.0,0.0,0.0,0.0,0.0,0.0,0.0,0.5,0.5
255.0,0.0,0.0,0.0,476.2024999999997,588.626249999999,105.0,131.0,0.11794979079497836,0.1570212023093162,0.0,0.0,0.0,1.4786054179435293,0.45,0.905982905982906,193.896,446.22,0.0,0.03140424046186324,-0.10557918350720662,0.0,0.0,362.0,123.0,18.0,18.0,0.0,1.0,0.0,0.0,0.0,0.0,0.0,0.0,0.0,0.0,0.0,1.0,0.0,0.0,0.0,0.0,0.0,0.0,0.0,0.0,0.5,0.5
255.0,0.0,0.0,0.0,476.2024999999997,588.626249999999,105.0,131.0,0.11794979079497836,0.1570212023093162,0.0,0.0,0.0,1.4786054179435293,0.45,0.905982905982906,193.896,446.22,0.0,0.03140424046186324,-0.10557918350720662,0.0,0.0,362.0,123.0,18.0,18.0,0.0,1.0,0.0,0.0,0.0,0.0,0.0,0.0,0.0,0.0,0.0,0.0,1.0,0.0,0.0,0.0,0.0,0.0,0.0,0.0,0.5,0.5
255.0,0.0,0.0,0.0,476.2024999999997,588.626249999999,105.0,131.0,0.11794979079497836,0.1570212023093162,0.0,0.0,0.0,1.4786054179435293,0.45,0.905982905982906,193.896,446.22,0.0,0.03140424046186324,-0.10557918350720662,0.0,0.0,362.0,123.0,18.0,18.0,0.0,1.0,0.0,0.0,0.0,0.0,0.0,1.0,0.0,0.0,0.0,0.0,0.0,0.0,0.0,0.0,0.0,0.0,0.0,0.0,0.5,0.5
255.0,0.0,0.0,0.0,476.2024999999997,588.626249999999,105.0,131.0,0.11794979079497836,0.1570212023093162,0.0,0.0,0.0,1.4786054179435293,0.45,0.905982905982906,193.896,446.22,0.0,0.03140424046186324,-0.10557918350720662,0.0,0.0,362.0,123.0,18.0,18.0,0.0,1.0,0.0,0.0,0.0,0.0,0.0,0.0,1.0,0.0,0.0,0.0,0.0,0.0,0.0,0.0,0.0,0.0,0.0,0.0,0.5,0.5
255.0,0.0,0.0,0.0,476.2024999999997,588.626249999999,105.0,131.0,0.11794979079497836,0.1570212023093162,0.0,0.0,0.0,1.4786054179435293,0.45,0.905982905982906,193.896,446.22,0.0,0.03140424046186324,-0.10557918350720662,0.0,0.0,362.0,123.0,18.0,18.0,0.0,1.0,0.0,0.0,0.0,0.0,0.0,0.0,0.0,1.0,0.0,0.0,0.0,0.0,0.0,0.0,0.0,0.0,0.0,0.0,0.5,0.5
255.0,0.0,0.0,0.0,476.2024999999997,588.626249999999,105.0,131.0,0.11794979079497836,0.1570212023093162,0.0,0.0,0.0,1.4786054179435293,0.45,0.905982905982906,193.896,446.22,0.0,0.03140424046186324,-0.10557918350720662,0.0,0.0,362.0,123.0,18.0,18.0,0.0,1.0,0.0,0.0,0.0,0.0,0.0,0.0,0.0,0.0,1.0,0.0,0.0,0.0,0.0,0.0,0.0,0.0,0.0,0.0,0.5,0.5
255.0,0.0,0.0,0.0,476.2024999999997,588.626249999999,105.0,131.0,0.11794979079497836,0.1570212023093162,0.0,0.0,0.0,1.4786054179435293,0.45,0.905982905982906,193.896,446.22,0.0,0.03140424046186324,-0.10557918350720662,0.0,0.0,362.0,123.0,18.0,18.0,0.0,1.0,0.0,0.0,0.0,0.0,0.0,0.0,0.0,0.0,0.0,1.0,0.0,0.0,0.0,0.0,0.0,0.0,0.0,0.0,0.5,0.5
255.0,0.0,0.0,0.0,476.2024999999997,588.626249999999,105.0,131.0,0.11794979079497836,0.1570212023093162,0.0,0.0,0.0,1.4786054179435293,0.45,0.905982905982906,193.896,446.22,0.0,0.03140424046186324,-0.10557918350720662,0.0,0.0,362.0,123.0,18.0,18.0,0.0,1.0,0.0,0.0,0.0,0.0,0.0,0.0,0.0,0.0,0.0,0.0,1.0,0.0,0.0,0.0,0.0,0.0,0.0,0.0,0.5,0.5
5.0,0.0,80.0,0.0,82.28999999999999,91.80625,1.0,1.0,7.158750000000001,0.0,0.0,0.0,0.0,0.0,0.0625,0.0,0.0,0.0,0.0,0.0,-0.05466085570481853,0.0,0.0,2.0,0.0,18.0,18.0,0.0,1.0,0.0,0.0,0.0,0.0,0.0,1.0,0.0,0.0,0.0,0.0,0.0,9.088888888888889,960.0,110.23,1.0,0.0,0.7969696969696969,0.06509999999999957,90.0,90.0
5.0,0.0,80.0,0.0,82.28999999999999,91.80625,1.0,1.0,7.158750000000001,0.0,0.0,0.0,0.0,0.0,0.0625,0.0,0.0,0.0,0.0,0.0,-0.05466085570481853,0.0,0.0,2.0,0.0,18.0,18.0,0.0,1.0,0.0,0.0,0.0,0.0,0.0,0.0,1.0,0.0,0.0,0.0,0.0,11.144444444444444,720.0,120.65750000000006,0.3812525237999832,0.1111111111111111,0.33116883116883117,0.2987200000000074,90.0,90.0
5.0,0.0,80.0,0.0,82.28999999999999,91.80625,1.0,1.0,7.158750000000001,0.0,0.0,0.0,0.0,0.0,0.0625,0.0,0.0,0.0,0.0,0.0,-0.05466085570481853,0.0,0.0,2.0,0.0,18.0,18.0,0.0,1.0,0.0,0.0,0.0,0.0,0.0,0.0,0.0,1.0,0.0,0.0,0.0,7.419444444444444,1240.0,110.23,0.750135399955971,0.22580645161290322,0.3215909090909091,0.11699999999999919,90.0,90.0
5.0,0.0,80.0,0.0,82.28999999999999,91.80625,1.0,1.0,7.158750000000001,0.0,0.0,0.0,0.0,0.0,0.0625,0.0,0.0,0.0,0.0,0.0,-0.05466085570481853,0.0,0.0,2.0,0.0,18.0,18.0,0.0,1.0,0.0,0.0,0.0,0.0,0.0,0.0,0.0,0.0,1.0,0.0,0.0,10.591666666666667,760.0,110.23,0.38753694915011694,0.05263157894736842,0.5257575757575756,0.26032499999999914,90.0,90.0
5.0,0.0,80.0,0.0,82.28999999999999,91.80625,1.0,1.0,7.158750000000001,0.0,0.0,0.0,0.0,0.0,0.0625,0.0,0.0,0.0,0.0,0.0,-0.05466085570481853,0.0,0.0,2.0,0.0,18.0,18.0,0.0,1.0,0.0,0.0,0.0,0.0,0.0,0.0,0.0,0.0,0.0,1.0,0.0,11.144444444444444,720.0,120.65750000000006,0.3812525012433419,0.1111111111111111,0.33116883116883117,0.2987200000000074,90.0,90.0
5.0,0.0,80.0,0.0,82.28999999999999,91.80625,1.0,1.0,7.158750000000001,0.0,0.0,0.0,0.0,0.0,0.0625,0.0,0.0,0.0,0.0,0.0,-0.05466085570481853,0.0,0.0,2.0,0.0,18.0,18.0,0.0,1.0,0.0,0.0,0.0,0.0,0.0,0.0,0.0,0.0,0.0,0.0,1.0,10.105555555555556,800.0,115.05750000000005,0.5650639082551494,0.1,0.7484848484848483,0.2507999999999972,90.0,90.0
15.0,0.0,70.0,0.0,70.60625,90.0775,3.0,5.0,7.615625000000003,0.045480606138650584,0.0,0.0,0.0,1.7199965376913706,0.18000000000000002,1.0,1.188,2.736,0.0,0.3590961212277301,-0.12117746816339547,0.0,0.0,8.0,0.0,18.0,18.0,0.0,1.0,0.0,0.0,0.0,0.0,0.0,1.0,0.0,0.0,0.0,0.0,0.0,17.730555555555554,200.0,160.96875000000006,0.5211767179821158,0.2,0.5025974025974026,0.5959500000000435,90.0,90.0
15.0,0.0,70.0,0.0,70.60625,90.0775,3.0,5.0,7.615625000000003,0.045480606138650584,0.0,0.0,0.0,1.7199965376913706,0.18000000000000002,1.0,1.188,2.736,0.0,0.3590961212277301,-0.12117746816339547,0.0,0.0,8.0,0.0,18.0,18.0,0.0,1.0,0.0,0.0,0.0,0.0,0.0,0.0,1.0,0.0,0.0,0.0,0.0,13.51388888888889,720.0,135.14875000000006,0.43099567545027556,0.1111111111111111,0.33116883116883117,0.3898100000000257,90.0,90.0
15.0,0.0,70.0,0.0,70.60625,90.0775,3.0,5.0,7.615625000000003,0.045480606138650584,0.0,0.0,0.0,1.7199965376913706,0.18000000000000002,1.0,1.188,2.736,0.0,0.3590961212277301,-0.12117746816339547,0.0,0.0,8.0,0.0,18.0,18.0,0.0,1.0,0.0,0.0,0.0,0.0,0.0,0.0,0.0,1.0,0.0,0.0,0.0,10.113888888888889,1120.0,111.39,0.7526705759228992,0.2857142857142857,0.2761363636363636,0.2111399999999975,90.0,90.0
15.0,0.0,70.0,0.0,70.60625,90.0775,3.0,5.0,7.615625000000003,0.045480606138650584,0.0,0.0,0.0,1.7199965376913706,0.18000000000000002,1.0,1.188,2.736,0.0,0.3590961212277301,-0.12117746816339547,0.0,0.0,8.0,0.0,18.0,18.0,0.0,1.0,0.0,0.0,0.0,0.0,0.0,0.0,0.0,0.0,1.0,0.0,0.0,12.938888888888888,760.0,123.69875000000005,0.4496803608585892,0.05263157894736842,0.2962121212121212,0.3503850000000173,90.0,90.0
15.0,0.0,70.0,0.0,70.60625,90.0775,3.0,5.0,7.615625000000003,0.045480606138650584,0.0,0.0,0.0,1.7199965376913706,0.18000000000000002,1.0,1.188,2.736,0.0,0.3590961212277301,-0.12117746816339547,0.0,0.0,8.0,0.0,18.0,18.0,0.0,1.0,0.0,0.0,0.0,0.0,0.0,0.0,0.0,0.0,0.0,1.0,0.0,13.51388888888889,720.0,135.14875000000006,0.4309956754872723,0.1111111111111111,0.33116883116883117,0.3898100000000257,90.0,90.0
15.0,0.0,70.0,0.0,70.60625,90.0775,3.0,5.0,7.615625000000003,0.045480606138650584,0.0,0.0,0.0,1.7199965376913706,0.18000000000000002,1.0,1.188,2.736,0.0,0.3590961212277301,-0.12117746816339547,0.0,0.0,8.0,0.0,18.0,18.0,0.0,1.0,0.0,0.0,0.0,0.0,0.0,0.0,0.0,0.0,0.0,0.0,1.0,13.158333333333333,760.0,123.69875000000005,0.4494007197100147,0.05263157894736842,0.2972727272727273,0.35401000000001803,90.0,90.0
30.0,0.0,55.0,0.0,90.94375,97.0675,8.0,9.0,4.160394736842106,0.22238154826222933,0.0,0.0,0.0,1.2543262209465251,0.3825,1.0,7.632,17.568,0.0,0.04447630965244587,-0.0325711892240491,0.3333333333333333,0.0,21.0,2.0,18.0,18.0,0.0,1.0,0.0,0.0,0.0,0.0,0.0,1.0,0.0,0.0,0.0,0.0,0.0,17.019444444444446,720.0,145.98625000000004,1.0,0.1111111111111111,0.6,0.4237750000000326,90.0,90.0
30.0,0.0,55.0,0.0,90.94375,97.0675,8.0,9.0,4.160394736842106,0.22238154826222933,0.0,0.0,0.0,1.2543262209465251,0.3825,1.0,7.632,17.568,0.0,0.04447630965244587,-0.0325711892240491,0.3333333333333333,0.0,21.0,2.0,18.0,18.0,0.0,1.0,0.0,0.0,0.0,0.0,0.0,0.0,1.0,0.0,0.0,0.0,0.0,16.97222222222222,640.0,162.45625000000007,0.43628512850845896,0.125,0.33116883116883117,0.5529200000000473,90.0,90.0
30.0,0.0,55.0,0.0,90.94375,97.0675,8.0,9.0,4.160394736842106,0.22238154826222933,0.0,0.0,0.0,1.2543262209465251,0.3825,1.0,7.632,17.568,0.0,0.04447630965244587,-0.0325711892240491,0.3333333333333333,0.0,21.0,2.0,18.0,18.0,0.0,1.0,0.0,0.0,0.0,0.0,0.0,0.0,0.0,1.0,0.0,0.0,0.0,14.008333333333333,960.0,116.03625000000005,0.5738229191157369,0.4166666666666667,0.33116883116883117,0.3870600000000258,90.0,90.0
30.0,0.0,55.0,0.0,90.94375,97.0675,8.0,9.0,4.160394736842106,0.22238154826222933,0.0,0.0,0.0,1.2543262209465251,0.3825,1.0,7.632,17.568,0.0,0.04447630965244587,-0.0325711892240491,0.3333333333333333,0.0,21.0,2.0,18.0,18.0,0.0,1.0,0.0,0.0,0.0,0.0,0.0,0.0,0.0,0.0,1.0,0.0,0.0,16.0,720.0,140.38625000000008,0.5650844072017707,0.2222222222222222,0.42467532467532465,0.4662950000000414,90.0,90.0
30.0,0.0,55.0,0.0,90.94375,97.0675,8.0,9.0,4.160394736842106,0.22238154826222933,0.0,0.0,0.0,1.2543262209465251,0.3825,1.0,7.632,17.568,0.0,0.04447630965244587,-0.0325711892240491,0.3333333333333333,0.0,21.0,2.0,18.0,18.0,0.0,1.0,0.0,0.0,0.0,0.0,0.0,0.0,0.0,0.0,0.0,1.0,0.0,16.97222222222222,640.0,162.45625000000007,0.43628512850846346,0.125,0.33116883116883117,0.5529200000000473,90.0,90.0
30.0,0.0,55.0,0.0,90.94375,97.0675,8.0,9.0,4.160394736842106,0.22238154826222933,0.0,0.0,0.0,1.2543262209465251,0.3825,1.0,7.632,17.568,0.0,0.04447630965244587,-0.0325711892240491,0.3333333333333333,0.0,21.0,2.0,18.0,18.0,0.0,1.0,0.0,0.0,0.0,0.0,0.0,0.0,0.0,0.0,0.0,0.0,1.0,16.627777777777776,680.0,156.85625000000005,0.563133611235445,0.058823529411764705,0.5142857142857142,0.5247650000000468,90.0,90.0
5.0,0.0,125.0,0.0,130.39250000000004,197.9100000000001,29.0,45.0,1.0704276315789403,0.10207895486946385,0.0,0.0,0.0,1.5888681387510157,0.4675,0.9333333333333333,36.647999999999996,84.24000000000001,1.0,0.20041579097389275,-0.2056563687452884,0.0,0.0,94.0,18.0,18.0,18.0,0.0,1.0,0.0,0.0,0.0,0.0,0.0,1.0,0.0,0.0,0.0,0.0,0.0,40.644444444444446,1320.0,270.5508870036884,1.0,0.09090909090909091,0.6,0.40352499999983404,90.0,90.0
5.0,0.0,125.0,0.0,130.39250000000004,197.9100000000001,29.0,45.0,1.0704276315789403,0.10207895486946385,0.0,0.0,0.0,1.5888681387510157,0.4675,0.9333333333333333,36.647999999999996,84.24000000000001,1.0,0.20041579097389275,-0.2056563687452884,0.0,0.0,94.0,18.0,18.0,18.0,0.0,1.0,0.0,0.0,0.0,0.0,0.0,0.0,1.0,0.0,0.0,0.0,0.0,43.71111111111111,919.9999999999999,292.8025,0.4720255609374056,0.043478260869565216,0.36000000000000004,1.2575499999996755,90.0,90.0
5.0,0.0,125.0,0.0,130.39250000000004,197.9100000000001,29.0,45.0,1.0704276315789403,0.10207895486946385,0.0,0.0,0.0,1.5888681387510157,0.4675,0.9333333333333333,36.647999999999996,84.24000000000001,1.0,0.20041579097389275,-0.2056563687452884,0.0,0.0,94.0,18.0,18.0,18.0,0.0,1.0,0.0,0.0,0.0,0.0,0.0,0.0,0.0,1.0,0.0,0.0,0.0,39.96388888888889,1520.0,248.00250000000014,0.7439567925050223,0.3157894736842105,0.36000000000000004,1.1004349999996155,90.0,90.0
5.0,0.0,125.0,0.0,130.39250000000004,197.9100000000001,29.0,45.0,1.0704276315789403,0.10207895486946385,0.0,0.0,0.0,1.5888681387510157,0.4675,0.9333333333333333,36.647999999999996,84.24000000000001,1.0,0.20041579097389275,-0.2056563687452884,0.0,0.0,94.0,18.0,18.0,18.0,0.0,1.0,0.0,0.0,0.0,0.0,0.0,0.0,0.0,0.0,1.0,0.0,0.0,43.67777777777778,919.9999999999999,296.00250000000005,0.3966637814149144,0.043478260869565216,0.36000000000000004,1.271194999999676,90.0,90.0
5.0,0.0,125.0,0.0,130.39250000000004,197.9100000000001,29.0,45.0,1.0704276315789403,0.10207895486946385,0.0,0.0,0.0,1.5888681387510157,0.4675,0.9333333333333333,36.647999999999996,84.24000000000001,1.0,0.20041579097389275,-0.2056563687452884,0.0,0.0,94.0,18.0,18.0,18.0,0.0,1.0,0.0,0.0,0.0,0.0,0.0,0.0,0.0,0.0,0.0,1.0,0.0,40.57222222222222,1160.0,292.8025,0.5668403036304371,0.10344827586206896,0.45,1.205099999999649,90.0,90.0
5.0,0.0,125.0,0.0,130.39250000000004,197.9100000000001,29.0,45.0,1.0704276315789403,0.10207895486946385,0.0,0.0,0.0,1.5888681387510157,0.4675,0.9333333333333333,36.647999999999996,84.24000000000001,1.0,0.20041579097389275,-0.2056563687452884,0.0,0.0,94.0,18.0,18.0,18.0,0.0,1.0,0.0,0.0,0.0,0.0,0.0,0.0,0.0,0.0,0.0,0.0,1.0,42.62777777777778,1000.0,288.83750000000003,0.47496169229179064,0.04,0.36000000000000004,1.227659999999657,90.0,90.0
15.0,0.0,115.0,0.0,128.22000000000003,208.17500000000013,30.0,47.0,0.20860759493670766,0.29087213662441636,0.0,0.3,0.0,1.2590139965533436,0.51,0.9210526315789473,61.56,141.624,1.0,0.28917442732488324,-0.23768189182360042,0.3333333333333333,0.0,99.0,20.0,18.0,18.0,0.0,1.0,0.0,0.0,0.0,0.0,0.0,1.0,0.0,0.0,0.0,0.0,0.0,41.74722222222222,1440.0,275.1972030175616,1.0,0.0,0.6,0.3797249999998451,90.0,90.0
15.0,0.0,115.0,0.0,128.22000000000003,208.17500000000013,30.0,47.0,0.20860759493670766,0.29087213662441636,0.0,0.3,0.0,1.2590139965533436,0.51,0.9210526315789473,61.56,141.624,1.0,0.28917442732488324,-0.23768189182360042,0.3333333333333333,0.0,99.0,20.0,18.0,18.0,0.0,1.0,0.0,0.0,0.0,0.0,0.0,0.0,1.0,0.0,0.0,0.0,0.0,45.24722222222222,919.9999999999999,307.265,0.4720255609374056,0.13043478260869565,0.36000000000000004,1.3414949999997987,90.0,90.0
15.0,0.0,115.0,0.0,128.22000000000003,208.17500000000013,30.0,47.0,0.20860759493670766,0.29087213662441636,0.0,0.3,0.0,1.2590139965533436,0.51,0.9210526315789473,61.56,141.624,1.0,0.28917442732488324,-0.23768189182360042,0.3333333333333333,0.0,99.0,20.0,18.0,18.0,0.0,1.0,0.0,0.0,0.0,0.0,0.0,0.0,0.0,1.0,0.0,0.0,0.0,41.74166666666667,1480.0,264.9837500000001,0.7492793949007156,0.40540540540540543,0.36000000000000004,1.1425649999997083,90.0,90.0
15.0,0.0,115.0,0.0,128.22000000000003,208.17500000000013,30.0,47.0,0.20860759493670766,0.29087213662441636,0.0,0.3,0.0,1.2590139965533436,0.51,0.9210526315789473,61.56,141.624,1.0,0.28917442732488324,-0.23768189182360042,0.3333333333333333,0.0,99.0,20.0,18.0,18.0,0.0,1.0,0.0,0.0,0.0,0.0,0.0,0.0,0.0,0.0,1.0,0.0,0.0,45.525,880.0,315.02625,0.44074595741406825,0.09090909090909091,0.36000000000000004,1.3746949999998066,90.0,90.0
15.0,0.0,115.0,0.0,128.22000000000003,208.17500000000013,30.0,47.0,0.20860759493670766,0.29087213662441636,0.0,0.3,0.0,1.2590139965533436,0.51,0.9210526315789473,61.56,141.624,1.0,0.28917442732488324,-0.23768189182360042,0.3333333333333333,0.0,99.0,20.0,18.0,18.0,0.0,1.0,0.0,0.0,0.0,0.0,0.0,0.0,0.0,0.0,0.0,1.0,0.0,45.24722222222222,919.9999999999999,307.265,0.47153917481549,0.13043478260869565,0.36000000000000004,1.3414949999997987,90.0,90.0
15.0,0.0,115.0,0.0,128.22000000000003,208.17500000000013,30.0,47.0,0.20860759493670766,0.29087213662441636,0.0,0.3,0.0,1.2590139965533436,0.51,0.9210526315789473,61.56,141.624,1.0,0.28917442732488324,-0.23768189182360042,0.3333333333333333,0.0,99.0,20.0,18.0,18.0,0.0,1.0,0.0,0.0,0.0,0.0,0.0,0.0,0.0,0.0,0.0,0.0,1.0,45.49722222222222,880.0,310.465,0.4019852468632278,0.09090909090909091,0.36000000000000004,1.3634449999998035,90.0,90.0
30.0,0.0,100.0,0.0,123.7450000000001,231.2212500000001,29.0,51.0,1.4090833333333157,0.14014618336389317,0.0,0.0,0.0,1.909734056182168,0.45,0.94,40.716,93.60000000000001,1.0,0.20802923667277862,-0.30277878530705366,0.0,0.0,108.0,24.0,18.0,18.0,0.0,1.0,0.0,0.0,0.0,0.0,0.0,1.0,0.0,0.0,0.0,0.0,0.0,41.15277777777778,1760.0,269.87396550016604,1.0,0.09090909090909091,0.45,0.27358999999988853,90.0,90.0
30.0,0.0,100.0,0.0,123.7450000000001,231.2212500000001,29.0,51.0,1.4090833333333157,0.14014618336389317,0.0,0.0,0.0,1.909734056182168,0.45,0.94,40.716,93.60000000000001,1.0,0.20802923667277862,-0.30277878530705366,0.0,0.0,108.0,24.0,18.0,18.0,0.0,1.0,0.0,0.0,0.0,0.0,0.0,0.0,1.0,0.0,0.0,0.0,0.0,47.40833333333333,840.0,312.15125,0.39382672524520945,0.23809523809523808,0.36000000000000004,1.4228349999999785,90.0,90.0
30.0,0.0,100.0,0.0,123.7450000000001,231.2212500000001,29.0,51.0,1.4090833333333157,0.14014618336389317,0.0,0.0,0.0,1.909734056182168,0.45,0.94,40.716,93.60000000000001,1.0,0.20802923667277862,-0.30277878530705366,0.0,0.0,108.0,24.0,18.0,18.0,0.0,1.0,0.0,0.0,0.0,0.0,0.0,0.0,0.0,1.0,0.0,0.0,0.0,42.955555555555556,1400.0,258.4725000000001,0.5686873482855204,0.5428571428571428,0.45,1.2589999999998913,90.0,90.0
30.0,0.0,100.0,0.0,123.7450000000001,231.2212500000001,29.0,51.0,1.4090833333333157,0.14014618336389317,0.0,0.0,0.0,1.909734056182168,0.45,0.94,40.716,93.60000000000001,1.0,0.20802923667277862,-0.30277878530705366,0.0,0.0,108.0,24.0,18.0,18.0,0.0,1.0,0.0,0.0,0.0,0.0,0.0,0.0,0.0,0.0,1.0,0.0,0.0,46.81666666666667,960.0,302.22625,0.38741285953493154,0.3333333333333333,0.225,1.3771049999999538,90.0,90.0
30.0,0.0,100.0,0.0,123.7450000000001,231.2212500000001,29.0,51.0,1.4090833333333157,0.14014618336389317,0.0,0.0,0.0,1.909734056182168,0.45,0.94,40.716,93.60000000000001,1.0,0.20802923667277862,-0.30277878530705366,0.0,0.0,108.0,24.0,18.0,18.0,0.0,1.0,0.0,0.0,0.0,0.0,0.0,0.0,0.0,0.0,0.0,1.0,0.0,47.40833333333333,840.0,312.15125,0.39331503577896487,0.23809523809523808,0.36000000000000004,1.4228349999999785,90.0,90.0
30.0,0.0,100.0,0.0,123.7450000000001,231.2212500000001,29.0,51.0,1.4090833333333157,0.14014618336389317,0.0,0.0,0.0,1.909734056182168,0.45,0.94,40.716,93.60000000000001,1.0,0.20802923667277862,-0.30277878530705366,0.0,0.0,108.0,24.0,18.0,18.0,0.0,1.0,0.0,0.0,0.0,0.0,0.0,0.0,0.0,0.0,0.0,0.0,1.0,45.49444444444445,1040.0,293.45625,0.5666556682824709,0.38461538461538464,0.2571428571428571,1.3416499999999385,90.0,90.0
95.0,0.0,35.0,0.0,158.52000000000004,292.01,37.0,65.0,0.14956730769230775,0.1456460983177874,0.0,0.0,0.0,1.9707683899213804,0.45,0.9215686274509803,84.456,194.328,0.0,0.029129219663557485,-0.29629547421925273,0.0,0.0,145.0,41.0,18.0,18.0,0.0,1.0,0.0,0.0,0.0,0.0,0.0,1.0,0.0,0.0,0.0,0.0,0.0,53.797222222222224,720.0,375.6137499999998,1.0,0.2222222222222222,0.45,1.838280000000403,130.5,130.5
95.0,0.0,35.0,0.0,158.52000000000004,292.01,37.0,65.0,0.14956730769230775,0.1456460983177874,0.0,0.0,0.0,1.9707683899213804,0.45,0.9215686274509803,84.456,194.328,0.0,0.029129219663557485,-0.29629547421925273,0.0,0.0,145.0,41.0,18.0,18.0,0.0,1.0,0.0,0.0,0.0,0.0,0.0,0.0,1.0,0.0,0.0,0.0,0.0,56.736111111111114,400.0,394.4637499999997,0.4766330260800191,0.2,0.39999999999999997,2.2423900000000443,130.5,130.5
95.0,0.0,35.0,0.0,158.52000000000004,292.01,37.0,65.0,0.14956730769230775,0.1456460983177874,0.0,0.0,0.0,1.9707683899213804,0.45,0.9215686274509803,84.456,194.328,0.0,0.029129219663557485,-0.29629547421925273,0.0,0.0,145.0,41.0,18.0,18.0,0.0,1.0,0.0,0.0,0.0,0.0,0.0,0.0,0.0,1.0,0.0,0.0,0.0,55.24722222222222,560.0,380.9637499999998,0.5795214882363773,0.42857142857142855,0.45,2.1859200000000896,130.5,130.5
95.0,0.0,35.0,0.0,158.52000000000004,292.01,37.0,65.0,0.14956730769230775,0.1456460983177874,0.0,0.0,0.0,1.9707683899213804,0.45,0.9215686274509803,84.456,194.328,0.0,0.029129219663557485,-0.29629547421925273,0.0,0.0,145.0,41.0,18.0,18.0,0.0,1.0,0.0,0.0,0.0,0.0,0.0,0.0,0.0,0.0,1.0,0.0,0.0,56.25,440.0,387.11374999999975,0.4433559079424463,0.45454545454545453,0.225,2.2125150000000677,130.5,130.5
95.0,0.0,35.0,0.0,158.52000000000004,292.01,37.0,65.0,0.14956730769230775,0.1456460983177874,0.0,0.0,0.0,1.9707683899213804,0.45,0.9215686274509803,84.456,194.328,0.0,0.029129219663557485,-0.29629547421925273,0.0,0.0,145.0,41.0,18.0,18.0,0.0,1.0,0.0,0.0,0.0,0.0,0.0,0.0,0.0,0.0,0.0,1.0,0.0,56.736111111111114,400.0,394.4637499999997,0.4766330173707233,0.2,0.39999999999999997,2.2423900000000443,130.5,130.5
95.0,0.0,35.0,0.0,158.52000000000004,292.01,37.0,65.0,0.14956730769230775,0.1456460983177874,0.0,0.0,0.0,1.9707683899213804,0.45,0.9215686274509803,84.456,194.328,0.0,0.029129219663557485,-0.29629547421925273,0.0,0.0,145.0,41.0,18.0,18.0,0.0,1.0,0.0,0.0,0.0,0.0,0.0,0.0,0.0,0.0,0.0,0.0,1.0,56.730555555555554,400.0,391.26374999999973,0.4843782559076702,0.4,0.45,2.213885000000069,130.5,130.5
95.0,0.0,35.0,0.0,158.52000000000004,292.01,37.0,65.0,0.14956730769230775,0.1456460983177874,0.0,0.0,0.0,1.9707683899213804,0.45,0.9215686274509803,84.456,194.328,0.0,0.029129219663557485,-0.29629547421925273,0.0,0.0,145.0,41.0,18.0,18.0,0.0,1.0,0.0,0.0,0.0,0.0,0.0,1.0,0.0,0.0,0.0,0.0,0.0,53.797222222222224,720.0,375.6137499999998,1.0,0.2222222222222222,0.45,1.838280000000403,130.5,130.5
95.0,0.0,35.0,0.0,158.52000000000004,292.01,37.0,65.0,0.14956730769230775,0.1456460983177874,0.0,0.0,0.0,1.9707683899213804,0.45,0.9215686274509803,84.456,194.328,0.0,0.029129219663557485,-0.29629547421925273,0.0,0.0,145.0,41.0,18.0,18.0,0.0,1.0,0.0,0.0,0.0,0.0,0.0,0.0,1.0,0.0,0.0,0.0,0.0,56.736111111111114,400.0,394.4637499999997,0.4766330260800191,0.2,0.39999999999999997,2.2423900000000443,130.5,130.5
95.0,0.0,35.0,0.0,158.52000000000004,292.01,37.0,65.0,0.14956730769230775,0.1456460983177874,0.0,0.0,0.0,1.9707683899213804,0.45,0.9215686274509803,84.456,194.328,0.0,0.029129219663557485,-0.29629547421925273,0.0,0.0,145.0,41.0,18.0,18.0,0.0,1.0,0.0,0.0,0.0,0.0,0.0,0.0,0.0,1.0,0.0,0.0,0.0,55.24722222222222,560.0,380.9637499999998,0.5795214882363773,0.42857142857142855,0.45,2.1859200000000896,130.5,130.5
95.0,0.0,35.0,0.0,158.52000000000004,292.01,37.0,65.0,0.14956730769230775,0.1456460983177874,0.0,0.0,0.0,1.9707683899213804,0.45,0.9215686274509803,84.456,194.328,0.0,0.029129219663557485,-0.29629547421925273,0.0,0.0,145.0,41.0,18.0,18.0,0.0,1.0,0.0,0.0,0.0,0.0,0.0,0.0,0.0,0.0,1.0,0.0,0.0,56.25,440.0,387.11374999999975,0.4433559079424463,0.45454545454545453,0.225,2.2125150000000677,130.5,130.5
95.0,0.0,35.0,0.0,158.52000000000004,292.01,37.0,65.0,0.14956730769230775,0.1456460983177874,0.0,0.0,0.0,1.9707683899213804,0.45,0.9215686274509803,84.456,194.328,0.0,0.029129219663557485,-0.29629547421925273,0.0,0.0,145.0,41.0,18.0,18.0,0.0,1.0,0.0,0.0,0.0,0.0,0.0,0.0,0.0,0.0,0.0,1.0,0.0,56.736111111111114,400.0,394.4637499999997,0.4766330173707233,0.2,0.39999999999999997,2.2423900000000443,130.5,130.5
95.0,0.0,35.0,0.0,158.52000000000004,292.01,37.0,65.0,0.14956730769230775,0.1456460983177874,0.0,0.0,0.0,1.9707683899213804,0.45,0.9215686274509803,84.456,194.328,0.0,0.029129219663557485,-0.29629547421925273,0.0,0.0,145.0,41.0,18.0,18.0,0.0,1.0,0.0,0.0,0.0,0.0,0.0,0.0,0.0,0.0,0.0,0.0,1.0,56.730555555555554,400.0,391.26374999999973,0.4843782559076702,0.4,0.45,2.213885000000069,130.5,130.5
95.0,0.0,35.0,0.0,158.52000000000004,292.01,37.0,65.0,0.14956730769230775,0.1456460983177874,0.0,0.0,0.0,1.9707683899213804,0.45,0.9215686274509803,84.456,194.328,0.0,0.029129219663557485,-0.29629547421925273,0.0,0.0,145.0,41.0,18.0,18.0,0.0,1.0,0.0,0.0,0.0,0.0,0.0,1.0,0.0,0.0,0.0,0.0,0.0,53.797222222222224,720.0,375.6137499999998,1.0,0.2222222222222222,0.45,1.838280000000403,130.5,130.5
95.0,0.0,35.0,0.0,158.52000000000004,292.01,37.0,65.0,0.14956730769230775,0.1456460983177874,0.0,0.0,0.0,1.9707683899213804,0.45,0.9215686274509803,84.456,194.328,0.0,0.029129219663557485,-0.29629547421925273,0.0,0.0,145.0,41.0,18.0,18.0,0.0,1.0,0.0,0.0,0.0,0.0,0.0,0.0,1.0,0.0,0.0,0.0,0.0,56.736111111111114,400.0,394.4637499999997,0.4766330260800191,0.2,0.39999999999999997,2.2423900000000443,130.5,130.5
95.0,0.0,35.0,0.0,158.52000000000004,292.01,37.0,65.0,0.14956730769230775,0.1456460983177874,0.0,0.0,0.0,1.9707683899213804,0.45,0.9215686274509803,84.456,194.328,0.0,0.029129219663557485,-0.29629547421925273,0.0,0.0,145.0,41.0,18.0,18.0,0.0,1.0,0.0,0.0,0.0,0.0,0.0,0.0,0.0,1.0,0.0,0.0,0.0,55.24722222222222,560.0,380.9637499999998,0.5795214882363773,0.42857142857142855,0.45,2.1859200000000896,130.5,130.5
95.0,0.0,35.0,0.0,158.52000000000004,292.01,37.0,65.0,0.14956730769230775,0.1456460983177874,0.0,0.0,0.0,1.9707683899213804,0.45,0.9215686274509803,84.456,194.328,0.0,0.029129219663557485,-0.29629547421925273,0.0,0.0,145.0,41.0,18.0,18.0,0.0,1.0,0.0,0.0,0.0,0.0,0.0,0.0,0.0,0.0,1.0,0.0,0.0,56.25,440.0,387.11374999999975,0.4433559079424463,0.45454545454545453,0.225,2.2125150000000677,130.5,130.5
95.0,0.0,35.0,0.0,158.52000000000004,292.01,37.0,65.0,0.14956730769230775,0.1456460983177874,0.0,0.0,0.0,1.9707683899213804,0.45,0.9215686274509803,84.456,194.328,0.0,0.029129219663557485,-0.29629547421925273,0.0,0.0,145.0,41.0,18.0,18.0,0.0,1.0,0.0,0.0,0.0,0.0,0.0,0.0,0.0,0.0,0.0,1.0,0.0,56.736111111111114,400.0,394.4637499999997,0.4766330173707233,0.2,0.39999999999999997,2.2423900000000443,130.5,130.5
95.0,0.0,35.0,0.0,158.52000000000004,292.01,37.0,65.0,0.14956730769230775,0.1456460983177874,0.0,0.0,0.0,1.9707683899213804,0.45,0.9215686274509803,84.456,194.328,0.0,0.029129219663557485,-0.29629547421925273,0.0,0.0,145.0,41.0,18.0,18.0,0.0,1.0,0.0,0.0,0.0,0.0,0.0,0.0,0.0,0.0,0.0,0.0,1.0,56.730555555555554,400.0,391.26374999999973,0.4843782559076702,0.4,0.45,2.213885000000069,130.5,130.5
15.0,0.0,0.0,0.0,240.4000000000001,436.1799999999996,54.0,94.0,0.1550662251655623,0.22778632972351467,0.3333333333333333,0.2571428571428571,0.0,1.31499407718544,0.5014285714285714,0.9324324324324325,129.24,297.432,0.0,0.08927155165898865,-0.2893671110585586,0.125,0.0,202.0,51.0,18.0,18.0,0.0,1.0,0.0,0.0,0.0,0.0,0.0,1.0,0.0,0.0,0.0,0.0,0.0,88.31388888888888,880.0,570.5424999999991,1.0,0.09090909090909091,0.5142857142857142,2.3780999999975707,90.0,90.0
15.0,0.0,0.0,0.0,240.4000000000001,436.1799999999996,54.0,94.0,0.1550662251655623,0.22778632972351467,0.3333333333333333,0.2571428571428571,0.0,1.31499407718544,0.5014285714285714,0.9324324324324325,129.24,297.432,0.0,0.08927155165898865,-0.2893671110585586,0.125,0.0,202.0,51.0,18.0,18.0,0.0,1.0,0.0,0.0,0.0,0.0,0.0,0.0,1.0,0.0,0.0,0.0,0.0,85.28055555555555,1160.0,536.0462499999992,0.6437017359432728,0.1724137931034483,0.6,2.6634799999979526,90.0,90.0
15.0,0.0,0.0,0.0,240.4000000000001,436.1799999999996,54.0,94.0,0.1550662251655623,0.22778632972351467,0.3333333333333333,0.2571428571428571,0.0,1.31499407718544,0.5014285714285714,0.9324324324324325,129.24,297.432,0.0,0.08927155165898865,-0.2893671110585586,0.125,0.0,202.0,51.0,18.0,18.0,0.0,1.0,0.0,0.0,0.0,0.0,0.0,0.0,0.0,1.0,0.0,0.0,0.0,82.25555555555556,1520.0,506.0462499999994,0.7551630459121375,0.0,0.6,2.5127999999975277,90.0,90.0
15.0,0.0,0.0,0.0,240.4000000000001,436.1799999999996,54.0,94.0,0.1550662251655623,0.22778632972351467,0.3333333333333333,0.2571428571428571,0.0,1.31499407718544,0.5014285714285714,0.9324324324324325,129.24,297.432,0.0,0.08927155165898865,-0.2893671110585586,0.125,0.0,202.0,51.0,18.0,18.0,0.0,1.0,0.0,0.0,0.0,0.0,0.0,0.0,0.0,0.0,1.0,0.0,0.0,87.00555555555556,960.0,535.5499999999993,0.4071814170926683,0.0,0.2571428571428571,2.748489999998273,90.0,90.0
15.0,0.0,0.0,0.0,240.4000000000001,436.1799999999996,54.0,94.0,0.1550662251655623,0.22778632972351467,0.3333333333333333,0.2571428571428571,0.0,1.31499407718544,0.5014285714285714,0.9324324324324325,129.24,297.432,0.0,0.08927155165898865,-0.2893671110585586,0.125,0.0,202.0,51.0,18.0,18.0,0.0,1.0,0.0,0.0,0.0,0.0,0.0,0.0,0.0,0.0,0.0,1.0,0.0,85.28055555555555,1160.0,536.0462499999992,0.6433739125242325,0.1724137931034483,0.6,2.6634799999979526,90.0,90.0
15.0,0.0,0.0,0.0,240.4000000000001,436.1799999999996,54.0,94.0,0.1550662251655623,0.22778632972351467,0.3333333333333333,0.2571428571428571,0.0,1.31499407718544,0.5014285714285714,0.9324324324324325,129.24,297.432,0.0,0.08927155165898865,-0.2893671110585586,0.125,0.0,202.0,51.0,18.0,18.0,0.0,1.0,0.0,0.0,0.0,0.0,0.0,0.0,0.0,0.0,0.0,0.0,1.0,86.65555555555555,1000.0,545.3887499999993,0.5746094471696832,0.2,0.5142857142857142,2.7545799999982927,90.0,90.0
15.0,0.0,0.0,0.0,240.4000000000001,436.1799999999996,54.0,94.0,0.1550662251655623,0.22778632972351467,0.3333333333333333,0.2571428571428571,0.0,1.31499407718544,0.5014285714285714,0.9324324324324325,129.24,297.432,0.0,0.08927155165898865,-0.2893671110585586,0.125,0.0,202.0,51.0,18.0,18.0,0.0,1.0,0.0,0.0,0.0,0.0,0.0,1.0,0.0,0.0,0.0,0.0,0.0,88.31388888888888,880.0,570.5424999999991,1.0,0.09090909090909091,0.5142857142857142,2.3780999999975707,90.0,90.0
15.0,0.0,0.0,0.0,240.4000000000001,436.1799999999996,54.0,94.0,0.1550662251655623,0.22778632972351467,0.3333333333333333,0.2571428571428571,0.0,1.31499407718544,0.5014285714285714,0.9324324324324325,129.24,297.432,0.0,0.08927155165898865,-0.2893671110585586,0.125,0.0,202.0,51.0,18.0,18.0,0.0,1.0,0.0,0.0,0.0,0.0,0.0,0.0,1.0,0.0,0.0,0.0,0.0,85.28055555555555,1160.0,536.0462499999992,0.6437017359432728,0.1724137931034483,0.6,2.6634799999979526,90.0,90.0
15.0,0.0,0.0,0.0,240.4000000000001,436.1799999999996,54.0,94.0,0.1550662251655623,0.22778632972351467,0.3333333333333333,0.2571428571428571,0.0,1.31499407718544,0.5014285714285714,0.9324324324324325,129.24,297.432,0.0,0.08927155165898865,-0.2893671110585586,0.125,0.0,202.0,51.0,18.0,18.0,0.0,1.0,0.0,0.0,0.0,0.0,0.0,0.0,0.0,1.0,0.0,0.0,0.0,82.25555555555556,1520.0,506.0462499999994,0.7551630459121375,0.0,0.6,2.5127999999975277,90.0,90.0
15.0,0.0,0.0,0.0,240.4000000000001,436.1799999999996,54.0,94.0,0.1550662251655623,0.22778632972351467,0.3333333333333333,0.2571428571428571,0.0,1.31499407718544,0.5014285714285714,0.9324324324324325,129.24,297.432,0.0,0.08927155165898865,-0.2893671110585586,0.125,0.0,202.0,51.0,18.0,18.0,0.0,1.0,0.0,0.0,0.0,0.0,0.0,0.0,0.0,0.0,1.0,0.0,0.0,87.00555555555556,960.0,535.5499999999993,0.4071814170926683,0.0,0.2571428571428571,2.748489999998273,90.0,90.0
15.0,0.0,0.0,0.0,240.4000000000001,436.1799999999996,54.0,94.0,0.1550662251655623,0.22778632972351467,0.3333333333333333,0.2571428571428571,0.0,1.31499407718544,0.5014285714285714,0.9324324324324325,129.24,297.432,0.0,0.08927155165898865,-0.2893671110585586,0.125,0.0,202.0,51.0,18.0,18.0,0.0,1.0,0.0,0.0,0.0,0.0,0.0,0.0,0.0,0.0,0.0,1.0,0.0,85.28055555555555,1160.0,536.0462499999992,0.6433739125242325,0.1724137931034483,0.6,2.6634799999979526,90.0,90.0
15.0,0.0,0.0,0.0,240.4000000000001,436.1799999999996,54.0,94.0,0.1550662251655623,0.22778632972351467,0.3333333333333333,0.2571428571428571,0.0,1.31499407718544,0.5014285714285714,0.9324324324324325,129.24,297.432,0.0,0.08927155165898865,-0.2893671110585586,0.125,0.0,202.0,51.0,18.0,18.0,0.0,1.0,0.0,0.0,0.0,0.0,0.0,0.0,0.0,0.0,0.0,0.0,1.0,86.65555555555555,1000.0,545.3887499999993,0.5746094471696832,0.2,0.5142857142857142,2.7545799999982927,90.0,90.0
30.0,0.0,0.0,0.0,259.2450000000002,467.4574999999994,58.0,99.0,1.5536574074074017,0.18633837462152267,0.5,0.0,0.0,1.043020578197217,0.45,0.9166666666666666,84.744,195.084,0.0,0.037267674924304536,-0.2865168346056321,0.14285714285714285,0.0,217.0,55.0,18.0,18.0,0.0,1.0,0.0,0.0,0.0,0.0,0.0,1.0,0.0,0.0,0.0,0.0,0.0,90.31944444444444,760.0,559.6142602160319,1.0,0.05263157894736842,0.675,2.4535599999989968,90.0,90.0
30.0,0.0,0.0,0.0,259.2450000000002,467.4574999999994,58.0,99.0,1.5536574074074017,0.18633837462152267,0.5,0.0,0.0,1.043020578197217,0.45,0.9166666666666666,84.744,195.084,0.0,0.037267674924304536,-0.2865168346056321,0.14285714285714285,0.0,217.0,55.0,18.0,18.0,0.0,1.0,0.0,0.0,0.0,0.0,0.0,0.0,1.0,0.0,0.0,0.0,0.0,88.12222222222222,1200.0,536.0462499999992,0.6437017359432728,0.13333333333333333,0.6,2.7669750000003264,90.0,90.0
30.0,0.0,0.0,0.0,259.2450000000002,467.4574999999994,58.0,99.0,1.5536574074074017,0.18633837462152267,0.5,0.0,0.0,1.043020578197217,0.45,0.9166666666666666,84.744,195.084,0.0,0.037267674924304536,-0.2865168346056321,0.14285714285714285,0.0,217.0,55.0,18.0,18.0,0.0,1.0,0.0,0.0,0.0,0.0,0.0,0.0,0.0,1.0,0.0,0.0,0.0,85.66944444444445,1440.0,527.5024999999994,0.6426469499609571,0.0,0.6,2.674279999999958,90.0,90.0
30.0,0.0,0.0,0.0,259.2450000000002,467.4574999999994,58.0,99.0,1.5536574074074017,0.18633837462152267,0.5,0.0,0.0,1.043020578197217,0.45,0.9166666666666666,84.744,195.084,0.0,0.037267674924304536,-0.2865168346056321,0.14285714285714285,0.0,217.0,55.0,18.0,18.0,0.0,1.0,0.0,0.0,0.0,0.0,0.0,0.0,0.0,0.0,1.0,0.0,0.0,88.225,1120.0,530.1799999999993,0.4665176873515898,0.07142857142857142,0.5142857142857142,2.7432200000002505,90.0,90.0
30.0,0.0,0.0,0.0,259.2450000000002,467.4574999999994,58.0,99.0,1.5536574074074017,0.18633837462152267,0.5,0.0,0.0,1.043020578197217,0.45,0.9166666666666666,84.744,195.084,0.0,0.037267674924304536,-0.2865168346056321,0.14285714285714285,0.0,217.0,55.0,18.0,18.0,0.0,1.0,0.0,0.0,0.0,0.0,0.0,0.0,0.0,0.0,0.0,1.0,0.0,88.12222222222222,1200.0,536.0462499999992,0.6433739125242325,0.13333333333333333,0.6,2.7669750000003264,90.0,90.0
30.0,0.0,0.0,0.0,259.2450000000002,467.4574999999994,58.0,99.0,1.5536574074074017,0.18633837462152267,0.5,0.0,0.0,1.043020578197217,0.45,0.9166666666666666,84.744,195.084,0.0,0.037267674924304536,-0.2865168346056321,0.14285714285714285,0.0,217.0,55.0,18.0,18.0,0.0,1.0,0.0,0.0,0.0,0.0,0.0,0.0,0.0,0.0,0.0,0.0,1.0,86.99166666666666,1280.0,536.3712499999992,0.6398735410181845,0.125,0.5142857142857142,2.6788099999999746,90.0,90.0
135.0,0.0,0.0,0.0,341.99,527.2499999999993,75.0,113.0,0.14175392670157047,0.14383964270140936,0.0,0.0,0.0,1.3549093020919922,0.45,0.9361702127659575,166.82399999999998,384.012,0.0,0.028767928540281873,-0.21312871013759083,0.0,0.0,279.0,88.0,18.0,18.0,0.0,1.0,0.0,0.0,0.0,0.0,0.0,1.0,0.0,0.0,0.0,0.0,0.0,108.79444444444445,440.0,653.8062499999992,0.9310019927749152,0.09090909090909091,0.6,3.9851450000161623,90.0,90.0
135.0,0.0,0.0,0.0,341.99,527.2499999999993,75.0,113.0,0.14175392670157047,0.14383964270140936,0.0,0.0,0.0,1.3549093020919922,0.45,0.9361702127659575,166.82399999999998,384.012,0.0,0.028767928540281873,-0.21312871013759083,0.0,0.0,279.0,88.0,18.0,18.0,0.0,1.0,0.0,0.0,0.0,0.0,0.0,0.0,1.0,0.0,0.0,0.0,0.0,104.425,1080.0,620.187499999999,0.5737745329043966,0.1111111111111111,0.6,3.2895500000133833,90.0,90.0
135.0,0.0,0.0,0.0,341.99,527.2499999999993,75.0,113.0,0.14175392670157047,0.14383964270140936,0.0,0.0,0.0,1.3549093020919922,0.45,0.9361702127659575,166.82399999999998,384.012,0.0,0.028767928540281873,-0.21312871013759083,0.0,0.0,279.0,88.0,18.0,18.0,0.0,1.0,0.0,0.0,0.0,0.0,0.0,0.0,0.0,1.0,0.0,0.0,0.0,103.55,1240.0,620.187499999999,0.6423361243352314,0.16129032258064516,0.7200000000000001,3.2211150000131,90.0,90.0
135.0,0.0,0.0,0.0,341.99,527.2499999999993,75.0,113.0,0.14175392670157047,0.14383964270140936,0.0,0.0,0.0,1.3549093020919922,0.45,0.9361702127659575,166.82399999999998,384.012,0.0,0.028767928540281873,-0.21312871013759083,0.0,0.0,279.0,88.0,18.0,18.0,0.0,1.0,0.0,0.0,0.0,0.0,0.0,0.0,0.0,0.0,1.0,0.0,0.0,104.11944444444444,1160.0,616.521249999999,0.7443141101634069,0.034482758620689655,0.36000000000000004,3.3357900000135974,90.0,90.0
135.0,0.0,0.0,0.0,341.99,527.2499999999993,75.0,113.0,0.14175392670157047,0.14383964270140936,0.0,0.0,0.0,1.3549093020919922,0.45,0.9361702127659575,166.82399999999998,384.012,0.0,0.028767928540281873,-0.21312871013759083,0.0,0.0,279.0,88.0,18.0,18.0,0.0,1.0,0.0,0.0,0.0,0.0,0.0,0.0,0.0,0.0,0.0,1.0,0.0,104.425,1080.0,620.187499999999,0.5736223394385025,0.1111111111111111,0.6,3.2895500000133833,90.0,90.0
135.0,0.0,0.0,0.0,341.99,527.2499999999993,75.0,113.0,0.14175392670157047,0.14383964270140936,0.0,0.0,0.0,1.3549093020919922,0.45,0.9361702127659575,166.82399999999998,384.012,0.0,0.028767928540281873,-0.21312871013759083,0.0,0.0,279.0,88.0,18.0,18.0,0.0,1.0,0.0,0.0,0.0,0.0,0.0,0.0,0.0,0.0,0.0,0.0,1.0,104.93888888888888,1000.0,619.471249999999,0.48448338640912914,0.04,0.45,3.393750000013826,90.0,90.0
135.0,0.0,0.0,0.0,341.99,527.2499999999993,75.0,113.0,0.14175392670157047,0.14383964270140936,0.0,0.0,0.0,1.3549093020919922,0.45,0.9361702127659575,166.82399999999998,384.012,0.0,0.028767928540281873,-0.21312871013759083,0.0,0.0,279.0,88.0,18.0,18.0,0.0,1.0,0.0,0.0,0.0,0.0,0.0,1.0,0.0,0.0,0.0,0.0,0.0,108.79444444444445,440.0,653.8062499999992,0.9310019927749152,0.09090909090909091,0.6,3.9851450000161623,90.0,90.0
135.0,0.0,0.0,0.0,341.99,527.2499999999993,75.0,113.0,0.14175392670157047,0.14383964270140936,0.0,0.0,0.0,1.3549093020919922,0.45,0.9361702127659575,166.82399999999998,384.012,0.0,0.028767928540281873,-0.21312871013759083,0.0,0.0,279.0,88.0,18.0,18.0,0.0,1.0,0.0,0.0,0.0,0.0,0.0,0.0,1.0,0.0,0.0,0.0,0.0,104.425,1080.0,620.187499999999,0.5737745329043966,0.1111111111111111,0.6,3.2895500000133833,90.0,90.0
135.0,0.0,0.0,0.0,341.99,527.2499999999993,75.0,113.0,0.14175392670157047,0.14383964270140936,0.0,0.0,0.0,1.3549093020919922,0.45,0.9361702127659575,166.82399999999998,384.012,0.0,0.028767928540281873,-0.21312871013759083,0.0,0.0,279.0,88.0,18.0,18.0,0.0,1.0,0.0,0.0,0.0,0.0,0.0,0.0,0.0,1.0,0.0,0.0,0.0,103.55,1240.0,620.187499999999,0.6423361243352314,0.16129032258064516,0.7200000000000001,3.2211150000131,90.0,90.0
135.0,0.0,0.0,0.0,341.99,527.2499999999993,75.0,113.0,0.14175392670157047,0.14383964270140936,0.0,0.0,0.0,1.3549093020919922,0.45,0.9361702127659575,166.82399999999998,384.012,0.0,0.028767928540281873,-0.21312871013759083,0.0,0.0,279.0,88.0,18.0,18.0,0.0,1.0,0.0,0.0,0.0,0.0,0.0,0.0,0.0,0.0,1.0,0.0,0.0,104.11944444444444,1160.0,616.521249999999,0.7443141101634069,0.034482758620689655,0.36000000000000004,3.3357900000135974,90.0,90.0
135.0,0.0,0.0,0.0,341.99,527.2499999999993,75.0,113.0,0.14175392670157047,0.14383964270140936,0.0,0.0,0.0,1.3549093020919922,0.45,0.9361702127659575,166.82399999999998,384.012,0.0,0.028767928540281873,-0.21312871013759083,0.0,0.0,279.0,88.0,18.0,18.0,0.0,1.0,0.0,0.0,0.0,0.0,0.0,0.0,0.0,0.0,0.0,1.0,0.0,104.425,1080.0,620.187499999999,0.5736223394385025,0.1111111111111111,0.6,3.2895500000133833,90.0,90.0
135.0,0.0,0.0,0.0,341.99,527.2499999999993,75.0,113.0,0.14175392670157047,0.14383964270140936,0.0,0.0,0.0,1.3549093020919922,0.45,0.9361702127659575,166.82399999999998,384.012,0.0,0.028767928540281873,-0.21312871013759083,0.0,0.0,279.0,88.0,18.0,18.0,0.0,1.0,0.0,0.0,0.0,0.0,0.0,0.0,0.0,0.0,0.0,0.0,1.0,104.93888888888888,1000.0,619.471249999999,0.48448338640912914,0.04,0.45,3.393750000013826,90.0,90.0
135.0,0.0,0.0,0.0,341.99,527.2499999999993,75.0,113.0,0.14175392670157047,0.14383964270140936,0.0,0.0,0.0,1.3549093020919922,0.45,0.9361702127659575,166.82399999999998,384.012,0.0,0.028767928540281873,-0.21312871013759083,0.0,0.0,279.0,88.0,18.0,18.0,0.0,1.0,0.0,0.0,0.0,0.0,0.0,1.0,0.0,0.0,0.0,0.0,0.0,108.79444444444445,440.0,653.8062499999992,0.9310019927749152,0.09090909090909091,0.6,3.9851450000161623,90.0,90.0
135.0,0.0,0.0,0.0,341.99,527.2499999999993,75.0,113.0,0.14175392670157047,0.14383964270140936,0.0,0.0,0.0,1.3549093020919922,0.45,0.9361702127659575,166.82399999999998,384.012,0.0,0.028767928540281873,-0.21312871013759083,0.0,0.0,279.0,88.0,18.0,18.0,0.0,1.0,0.0,0.0,0.0,0.0,0.0,0.0,1.0,0.0,0.0,0.0,0.0,104.425,1080.0,620.187499999999,0.5737745329043966,0.1111111111111111,0.6,3.2895500000133833,90.0,90.0
135.0,0.0,0.0,0.0,341.99,527.2499999999993,75.0,113.0,0.14175392670157047,0.14383964270140936,0.0,0.0,0.0,1.3549093020919922,0.45,0.9361702127659575,166.82399999999998,384.012,0.0,0.028767928540281873,-0.21312871013759083,0.0,0.0,279.0,88.0,18.0,18.0,0.0,1.0,0.0,0.0,0.0,0.0,0.0,0.0,0.0,1.0,0.0,0.0,0.0,103.55,1240.0,620.187499999999,0.6423361243352314,0.16129032258064516,0.7200000000000001,3.2211150000131,90.0,90.0
135.0,0.0,0.0,0.0,341.99,527.2499999999993,75.0,113.0,0.14175392670157047,0.14383964270140936,0.0,0.0,0.0,1.3549093020919922,0.45,0.9361702127659575,166.82399999999998,384.012,0.0,0.028767928540281873,-0.21312871013759083,0.0,0.0,279.0,88.0,18.0,18.0,0.0,1.0,0.0,0.0,0.0,0.0,0.0,0.0,0.0,0.0,1.0,0.0,0.0,104.11944444444444,1160.0,616.521249999999,0.7443141101634069,0.034482758620689655,0.36000000000000004,3.3357900000135974,90.0,90.0
135.0,0.0,0.0,0.0,341.99,527.2499999999993,75.0,113.0,0.14175392670157047,0.14383964270140936,0.0,0.0,0.0,1.3549093020919922,0.45,0.9361702127659575,166.82399999999998,384.012,0.0,0.028767928540281873,-0.21312871013759083,0.0,0.0,279.0,88.0,18.0,18.0,0.0,1.0,0.0,0.0,0.0,0.0,0.0,0.0,0.0,0.0,0.0,1.0,0.0,104.425,1080.0,620.187499999999,0.5736223394385025,0.1111111111111111,0.6,3.2895500000133833,90.0,90.0
135.0,0.0,0.0,0.0,341.99,527.2499999999993,75.0,113.0,0.14175392670157047,0.14383964270140936,0.0,0.0,0.0,1.3549093020919922,0.45,0.9361702127659575,166.82399999999998,384.012,0.0,0.028767928540281873,-0.21312871013759083,0.0,0.0,279.0,88.0,18.0,18.0,0.0,1.0,0.0,0.0,0.0,0.0,0.0,0.0,0.0,0.0,0.0,0.0,1.0,104.93888888888888,1000.0,619.471249999999,0.48448338640912914,0.04,0.45,3.393750000013826,90.0,90.0
255.0,0.0,0.0,0.0,477.4587499999995,629.9599999999989,102.0,134.0,1.2662958333334113,0.23879096082724896,0.0,0.36000000000000004,0.0,1.0822363292873616,0.522,0.9280575539568345,123.516,284.36400000000003,1.0,0.2889581921654498,-0.1377087483844748,0.16666666666666666,0.0,363.0,123.0,18.0,18.0,0.0,1.0,0.0,0.0,0.0,0.0,0.0,1.0,0.0,0.0,0.0,0.0,0.0,0.0,0.0,0.0,0.0,0.0,0.0,0.0,0.5,0.5
255.0,0.0,0.0,0.0,477.4587499999995,629.9599999999989,102.0,134.0,1.2662958333334113,0.23879096082724896,0.0,0.36000000000000004,0.0,1.0822363292873616,0.522,0.9280575539568345,123.516,284.36400000000003,1.0,0.2889581921654498,-0.1377087483844748,0.16666666666666666,0.0,363.0,123.0,18.0,18.0,0.0,1.0,0.0,0.0,0.0,0.0,0.0,0.0,1.0,0.0,0.0,0.0,0.0,0.0,0.0,0.0,0.0,0.0,0.0,0.0,0.5,0.5
255.0,0.0,0.0,0.0,477.4587499999995,629.9599999999989,102.0,134.0,1.2662958333334113,0.23879096082724896,0.0,0.36000000000000004,0.0,1.0822363292873616,0.522,0.9280575539568345,123.516,284.36400000000003,1.0,0.2889581921654498,-0.1377087483844748,0.16666666666666666,0.0,363.0,123.0,18.0,18.0,0.0,1.0,0.0,0.0,0.0,0.0,0.0,0.0,0.0,1.0,0.0,0.0,0.0,0.0,0.0,0.0,0.0,0.0,0.0,0.0,0.5,0.5
255.0,0.0,0.0,0.0,477.4587499999995,629.9599999999989,102.0,134.0,1.2662958333334113,0.23879096082724896,0.0,0.36000000000000004,0.0,1.0822363292873616,0.522,0.9280575539568345,123.516,284.36400000000003,1.0,0.2889581921654498,-0.1377087483844748,0.16666666666666666,0.0,363.0,123.0,18.0,18.0,0.0,1.0,0.0,0.0,0.0,0.0,0.0,0.0,0.0,0.0,1.0,0.0,0.0,0.0,0.0,0.0,0.0,0.0,0.0,0.0,0.5,0.5
255.0,0.0,0.0,0.0,477.4587499999995,629.9599999999989,102.0,134.0,1.2662958333334113,0.23879096082724896,0.0,0.36000000000000004,0.0,1.0822363292873616,0.522,0.9280575539568345,123.516,284.36400000000003,1.0,0.2889581921654498,-0.1377087483844748,0.16666666666666666,0.0,363.0,123.0,18.0,18.0,0.0,1.0,0.0,0.0,0.0,0.0,0.0,0.0,0.0,0.0,0.0,1.0,0.0,0.0,0.0,0.0,0.0,0.0,0.0,0.0,0.5,0.5
255.0,0.0,0.0,0.0,477.4587499999995,629.9599999999989,102.0,134.0,1.2662958333334113,0.23879096082724896,0.0,0.36000000000000004,0.0,1.0822363292873616,0.522,0.9280575539568345,123.516,284.36400000000003,1.0,0.2889581921654498,-0.1377087483844748,0.16666666666666666,0.0,363.0,123.0,18.0,18.0,0.0,1.0,0.0,0.0,0.0,0.0,0.0,0.0,0.0,0.0,0.0,0.0,1.0,0.0,0.0,0.0,0.0,0.0,0.0,0.0,0.5,0.5
255.0,0.0,0.0,0.0,477.4587499999995,629.9599999999989,102.0,134.0,1.2662958333334113,0.23879096082724896,0.0,0.36000000000000004,0.0,1.0822363292873616,0.522,0.9280575539568345,123.516,284.36400000000003,1.0,0.2889581921654498,-0.1377087483844748,0.16666666666666666,0.0,363.0,123.0,18.0,18.0,0.0,1.0,0.0,0.0,0.0,0.0,0.0,1.0,0.0,0.0,0.0,0.0,0.0,0.0,0.0,0.0,0.0,0.0,0.0,0.0,0.5,0.5
255.0,0.0,0.0,0.0,477.4587499999995,629.9599999999989,102.0,134.0,1.2662958333334113,0.23879096082724896,0.0,0.36000000000000004,0.0,1.0822363292873616,0.522,0.9280575539568345,123.516,284.36400000000003,1.0,0.2889581921654498,-0.1377087483844748,0.16666666666666666,0.0,363.0,123.0,18.0,18.0,0.0,1.0,0.0,0.0,0.0,0.0,0.0,0.0,1.0,0.0,0.0,0.0,0.0,0.0,0.0,0.0,0.0,0.0,0.0,0.0,0.5,0.5
255.0,0.0,0.0,0.0,477.4587499999995,629.9599999999989,102.0,134.0,1.2662958333334113,0.23879096082724896,0.0,0.36000000000000004,0.0,1.0822363292873616,0.522,0.9280575539568345,123.516,284.36400000000003,1.0,0.2889581921654498,-0.1377087483844748,0.16666666666666666,0.0,363.0,123.0,18.0,18.0,0.0,1.0,0.0,0.0,0.0,0.0,0.0,0.0,0.0,1.0,0.0,0.0,0.0,0.0,0.0,0.0,0.0,0.0,0.0,0.0,0.5,0.5
255.0,0.0,0.0,0.0,477.4587499999995,629.9599999999989,102.0,134.0,1.2662958333334113,0.23879096082724896,0.0,0.36000000000000004,0.0,1.0822363292873616,0.522,0.9280575539568345,123.516,284.36400000000003,1.0,0.2889581921654498,-0.1377087483844748,0.16666666666666666,0.0,363.0,123.0,18.0,18.0,0.0,1.0,0.0,0.0,0.0,0.0,0.0,0.0,0.0,0.0,1.0,0.0,0.0,0.0,0.0,0.0,0.0,0.0,0.0,0.0,0.5,0.5
255.0,0.0,0.0,0.0,477.4587499999995,629.9599999999989,102.0,134.0,1.2662958333334113,0.23879096082724896,0.0,0.36000000000000004,0.0,1.0822363292873616,0.522,0.9280575539568345,123.516,284.36400000000003,1.0,0.2889581921654498,-0.1377087483844748,0.16666666666666666,0.0,363.0,123.0,18.0,18.0,0.0,1.0,0.0,0.0,0.0,0.0,0.0,0.0,0.0,0.0,0.0,1.0,0.0,0.0,0.0,0.0,0.0,0.0,0.0,0.0,0.5,0.5
255.0,0.0,0.0,0.0,477.4587499999995,629.9599999999989,102.0,134.0,1.2662958333334113,0.23879096082724896,0.0,0.36000000000000004,0.0,1.0822363292873616,0.522,0.9280575539568345,123.516,284.36400000000003,1.0,0.2889581921654498,-0.1377087483844748,0.16666666666666666,0.0,363.0,123.0,18.0,18.0,0.0,1.0,0.0,0.0,0.0,0.0,0.0,0.0,0.0,0.0,0.0,0.0,1.0,0.0,0.0,0.0,0.0,0.0,0.0,0.0,0.5,0.5
255.0,0.0,0.0,0.0,477.4587499999995,629.9599999999989,102.0,134.0,1.2662958333334113,0.23879096082724896,0.0,0.36000000000000004,0.0,1.0822363292873616,0.522,0.9280575539568345,123.516,284.36400000000003,1.0,0.2889581921654498,-0.1377087483844748,0.16666666666666666,0.0,363.0,123.0,18.0,18.0,0.0,1.0,0.0,0.0,0.0,0.0,0.0,1.0,0.0,0.0,0.0,0.0,0.0,0.0,0.0,0.0,0.0,0.0,0.0,0.0,0.5,0.5
255.0,0.0,0.0,0.0,477.4587499999995,629.9599999999989,102.0,134.0,1.2662958333334113,0.23879096082724896,0.0,0.36000000000000004,0.0,1.0822363292873616,0.522,0.9280575539568345,123.516,284.36400000000003,1.0,0.2889581921654498,-0.1377087483844748,0.16666666666666666,0.0,363.0,123.0,18.0,18.0,0.0,1.0,0.0,0.0,0.0,0.0,0.0,0.0,1.0,0.0,0.0,0.0,0.0,0.0,0.0,0.0,0.0,0.0,0.0,0.0,0.5,0.5
255.0,0.0,0.0,0.0,477.4587499999995,629.9599999999989,102.0,134.0,1.2662958333334113,0.23879096082724896,0.0,0.36000000000000004,0.0,1.0822363292873616,0.522,0.9280575539568345,123.516,284.36400000000003,1.0,0.2889581921654498,-0.1377087483844748,0.16666666666666666,0.0,363.0,123.0,18.0,18.0,0.0,1.0,0.0,0.0,0.0,0.0,0.0,0.0,0.0,1.0,0.0,0.0,0.0,0.0,0.0,0.0,0.0,0.0,0.0,0.0,0.5,0.5
255.0,0.0,0.0,0.0,477.4587499999995,629.9599999999989,102.0,134.0,1.2662958333334113,0.23879096082724896,0.0,0.36000000000000004,0.0,1.0822363292873616,0.522,0.9280575539568345,123.516,284.36400000000003,1.0,0.2889581921654498,-0.1377087483844748,0.16666666666666666,0.0,363.0,123.0,18.0,18.0,0.0,1.0,0.0,0.0,0.0,0.0,0.0,0.0,0.0,0.0,1.0,0.0,0.0,0.0,0.0,0.0,0.0,0.0,0.0,0.0,0.5,0.5
255.0,0.0,0.0,0.0,477.4587499999995,629.9599999999989,102.0,134.0,1.2662958333334113,0.23879096082724896,0.0,0.36000000000000004,0.0,1.0822363292873616,0.522,0.9280575539568345,123.516,284.36400000000003,1.0,0.2889581921654498,-0.1377087483844748,0.16666666666666666,0.0,363.0,123.0,18.0,18.0,0.0,1.0,0.0,0.0,0.0,0.0,0.0,0.0,0.0,0.0,0.0,1.0,0.0,0.0,0.0,0.0,0.0,0.0,0.0,0.0,0.5,0.5
255.0,0.0,0.0,0.0,477.4587499999995,629.9599999999989,102.0,134.0,1.2662958333334113,0.23879096082724896,0.0,0.36000000000000004,0.0,1.0822363292873616,0.522,0.9280575539568345,123.516,284.36400000000003,1.0,0.2889581921654498,-0.1377087483844748,0.16666666666666666,0.0,363.0,123.0,18.0,18.0,0.0,1.0,0.0,0.0,0.0,0.0,0.0,0.0,0.0,0.0,0.0,0.0,1.0,0.0,0.0,0.0,0.0,0.0,0.0,0.0,0.5,0.5
5.0,0.0,65.0,0.0,104.65124999999999,93.18625,3.0,3.0,6.954583333333333,0.0,0.0,0.0,0.0,0.0,0.1525,0.0,0.0,0.0,0.0,0.0,0.05795160169330885,0.0,0.0,6.0,0.0,22.0,20.0,0.0,0.0,1.0,0.0,0.0,0.0,0.0,1.0,0.0,0.0,0.0,0.0,0.0,17.82777777777778,200.0,164.37875000000008,0.447181629783196,0.2,0.5142857142857142,0.6686750000000284,90.0,90.0
5.0,0.0,65.0,0.0,104.65124999999999,93.18625,3.0,3.0,6.954583333333333,0.0,0.0,0.0,0.0,0.0,0.1525,0.0,0.0,0.0,0.0,0.0,0.05795160169330885,0.0,0.0,6.0,0.0,22.0,20.0,0.0,0.0,1.0,0.0,0.0,0.0,0.0,0.0,1.0,0.0,0.0,0.0,0.0,14.286111111111111,680.0,138.34475,0.5688979338293899,0.058823529411764705,0.4954545454545454,0.4352350000000255,90.0,90.0
5.0,0.0,65.0,0.0,104.65124999999999,93.18625,3.0,3.0,6.954583333333333,0.0,0.0,0.0,0.0,0.0,0.1525,0.0,0.0,0.0,0.0,0.0,0.05795160169330885,0.0,0.0,6.0,0.0,22.0,20.0,0.0,0.0,1.0,0.0,0.0,0.0,0.0,0.0,0.0,1.0,0.0,0.0,0.0,12.916666666666666,919.9999999999999,138.34475,0.5897513179342496,0.13043478260869565,0.4125,0.3719000000000156,90.0,90.0
5.0,0.0,65.0,0.0,104.65124999999999,93.18625,3.0,3.0,6.954583333333333,0.0,0.0,0.0,0.0,0.0,0.1525,0.0,0.0,0.0,0.0,0.0,0.05795160169330885,0.0,0.0,6.0,0.0,22.0,20.0,0.0,0.0,1.0,0.0,0.0,0.0,0.0,0.0,0.0,0.0,1.0,0.0,0.0,14.705555555555556,640.0,142.82875000000004,0.4928372296835747,0.125,0.487012987012987,0.4572800000000278,90.0,90.0
5.0,0.0,65.0,0.0,104.65124999999999,93.18625,3.0,3.0,6.954583333333333,0.0,0.0,0.0,0.0,0.0,0.1525,0.0,0.0,0.0,0.0,0.0,0.05795160169330885,0.0,0.0,6.0,0.0,22.0,20.0,0.0,0.0,1.0,0.0,0.0,0.0,0.0,0.0,0.0,0.0,0.0,1.0,0.0,14.286111111111111,680.0,138.34475,0.5685225201883982,0.058823529411764705,0.4954545454545454,0.4352350000000255,90.0,90.0
5.0,0.0,65.0,0.0,104.65124999999999,93.18625,3.0,3.0,6.954583333333333,0.0,0.0,0.0,0.0,0.0,0.1525,0.0,0.0,0.0,0.0,0.0,0.05795160169330885,0.0,0.0,6.0,0.0,22.0,20.0,0.0,0.0,1.0,0.0,0.0,0.0,0.0,0.0,0.0,0.0,0.0,0.0,1.0,15.372222222222222,560.0,138.34475,0.5143292735458223,0.2857142857142857,0.512987012987013,0.5083100000000332,90.0,90.0
15.0,0.0,55.0,0.0,112.88875,83.095,7.0,5.0,6.3892307692307675,0.12604647150535253,0.0,0.0,0.0,1.693254598562355,0.27,1.0,1.188,2.736,1.0,0.2052092943010705,0.15202153239745644,0.3333333333333333,0.0,13.0,0.0,22.0,20.0,0.0,0.0,1.0,0.0,0.0,0.0,0.0,1.0,0.0,0.0,0.0,0.0,0.0,21.019444444444446,200.0,191.4362500000001,0.44141926239406026,0.2,0.5142857142857142,0.8414350000000208,90.0,90.0
15.0,0.0,55.0,0.0,112.88875,83.095,7.0,5.0,6.3892307692307675,0.12604647150535253,0.0,0.0,0.0,1.693254598562355,0.27,1.0,1.188,2.736,1.0,0.2052092943010705,0.15202153239745644,0.3333333333333333,0.0,13.0,0.0,22.0,20.0,0.0,0.0,1.0,0.0,0.0,0.0,0.0,0.0,1.0,0.0,0.0,0.0,0.0,16.877777777777776,680.0,159.63625000000008,0.5688979338293899,0.058823529411764705,0.4954545454545454,0.5727700000000338,90.0,90.0
15.0,0.0,55.0,0.0,112.88875,83.095,7.0,5.0,6.3892307692307675,0.12604647150535253,0.0,0.0,0.0,1.693254598562355,0.27,1.0,1.188,2.736,1.0,0.2052092943010705,0.15202153239745644,0.3333333333333333,0.0,13.0,0.0,22.0,20.0,0.0,0.0,1.0,0.0,0.0,0.0,0.0,0.0,0.0,1.0,0.0,0.0,0.0,14.15,1000.0,138.71625000000006,0.5633862464654847,0.04,0.5573863636363636,0.45398500000002784,90.0,90.0
15.0,0.0,55.0,0.0,112.88875,83.095,7.0,5.0,6.3892307692307675,0.12604647150535253,0.0,0.0,0.0,1.693254598562355,0.27,1.0,1.188,2.736,1.0,0.2052092943010705,0.15202153239745644,0.3333333333333333,0.0,13.0,0.0,22.0,20.0,0.0,0.0,1.0,0.0,0.0,0.0,0.0,0.0,0.0,0.0,1.0,0.0,0.0,16.394444444444446,720.0,156.43625000000006,0.5743713065267622,0.0,0.5142857142857142,0.5593850000000331,90.0,90.0
15.0,0.0,55.0,0.0,112.88875,83.095,7.0,5.0,6.3892307692307675,0.12604647150535253,0.0,0.0,0.0,1.693254598562355,0.27,1.0,1.188,2.736,1.0,0.2052092943010705,0.15202153239745644,0.3333333333333333,0.0,13.0,0.0,22.0,20.0,0.0,0.0,1.0,0.0,0.0,0.0,0.0,0.0,0.0,0.0,0.0,1.0,0.0,16.877777777777776,680.0,159.63625000000008,0.5685225201883982,0.058823529411764705,0.4954545454545454,0.5727700000000338,90.0,90.0
15.0,0.0,55.0,0.0,112.88875,83.095,7.0,5.0,6.3892307692307675,0.12604647150535253,0.0,0.0,0.0,1.693254598562355,0.27,1.0,1.188,2.736,1.0,0.2052092943010705,0.15202153239745644,0.3333333333333333,0.0,13.0,0.0,22.0,20.0,0.0,0.0,1.0,0.0,0.0,0.0,0.0,0.0,0.0,0.0,0.0,0.0,1.0,18.308333333333334,520.0,164.28625000000005,0.5067319412424254,0.07692307692307693,0.5142857142857142,0.6466000000000297,90.0,90.0
30.0,0.0,40.0,0.0,91.95,30.590000000000003,13.0,4.0,4.4315000000000255,0.12010375070704735,0.0,0.0,0.0,1.7365864355819625,0.3825,0.5,1.188,2.736,1.0,0.20402075014140947,0.5007344540558185,0.0,0.0,23.0,3.0,22.0,20.0,0.0,0.0,1.0,0.0,0.0,0.0,0.0,1.0,0.0,0.0,0.0,0.0,0.0,23.372222222222224,280.0,206.7862500000001,0.5847372887686462,0.14285714285714285,0.9,0.9711050000000186,90.0,90.0
30.0,0.0,40.0,0.0,91.95,30.590000000000003,13.0,4.0,4.4315000000000255,0.12010375070704735,0.0,0.0,0.0,1.7365864355819625,0.3825,0.5,1.188,2.736,1.0,0.20402075014140947,0.5007344540558185,0.0,0.0,23.0,3.0,22.0,20.0,0.0,0.0,1.0,0.0,0.0,0.0,0.0,0.0,1.0,0.0,0.0,0.0,0.0,20.877777777777776,560.0,185.9362500000001,0.5688979338293899,0.14285714285714285,0.5142857142857142,0.799505000000027,90.0,90.0
30.0,0.0,40.0,0.0,91.95,30.590000000000003,13.0,4.0,4.4315000000000255,0.12010375070704735,0.0,0.0,0.0,1.7365864355819625,0.3825,0.5,1.188,2.736,1.0,0.20402075014140947,0.5007344540558185,0.0,0.0,23.0,3.0,22.0,20.0,0.0,0.0,1.0,0.0,0.0,0.0,0.0,0.0,0.0,1.0,0.0,0.0,0.0,17.522222222222222,919.9999999999999,165.01625000000007,0.5828093489715358,0.13043478260869565,0.5369318181818181,0.6469500000000281,90.0,90.0
30.0,0.0,40.0,0.0,91.95,30.590000000000003,13.0,4.0,4.4315000000000255,0.12010375070704735,0.0,0.0,0.0,1.7365864355819625,0.3825,0.5,1.188,2.736,1.0,0.20402075014140947,0.5007344540558185,0.0,0.0,23.0,3.0,22.0,20.0,0.0,0.0,1.0,0.0,0.0,0.0,0.0,0.0,0.0,0.0,1.0,0.0,0.0,21.055555555555557,520.0,185.9362500000001,0.5080924282723913,0.23076923076923078,0.5142857142857142,0.8270850000000254,90.0,90.0
30.0,0.0,40.0,0.0,91.95,30.590000000000003,13.0,4.0,4.4315000000000255,0.12010375070704735,0.0,0.0,0.0,1.7365864355819625,0.3825,0.5,1.188,2.736,1.0,0.20402075014140947,0.5007344540558185,0.0,0.0,23.0,3.0,22.0,20.0,0.0,0.0,1.0,0.0,0.0,0.0,0.0,0.0,0.0,0.0,0.0,1.0,0.0,20.877777777777776,560.0,185.9362500000001,0.5685225201883982,0.14285714285714285,0.5142857142857142,0.799505000000027,90.0,90.0
30.0,0.0,40.0,0.0,91.95,30.590000000000003,13.0,4.0,4.4315000000000255,0.12010375070704735,0.0,0.0,0.0,1.7365864355819625,0.3825,0.5,1.188,2.736,1.0,0.20402075014140947,0.5007344540558185,0.0,0.0,23.0,3.0,22.0,20.0,0.0,0.0,1.0,0.0,0.0,0.0,0.0,0.0,0.0,0.0,0.0,0.0,1.0,19.86111111111111,640.0,190.58625000000006,0.4421983003033991,0.125,0.3534090909090909,0.7613050000000277,90.0,90.0
5.0,0.0,90.0,0.0,259.64250000000004,195.42000000000007,57.0,45.0,0.9597572815533936,0.17813019889659065,0.0,0.0,0.0,1.4128740578556356,0.4675,0.9777777777777777,40.176,92.52,1.0,0.21562603977931813,0.1411289658014008,0.125,0.0,120.0,17.0,22.0,20.0,0.0,0.0,1.0,0.0,0.0,0.0,0.0,1.0,0.0,0.0,0.0,0.0,0.0,52.19166666666667,1520.0,292.1856748650324,1.0,0.05263157894736842,0.2571428571428571,0.11076499999995582,90.0,90.0
5.0,0.0,90.0,0.0,259.64250000000004,195.42000000000007,57.0,45.0,0.9597572815533936,0.17813019889659065,0.0,0.0,0.0,1.4128740578556356,0.4675,0.9777777777777777,40.176,92.52,1.0,0.21562603977931813,0.1411289658014008,0.125,0.0,120.0,17.0,22.0,20.0,0.0,0.0,1.0,0.0,0.0,0.0,0.0,0.0,1.0,0.0,0.0,0.0,0.0,57.43611111111111,960.0,318.68375000000003,0.5808314058824938,0.25,0.45,1.8078100000003654,90.0,90.0
5.0,0.0,90.0,0.0,259.64250000000004,195.42000000000007,57.0,45.0,0.9597572815533936,0.17813019889659065,0.0,0.0,0.0,1.4128740578556356,0.4675,0.9777777777777777,40.176,92.52,1.0,0.21562603977931813,0.1411289658014008,0.125,0.0,120.0,17.0,22.0,20.0,0.0,0.0,1.0,0.0,0.0,0.0,0.0,0.0,0.0,1.0,0.0,0.0,0.0,54.125,1360.0,310.39875000000006,0.5744324054319843,0.0,0.6,1.6288600000002873,90.0,90.0
5.0,0.0,90.0,0.0,259.64250000000004,195.42000000000007,57.0,45.0,0.9597572815533936,0.17813019889659065,0.0,0.0,0.0,1.4128740578556356,0.4675,0.9777777777777777,40.176,92.52,1.0,0.21562603977931813,0.1411289658014008,0.125,0.0,120.0,17.0,22.0,20.0,0.0,0.0,1.0,0.0,0.0,0.0,0.0,0.0,0.0,0.0,1.0,0.0,0.0,57.40555555555556,1000.0,323.59875000000005,0.5754244191517169,0.12,0.36000000000000004,1.7994700000003592,90.0,90.0
5.0,0.0,90.0,0.0,259.64250000000004,195.42000000000007,57.0,45.0,0.9597572815533936,0.17813019889659065,0.0,0.0,0.0,1.4128740578556356,0.4675,0.9777777777777777,40.176,92.52,1.0,0.21562603977931813,0.1411289658014008,0.125,0.0,120.0,17.0,22.0,20.0,0.0,0.0,1.0,0.0,0.0,0.0,0.0,0.0,0.0,0.0,0.0,1.0,0.0,54.577777777777776,1160.0,301.9837500000001,0.6359828474831898,0.2413793103448276,0.36000000000000004,1.722360000000331,90.0,90.0
5.0,0.0,90.0,0.0,259.64250000000004,195.42000000000007,57.0,45.0,0.9597572815533936,0.17813019889659065,0.0,0.0,0.0,1.4128740578556356,0.4675,0.9777777777777777,40.176,92.52,1.0,0.21562603977931813,0.1411289658014008,0.125,0.0,120.0,17.0,22.0,20.0,0.0,0.0,1.0,0.0,0.0,0.0,0.0,0.0,0.0,0.0,0.0,0.0,1.0,56.325,1160.0,334.9074999999999,0.5760371974745201,0.10344827586206896,0.5142857142857142,1.7236250000003182,90.0,90.0
15.0,0.0,80.0,0.0,267.49,195.67000000000007,59.0,44.0,0.20441037735849074,0.24651628213346388,0.3333333333333333,0.2571428571428571,0.0,1.3234933220101475,0.5014285714285714,0.9607843137254902,90.64800000000001,208.728,1.0,0.2730175421409785,0.15506520424907144,0.14285714285714285,0.0,123.0,17.0,22.0,20.0,0.0,0.0,1.0,0.0,0.0,0.0,0.0,1.0,0.0,0.0,0.0,0.0,0.0,64.37777777777778,400.0,378.85624999999993,0.37667777440335415,0.0,0.675,2.4032650000003715,95.5,95.5
15.0,0.0,80.0,0.0,267.49,195.67000000000007,59.0,44.0,0.20441037735849074,0.24651628213346388,0.3333333333333333,0.2571428571428571,0.0,1.3234933220101475,0.5014285714285714,0.9607843137254902,90.64800000000001,208.728,1.0,0.2730175421409785,0.15506520424907144,0.14285714285714285,0.0,123.0,17.0,22.0,20.0,0.0,0.0,1.0,0.0,0.0,0.0,0.0,0.0,1.0,0.0,0.0,0.0,0.0,59.21666666666667,1040.0,333.28625000000005,0.5808314058824938,0.23076923076923078,0.45,1.8889800000005494,95.5,95.5
15.0,0.0,80.0,0.0,267.49,195.67000000000007,59.0,44.0,0.20441037735849074,0.24651628213346388,0.3333333333333333,0.2571428571428571,0.0,1.3234933220101475,0.5014285714285714,0.9607843137254902,90.64800000000001,208.728,1.0,0.2730175421409785,0.15506520424907144,0.14285714285714285,0.0,123.0,17.0,22.0,20.0,0.0,0.0,1.0,0.0,0.0,0.0,0.0,0.0,0.0,1.0,0.0,0.0,0.0,56.022222222222226,1600.0,314.23625000000004,0.5782733341947903,0.0,0.5142857142857142,1.6961950000004653,95.5,95.5
15.0,0.0,80.0,0.0,267.49,195.67000000000007,59.0,44.0,0.20441037735849074,0.24651628213346388,0.3333333333333333,0.2571428571428571,0.0,1.3234933220101475,0.5014285714285714,0.9607843137254902,90.64800000000001,208.728,1.0,0.2730175421409785,0.15506520424907144,0.14285714285714285,0.0,123.0,17.0,22.0,20.0,0.0,0.0,1.0,0.0,0.0,0.0,0.0,0.0,0.0,0.0,1.0,0.0,0.0,58.63055555555555,1160.0,333.28625000000005,0.5747428961475988,0.10344827586206896,0.45,1.8874400000005433,95.5,95.5
15.0,0.0,80.0,0.0,267.49,195.67000000000007,59.0,44.0,0.20441037735849074,0.24651628213346388,0.3333333333333333,0.2571428571428571,0.0,1.3234933220101475,0.5014285714285714,0.9607843137254902,90.64800000000001,208.728,1.0,0.2730175421409785,0.15506520424907144,0.14285714285714285,0.0,123.0,17.0,22.0,20.0,0.0,0.0,1.0,0.0,0.0,0.0,0.0,0.0,0.0,0.0,0.0,1.0,0.0,59.21666666666667,1040.0,333.28625000000005,0.5804096473513084,0.23076923076923078,0.45,1.8889800000005494,95.5,95.5
15.0,0.0,80.0,0.0,267.49,195.67000000000007,59.0,44.0,0.20441037735849074,0.24651628213346388,0.3333333333333333,0.2571428571428571,0.0,1.3234933220101475,0.5014285714285714,0.9607843137254902,90.64800000000001,208.728,1.0,0.2730175421409785,0.15506520424907144,0.14285714285714285,0.0,123.0,17.0,22.0,20.0,0.0,0.0,1.0,0.0,0.0,0.0,0.0,0.0,0.0,0.0,0.0,0.0,1.0,58.05833333333333,1160.0,347.33625,0.6278961849173834,0.1724137931034483,0.6,1.8411600000005262,95.5,95.5
30.0,0.0,65.0,0.0,272.8125,216.77000000000012,60.0,49.0,1.6833552631578959,0.27017598873738347,0.3333333333333333,0.225,0.0,1.1706557326707356,0.495,0.9661016949152542,52.884,121.82400000000001,0.0,0.0922851977474767,0.11446998207656496,0.25,0.0,135.0,21.0,22.0,20.0,0.0,0.0,1.0,0.0,0.0,0.0,0.0,1.0,0.0,0.0,0.0,0.0,0.0,66.12222222222222,480.0,400.6549999999998,0.45055815098717084,0.3333333333333333,0.5142857142857142,2.5791249999999164,95.5,95.5
30.0,0.0,65.0,0.0,272.8125,216.77000000000012,60.0,49.0,1.6833552631578959,0.27017598873738347,0.3333333333333333,0.225,0.0,1.1706557326707356,0.495,0.9661016949152542,52.884,121.82400000000001,0.0,0.0922851977474767,0.11446998207656496,0.25,0.0,135.0,21.0,22.0,20.0,0.0,0.0,1.0,0.0,0.0,0.0,0.0,0.0,1.0,0.0,0.0,0.0,0.0,62.50833333333333,919.9999999999999,370.655,0.5690783637897888,0.21739130434782608,0.45,2.194340000000365,95.5,95.5
30.0,0.0,65.0,0.0,272.8125,216.77000000000012,60.0,49.0,1.6833552631578959,0.27017598873738347,0.3333333333333333,0.225,0.0,1.1706557326707356,0.495,0.9661016949152542,52.884,121.82400000000001,0.0,0.0922851977474767,0.11446998207656496,0.25,0.0,135.0,21.0,22.0,20.0,0.0,0.0,1.0,0.0,0.0,0.0,0.0,0.0,0.0,1.0,0.0,0.0,0.0,59.102777777777774,1320.0,366.25499999999994,0.5828452979634898,0.09090909090909091,0.7714285714285714,2.0099200000005673,95.5,95.5
30.0,0.0,65.0,0.0,272.8125,216.77000000000012,60.0,49.0,1.6833552631578959,0.27017598873738347,0.3333333333333333,0.225,0.0,1.1706557326707356,0.495,0.9661016949152542,52.884,121.82400000000001,0.0,0.0922851977474767,0.11446998207656496,0.25,0.0,135.0,21.0,22.0,20.0,0.0,0.0,1.0,0.0,0.0,0.0,0.0,0.0,0.0,0.0,1.0,0.0,0.0,62.955555555555556,880.0,375.3049999999999,0.4627772852610119,0.18181818181818182,0.45,2.1994900000003645,95.5,95.5
30.0,0.0,65.0,0.0,272.8125,216.77000000000012,60.0,49.0,1.6833552631578959,0.27017598873738347,0.3333333333333333,0.225,0.0,1.1706557326707356,0.495,0.9661016949152542,52.884,121.82400000000001,0.0,0.0922851977474767,0.11446998207656496,0.25,0.0,135.0,21.0,22.0,20.0,0.0,0.0,1.0,0.0,0.0,0.0,0.0,0.0,0.0,0.0,0.0,1.0,0.0,62.50833333333333,919.9999999999999,370.655,0.5688832550066685,0.21739130434782608,0.45,2.194340000000365,95.5,95.5
30.0,0.0,65.0,0.0,272.8125,216.77000000000012,60.0,49.0,1.6833552631578959,0.27017598873738347,0.3333333333333333,0.225,0.0,1.1706557326707356,0.495,0.9661016949152542,52.884,121.82400000000001,0.0,0.0922851977474767,0.11446998207656496,0.25,0.0,135.0,21.0,22.0,20.0,0.0,0.0,1.0,0.0,0.0,0.0,0.0,0.0,0.0,0.0,0.0,0.0,1.0,62.71388888888889,919.9999999999999,370.655,0.5712839315270026,0.21739130434782608,0.36000000000000004,2.1840700000003817,95.5,95.5
85.0,0.0,10.0,0.0,307.3225000000001,271.02625,65.0,62.0,0.9841153846153706,0.16224433968081337,0.0,0.0,0.0,1.8852985054235167,0.45,0.9655172413793104,50.184,115.524,1.0,0.21244886793616266,0.06275841350050483,0.14285714285714285,0.0,169.0,39.0,22.0,20.0,0.0,0.0,1.0,0.0,0.0,0.0,0.0,1.0,0.0,0.0,0.0,0.0,0.0,80.67777777777778,160.0,472.83374999999955,0.4491005634989432,0.0,0.3,3.5000599999972604,95.5,95.5
85.0,0.0,10.0,0.0,307.3225000000001,271.02625,65.0,62.0,0.9841153846153706,0.16224433968081337,0.0,0.0,0.0,1.8852985054235167,0.45,0.9655172413793104,50.184,115.524,1.0,0.21244886793616266,0.06275841350050483,0.14285714285714285,0.0,169.0,39.0,22.0,20.0,0.0,0.0,1.0,0.0,0.0,0.0,0.0,0.0,1.0,0.0,0.0,0.0,0.0,80.20277777777778,200.0,472.83374999999955,0.4620565840774962,0.2,0.3,3.4353049999973146,95.5,95.5
85.0,0.0,10.0,0.0,307.3225000000001,271.02625,65.0,62.0,0.9841153846153706,0.16224433968081337,0.0,0.0,0.0,1.8852985054235167,0.45,0.9655172413793104,50.184,115.524,1.0,0.21244886793616266,0.06275841350050483,0.14285714285714285,0.0,169.0,39.0,22.0,20.0,0.0,0.0,1.0,0.0,0.0,0.0,0.0,0.0,0.0,1.0,0.0,0.0,0.0,77.81111111111112,400.0,448.1837499999996,0.5786732718024726,0.4,0.6,3.268389999997508,95.5,95.5
85.0,0.0,10.0,0.0,307.3225000000001,271.02625,65.0,62.0,0.9841153846153706,0.16224433968081337,0.0,0.0,0.0,1.8852985054235167,0.45,0.9655172413793104,50.184,115.524,1.0,0.21244886793616266,0.06275841350050483,0.14285714285714285,0.0,169.0,39.0,22.0,20.0,0.0,0.0,1.0,0.0,0.0,0.0,0.0,0.0,0.0,0.0,1.0,0.0,0.0,80.19722222222222,200.0,468.4337499999995,0.512000576973629,0.2,0.6,3.4342249999973546,95.5,95.5
85.0,0.0,10.0,0.0,307.3225000000001,271.02625,65.0,62.0,0.9841153846153706,0.16224433968081337,0.0,0.0,0.0,1.8852985054235167,0.45,0.9655172413793104,50.184,115.524,1.0,0.21244886793616266,0.06275841350050483,0.14285714285714285,0.0,169.0,39.0,22.0,20.0,0.0,0.0,1.0,0.0,0.0,0.0,0.0,0.0,0.0,0.0,0.0,1.0,0.0,80.20277777777778,200.0,472.83374999999955,0.46205658407749645,0.2,0.3,3.4353049999973146,95.5,95.5
85.0,0.0,10.0,0.0,307.3225000000001,271.02625,65.0,62.0,0.9841153846153706,0.16224433968081337,0.0,0.0,0.0,1.8852985054235167,0.45,0.9655172413793104,50.184,115.524,1.0,0.21244886793616266,0.06275841350050483,0.14285714285714285,0.0,169.0,39.0,22.0,20.0,0.0,0.0,1.0,0.0,0.0,0.0,0.0,0.0,0.0,0.0,0.0,0.0,1.0,79.68888888888888,240.0,462.58374999999955,0.5154134100331562,0.3333333333333333,0.6,3.4156999999973596,95.5,95.5
85.0,0.0,10.0,0.0,307.3225000000001,271.02625,65.0,62.0,0.9841153846153706,0.16224433968081337,0.0,0.0,0.0,1.8852985054235167,0.45,0.9655172413793104,50.184,115.524,1.0,0.21244886793616266,0.06275841350050483,0.14285714285714285,0.0,169.0,39.0,22.0,20.0,0.0,0.0,1.0,0.0,0.0,0.0,0.0,1.0,0.0,0.0,0.0,0.0,0.0,80.67777777777778,160.0,472.83374999999955,0.4491005634989432,0.0,0.3,3.5000599999972604,95.5,95.5
85.0,0.0,10.0,0.0,307.3225000000001,271.02625,65.0,62.0,0.9841153846153706,0.16224433968081337,0.0,0.0,0.0,1.8852985054235167,0.45,0.9655172413793104,50.184,115.524,1.0,0.21244886793616266,0.06275841350050483,0.14285714285714285,0.0,169.0,39.0,22.0,20.0,0.0,0.0,1.0,0.0,0.0,0.0,0.0,0.0,1.0,0.0,0.0,0.0,0.0,80.20277777777778,200.0,472.83374999999955,0.4620565840774962,0.2,0.3,3.4353049999973146,95.5,95.5
85.0,0.0,10.0,0.0,307.3225000000001,271.02625,65.0,62.0,0.9841153846153706,0.16224433968081337,0.0,0.0,0.0,1.8852985054235167,0.45,0.9655172413793104,50.184,115.524,1.0,0.21244886793616266,0.06275841350050483,0.14285714285714285,0.0,169.0,39.0,22.0,20.0,0.0,0.0,1.0,0.0,0.0,0.0,0.0,0.0,0.0,1.0,0.0,0.0,0.0,77.81111111111112,400.0,448.1837499999996,0.5786732718024726,0.4,0.6,3.268389999997508,95.5,95.5
85.0,0.0,10.0,0.0,307.3225000000001,271.02625,65.0,62.0,0.9841153846153706,0.16224433968081337,0.0,0.0,0.0,1.8852985054235167,0.45,0.9655172413793104,50.184,115.524,1.0,0.21244886793616266,0.06275841350050483,0.14285714285714285,0.0,169.0,39.0,22.0,20.0,0.0,0.0,1.0,0.0,0.0,0.0,0.0,0.0,0.0,0.0,1.0,0.0,0.0,80.19722222222222,200.0,468.4337499999995,0.512000576973629,0.2,0.6,3.4342249999973546,95.5,95.5
85.0,0.0,10.0,0.0,307.3225000000001,271.02625,65.0,62.0,0.9841153846153706,0.16224433968081337,0.0,0.0,0.0,1.8852985054235167,0.45,0.9655172413793104,50.184,115.524,1.0,0.21244886793616266,0.06275841350050483,0.14285714285714285,0.0,169.0,39.0,22.0,20.0,0.0,0.0,1.0,0.0,0.0,0.0,0.0,0.0,0.0,0.0,0.0,1.0,0.0,80.20277777777778,200.0,472.83374999999955,0.46205658407749645,0.2,0.3,3.4353049999973146,95.5,95.5
85.0,0.0,10.0,0.0,307.3225000000001,271.02625,65.0,62.0,0.9841153846153706,0.16224433968081337,0.0,0.0,0.0,1.8852985054235167,0.45,0.9655172413793104,50.184,115.524,1.0,0.21244886793616266,0.06275841350050483,0.14285714285714285,0.0,169.0,39.0,22.0,20.0,0.0,0.0,1.0,0.0,0.0,0.0,0.0,0.0,0.0,0.0,0.0,0.0,1.0,79.68888888888888,240.0,462.58374999999955,0.5154134100331562,0.3333333333333333,0.6,3.4156999999973596,95.5,95.5
85.0,0.0,10.0,0.0,307.3225000000001,271.02625,65.0,62.0,0.9841153846153706,0.16224433968081337,0.0,0.0,0.0,1.8852985054235167,0.45,0.9655172413793104,50.184,115.524,1.0,0.21244886793616266,0.06275841350050483,0.14285714285714285,0.0,169.0,39.0,22.0,20.0,0.0,0.0,1.0,0.0,0.0,0.0,0.0,1.0,0.0,0.0,0.0,0.0,0.0,80.67777777777778,160.0,472.83374999999955,0.4491005634989432,0.0,0.3,3.5000599999972604,95.5,95.5
85.0,0.0,10.0,0.0,307.3225000000001,271.02625,65.0,62.0,0.9841153846153706,0.16224433968081337,0.0,0.0,0.0,1.8852985054235167,0.45,0.9655172413793104,50.184,115.524,1.0,0.21244886793616266,0.06275841350050483,0.14285714285714285,0.0,169.0,39.0,22.0,20.0,0.0,0.0,1.0,0.0,0.0,0.0,0.0,0.0,1.0,0.0,0.0,0.0,0.0,80.20277777777778,200.0,472.83374999999955,0.4620565840774962,0.2,0.3,3.4353049999973146,95.5,95.5
85.0,0.0,10.0,0.0,307.3225000000001,271.02625,65.0,62.0,0.9841153846153706,0.16224433968081337,0.0,0.0,0.0,1.8852985054235167,0.45,0.9655172413793104,50.184,115.524,1.0,0.21244886793616266,0.06275841350050483,0.14285714285714285,0.0,169.0,39.0,22.0,20.0,0.0,0.0,1.0,0.0,0.0,0.0,0.0,0.0,0.0,1.0,0.0,0.0,0.0,77.81111111111112,400.0,448.1837499999996,0.5786732718024726,0.4,0.6,3.268389999997508,95.5,95.5
85.0,0.0,10.0,0.0,307.3225000000001,271.02625,65.0,62.0,0.9841153846153706,0.16224433968081337,0.0,0.0,0.0,1.8852985054235167,0.45,0.9655172413793104,50.184,115.524,1.0,0.21244886793616266,0.06275841350050483,0.14285714285714285,0.0,169.0,39.0,22.0,20.0,0.0,0.0,1.0,0.0,0.0,0.0,0.0,0.0,0.0,0.0,1.0,0.0,0.0,80.19722222222222,200.0,468.4337499999995,0.512000576973629,0.2,0.6,3.4342249999973546,95.5,95.5
85.0,0.0,10.0,0.0,307.3225000000001,271.02625,65.0,62.0,0.9841153846153706,0.16224433968081337,0.0,0.0,0.0,1.8852985054235167,0.45,0.9655172413793104,50.184,115.524,1.0,0.21244886793616266,0.06275841350050483,0.14285714285714285,0.0,169.0,39.0,22.0,20.0,0.0,0.0,1.0,0.0,0.0,0.0,0.0,0.0,0.0,0.0,0.0,1.0,0.0,80.20277777777778,200.0,472.83374999999955,0.46205658407749645,0.2,0.3,3.4353049999973146,95.5,95.5
85.0,0.0,10.0,0.0,307.3225000000001,271.02625,65.0,62.0,0.9841153846153706,0.16224433968081337,0.0,0.0,0.0,1.8852985054235167,0.45,0.9655172413793104,50.184,115.524,1.0,0.21244886793616266,0.06275841350050483,0.14285714285714285,0.0,169.0,39.0,22.0,20.0,0.0,0.0,1.0,0.0,0.0,0.0,0.0,0.0,0.0,0.0,0.0,0.0,1.0,79.68888888888888,240.0,462.58374999999955,0.5154134100331562,0.3333333333333333,0.6,3.4156999999973596,95.5,95.5
5.0,0.0,0.0,0.0,558.3374999999992,448.31124999999963,118.0,101.0,2.332149321266953,0.25511701683141685,0.0,0.3,0.0,1.9216700073547999,0.5275000000000001,0.9494949494949495,85.68,197.24400000000003,1.0,0.28202340336628334,0.10929954465249142,0.25,0.0,265.0,44.0,22.0,20.0,0.0,0.0,1.0,0.0,0.0,0.0,0.0,1.0,0.0,0.0,0.0,0.0,0.0,117.36944444444444,1320.0,603.9479332239764,1.0,0.030303030303030304,0.7714285714285714,1.223055000004825,90.0,90.0
5.0,0.0,0.0,0.0,558.3374999999992,448.31124999999963,118.0,101.0,2.332149321266953,0.25511701683141685,0.0,0.3,0.0,1.9216700073547999,0.5275000000000001,0.9494949494949495,85.68,197.24400000000003,1.0,0.28202340336628334,0.10929954465249142,0.25,0.0,265.0,44.0,22.0,20.0,0.0,0.0,1.0,0.0,0.0,0.0,0.0,0.0,1.0,0.0,0.0,0.0,0.0,119.82777777777778,919.9999999999999,640.006249999999,0.4513540039888118,0.043478260869565216,0.6,3.846425000015296,90.0,90.0
5.0,0.0,0.0,0.0,558.3374999999992,448.31124999999963,118.0,101.0,2.332149321266953,0.25511701683141685,0.0,0.3,0.0,1.9216700073547999,0.5275000000000001,0.9494949494949495,85.68,197.24400000000003,1.0,0.28202340336628334,0.10929954465249142,0.25,0.0,265.0,44.0,22.0,20.0,0.0,0.0,1.0,0.0,0.0,0.0,0.0,0.0,0.0,1.0,0.0,0.0,0.0,116.76388888888889,1400.0,611.7447499999988,0.5798914278159887,0.02857142857142857,0.6,3.581500000014211,90.0,90.0
5.0,0.0,0.0,0.0,558.3374999999992,448.31124999999963,118.0,101.0,2.332149321266953,0.25511701683141685,0.0,0.3,0.0,1.9216700073547999,0.5275000000000001,0.9494949494949495,85.68,197.24400000000003,1.0,0.28202340336628334,0.10929954465249142,0.25,0.0,265.0,44.0,22.0,20.0,0.0,0.0,1.0,0.0,0.0,0.0,0.0,0.0,0.0,0.0,1.0,0.0,0.0,118.97777777777777,960.0,634.656249999999,0.3979570543053708,0.08333333333333333,0.36000000000000004,3.8121450000152013,90.0,90.0
5.0,0.0,0.0,0.0,558.3374999999992,448.31124999999963,118.0,101.0,2.332149321266953,0.25511701683141685,0.0,0.3,0.0,1.9216700073547999,0.5275000000000001,0.9494949494949495,85.68,197.24400000000003,1.0,0.28202340336628334,0.10929954465249142,0.25,0.0,265.0,44.0,22.0,20.0,0.0,0.0,1.0,0.0,0.0,0.0,0.0,0.0,0.0,0.0,0.0,1.0,0.0,114.24444444444444,1400.0,573.706249999999,0.5911614596976582,0.42857142857142855,0.5142857142857142,3.417780000013508,90.0,90.0
5.0,0.0,0.0,0.0,558.3374999999992,448.31124999999963,118.0,101.0,2.332149321266953,0.25511701683141685,0.0,0.3,0.0,1.9216700073547999,0.5275000000000001,0.9494949494949495,85.68,197.24400000000003,1.0,0.28202340336628334,0.10929954465249142,0.25,0.0,265.0,44.0,22.0,20.0,0.0,0.0,1.0,0.0,0.0,0.0,0.0,0.0,0.0,0.0,0.0,0.0,1.0,118.68611111111112,960.0,640.006249999999,0.645150567923263,0.08333333333333333,0.5142857142857142,3.8151300000152144,90.0,90.0
15.0,0.0,0.0,0.0,564.344999999999,467.05499999999955,121.0,105.0,0.1159606986899566,0.21507580455732178,0.0,0.0,0.0,1.7541682904818945,0.45,0.9506726457399103,199.15200000000002,458.42400000000004,0.0,0.04301516091146436,0.0943280977312387,0.2857142857142857,0.0,273.0,44.0,22.0,20.0,0.0,0.0,1.0,0.0,0.0,0.0,0.0,1.0,0.0,0.0,0.0,0.0,0.0,126.34722222222223,360.0,686.9949999999992,0.34753400288938263,0.1111111111111111,0.6,4.738615000018939,90.0,90.0
15.0,0.0,0.0,0.0,564.344999999999,467.05499999999955,121.0,105.0,0.1159606986899566,0.21507580455732178,0.0,0.0,0.0,1.7541682904818945,0.45,0.9506726457399103,199.15200000000002,458.42400000000004,0.0,0.04301516091146436,0.0943280977312387,0.2857142857142857,0.0,273.0,44.0,22.0,20.0,0.0,0.0,1.0,0.0,0.0,0.0,0.0,0.0,1.0,0.0,0.0,0.0,0.0,121.9888888888889,1000.0,653.694999999999,0.4513540039888118,0.04,0.6,3.9663600000157953,90.0,90.0
15.0,0.0,0.0,0.0,564.344999999999,467.05499999999955,121.0,105.0,0.1159606986899566,0.21507580455732178,0.0,0.0,0.0,1.7541682904818945,0.45,0.9506726457399103,199.15200000000002,458.42400000000004,0.0,0.04301516091146436,0.0943280977312387,0.2857142857142857,0.0,273.0,44.0,22.0,20.0,0.0,0.0,1.0,0.0,0.0,0.0,0.0,0.0,0.0,1.0,0.0,0.0,0.0,118.51388888888889,1600.0,628.9799999999991,0.6312734666944988,0.15,0.6,3.5219450000139965,90.0,90.0
15.0,0.0,0.0,0.0,564.344999999999,467.05499999999955,121.0,105.0,0.1159606986899566,0.21507580455732178,0.0,0.0,0.0,1.7541682904818945,0.45,0.9506726457399103,199.15200000000002,458.42400000000004,0.0,0.04301516091146436,0.0943280977312387,0.2857142857142857,0.0,273.0,44.0,22.0,20.0,0.0,0.0,1.0,0.0,0.0,0.0,0.0,0.0,0.0,0.0,1.0,0.0,0.0,121.58333333333333,1040.0,653.312499999999,0.472069420056099,0.07692307692307693,0.5142857142857142,3.8777550000154566,90.0,90.0
15.0,0.0,0.0,0.0,564.344999999999,467.05499999999955,121.0,105.0,0.1159606986899566,0.21507580455732178,0.0,0.0,0.0,1.7541682904818945,0.45,0.9506726457399103,199.15200000000002,458.42400000000004,0.0,0.04301516091146436,0.0943280977312387,0.2857142857142857,0.0,273.0,44.0,22.0,20.0,0.0,0.0,1.0,0.0,0.0,0.0,0.0,0.0,0.0,0.0,0.0,1.0,0.0,121.9888888888889,1000.0,653.694999999999,0.4509247267492674,0.04,0.6,3.9663600000157953,90.0,90.0
15.0,0.0,0.0,0.0,564.344999999999,467.05499999999955,121.0,105.0,0.1159606986899566,0.21507580455732178,0.0,0.0,0.0,1.7541682904818945,0.45,0.9506726457399103,199.15200000000002,458.42400000000004,0.0,0.04301516091146436,0.0943280977312387,0.2857142857142857,0.0,273.0,44.0,22.0,20.0,0.0,0.0,1.0,0.0,0.0,0.0,0.0,0.0,0.0,0.0,0.0,0.0,1.0,122.06666666666666,960.0,645.7949999999992,0.5741821841643291,0.08333333333333333,0.36000000000000004,3.908315000015522,90.0,90.0
30.0,0.0,0.0,0.0,584.122499999999,481.39999999999947,125.0,107.0,1.129508438818568,0.08665517530914027,0.0,0.0,0.0,1.8190297948512602,0.45,0.9528301886792453,92.41199999999999,212.72400000000002,1.0,0.19733103506182806,0.09640575398454722,0.0,0.0,285.0,48.0,22.0,20.0,0.0,0.0,1.0,0.0,0.0,0.0,0.0,1.0,0.0,0.0,0.0,0.0,0.0,128.24166666666667,600.0,700.520643799537,1.0,0.4666666666666667,0.6,3.552715000014146,90.0,90.0
30.0,0.0,0.0,0.0,584.122499999999,481.39999999999947,125.0,107.0,1.129508438818568,0.08665517530914027,0.0,0.0,0.0,1.8190297948512602,0.45,0.9528301886792453,92.41199999999999,212.72400000000002,1.0,0.19733103506182806,0.09640575398454722,0.0,0.0,285.0,48.0,22.0,20.0,0.0,0.0,1.0,0.0,0.0,0.0,0.0,0.0,1.0,0.0,0.0,0.0,0.0,125.19444444444444,1040.0,689.8662499999996,0.4513540039888118,0.15384615384615385,0.6,3.9795700000158103,90.0,90.0
30.0,0.0,0.0,0.0,584.122499999999,481.39999999999947,125.0,107.0,1.129508438818568,0.08665517530914027,0.0,0.0,0.0,1.8190297948512602,0.45,0.9528301886792453,92.41199999999999,212.72400000000002,1.0,0.19733103506182806,0.09640575398454722,0.0,0.0,285.0,48.0,22.0,20.0,0.0,0.0,1.0,0.0,0.0,0.0,0.0,0.0,0.0,1.0,0.0,0.0,0.0,120.64444444444445,1640.0,659.1112499999996,0.579224105208364,0.21951219512195122,0.6,3.599875000014249,90.0,90.0
30.0,0.0,0.0,0.0,584.122499999999,481.39999999999947,125.0,107.0,1.129508438818568,0.08665517530914027,0.0,0.0,0.0,1.8190297948512602,0.45,0.9528301886792453,92.41199999999999,212.72400000000002,1.0,0.19733103506182806,0.09640575398454722,0.0,0.0,285.0,48.0,22.0,20.0,0.0,0.0,1.0,0.0,0.0,0.0,0.0,0.0,0.0,0.0,1.0,0.0,0.0,123.73055555555555,1120.0,696.6812499999993,0.5737185226572782,0.35714285714285715,0.36000000000000004,3.8931950000155116,90.0,90.0
30.0,0.0,0.0,0.0,584.122499999999,481.39999999999947,125.0,107.0,1.129508438818568,0.08665517530914027,0.0,0.0,0.0,1.8190297948512602,0.45,0.9528301886792453,92.41199999999999,212.72400000000002,1.0,0.19733103506182806,0.09640575398454722,0.0,0.0,285.0,48.0,22.0,20.0,0.0,0.0,1.0,0.0,0.0,0.0,0.0,0.0,0.0,0.0,0.0,1.0,0.0,125.19444444444444,1040.0,689.8662499999996,0.4509247267492674,0.15384615384615385,0.6,3.9795700000158103,90.0,90.0
30.0,0.0,0.0,0.0,584.122499999999,481.39999999999947,125.0,107.0,1.129508438818568,0.08665517530914027,0.0,0.0,0.0,1.8190297948512602,0.45,0.9528301886792453,92.41199999999999,212.72400000000002,1.0,0.19733103506182806,0.09640575398454722,0.0,0.0,285.0,48.0,22.0,20.0,0.0,0.0,1.0,0.0,0.0,0.0,0.0,0.0,0.0,0.0,0.0,0.0,1.0,122.78333333333333,1200.0,701.7262499999993,0.5656527636848213,0.4,0.6,3.9429550000157203,90.0,90.0
120.0,0.0,0.0,0.0,689.8662499999996,560.6574999999991,147.0,127.0,0.4652527075812262,0.19126557347413214,0.0,0.0,0.0,0.958926752273507,0.45,0.9586206896551724,136.69199999999998,314.74800000000005,1.0,0.21825311469482642,0.10332370736661387,0.3333333333333333,0.0,351.0,74.0,22.0,20.0,0.0,0.0,1.0,0.0,0.0,0.0,0.0,1.0,0.0,0.0,0.0,0.0,0.0,150.87777777777777,400.0,850.0537500000002,0.35291431956773045,0.2,0.6,5.45155999999889,90.0,90.0
120.0,0.0,0.0,0.0,689.8662499999996,560.6574999999991,147.0,127.0,0.4652527075812262,0.19126557347413214,0.0,0.0,0.0,0.958926752273507,0.45,0.9586206896551724,136.69199999999998,314.74800000000005,1.0,0.21825311469482642,0.10332370736661387,0.3333333333333333,0.0,351.0,74.0,22.0,20.0,0.0,0.0,1.0,0.0,0.0,0.0,0.0,0.0,1.0,0.0,0.0,0.0,0.0,146.4638888888889,1080.0,815.8375000000004,0.4526457324644955,0.1111111111111111,0.45,4.4149450000030175,90.0,90.0
120.0,0.0,0.0,0.0,689.8662499999996,560.6574999999991,147.0,127.0,0.4652527075812262,0.19126557347413214,0.0,0.0,0.0,0.958926752273507,0.45,0.9586206896551724,136.69199999999998,314.74800000000005,1.0,0.21825311469482642,0.10332370736661387,0.3333333333333333,0.0,351.0,74.0,22.0,20.0,0.0,0.0,1.0,0.0,0.0,0.0,0.0,0.0,0.0,1.0,0.0,0.0,0.0,142.86111111111111,1600.0,786.0037500000001,0.7415259786959341,0.0,0.6,4.223770000003784,90.0,90.0
120.0,0.0,0.0,0.0,689.8662499999996,560.6574999999991,147.0,127.0,0.4652527075812262,0.19126557347413214,0.0,0.0,0.0,0.958926752273507,0.45,0.9586206896551724,136.69199999999998,314.74800000000005,1.0,0.21825311469482642,0.10332370736661387,0.3333333333333333,0.0,351.0,74.0,22.0,20.0,0.0,0.0,1.0,0.0,0.0,0.0,0.0,0.0,0.0,0.0,1.0,0.0,0.0,146.00555555555556,1200.0,817.8887500000002,0.5681545765007187,0.2,0.6,4.340970000003365,90.0,90.0
120.0,0.0,0.0,0.0,689.8662499999996,560.6574999999991,147.0,127.0,0.4652527075812262,0.19126557347413214,0.0,0.0,0.0,0.958926752273507,0.45,0.9586206896551724,136.69199999999998,314.74800000000005,1.0,0.21825311469482642,0.10332370736661387,0.3333333333333333,0.0,351.0,74.0,22.0,20.0,0.0,0.0,1.0,0.0,0.0,0.0,0.0,0.0,0.0,0.0,0.0,1.0,0.0,146.4638888888889,1080.0,815.8375000000004,0.45232611243564397,0.1111111111111111,0.45,4.4149450000030175,90.0,90.0
120.0,0.0,0.0,0.0,689.8662499999996,560.6574999999991,147.0,127.0,0.4652527075812262,0.19126557347413214,0.0,0.0,0.0,0.958926752273507,0.45,0.9586206896551724,136.69199999999998,314.74800000000005,1.0,0.21825311469482642,0.10332370736661387,0.3333333333333333,0.0,351.0,74.0,22.0,20.0,0.0,0.0,1.0,0.0,0.0,0.0,0.0,0.0,0.0,0.0,0.0,0.0,1.0,145.33333333333334,1120.0,829.35375,0.5637472912205744,0.35714285714285715,0.3,4.463380000002866,90.0,90.0
120.0,0.0,0.0,0.0,689.8662499999996,560.6574999999991,147.0,127.0,0.4652527075812262,0.19126557347413214,0.0,0.0,0.0,0.958926752273507,0.45,0.9586206896551724,136.69199999999998,314.74800000000005,1.0,0.21825311469482642,0.10332370736661387,0.3333333333333333,0.0,351.0,74.0,22.0,20.0,0.0,0.0,1.0,0.0,0.0,0.0,0.0,1.0,0.0,0.0,0.0,0.0,0.0,150.87777777777777,400.0,850.0537500000002,0.35291431956773045,0.2,0.6,5.45155999999889,90.0,90.0
120.0,0.0,0.0,0.0,689.8662499999996,560.6574999999991,147.0,127.0,0.4652527075812262,0.19126557347413214,0.0,0.0,0.0,0.958926752273507,0.45,0.9586206896551724,136.69199999999998,314.74800000000005,1.0,0.21825311469482642,0.10332370736661387,0.3333333333333333,0.0,351.0,74.0,22.0,20.0,0.0,0.0,1.0,0.0,0.0,0.0,0.0,0.0,1.0,0.0,0.0,0.0,0.0,146.4638888888889,1080.0,815.8375000000004,0.4526457324644955,0.1111111111111111,0.45,4.4149450000030175,90.0,90.0
120.0,0.0,0.0,0.0,689.8662499999996,560.6574999999991,147.0,127.0,0.4652527075812262,0.19126557347413214,0.0,0.0,0.0,0.958926752273507,0.45,0.9586206896551724,136.69199999999998,314.74800000000005,1.0,0.21825311469482642,0.10332370736661387,0.3333333333333333,0.0,351.0,74.0,22.0,20.0,0.0,0.0,1.0,0.0,0.0,0.0,0.0,0.0,0.0,1.0,0.0,0.0,0.0,142.86111111111111,1600.0,786.0037500000001,0.7415259786959341,0.0,0.6,4.223770000003784,90.0,90.0
120.0,0.0,0.0,0.0,689.8662499999996,560.6574999999991,147.0,127.0,0.4652527075812262,0.19126557347413214,0.0,0.0,0.0,0.958926752273507,0.45,0.9586206896551724,136.69199999999998,314.74800000000005,1.0,0.21825311469482642,0.10332370736661387,0.3333333333333333,0.0,351.0,74.0,22.0,20.0,0.0,0.0,1.0,0.0,0.0,0.0,0.0,0.0,0.0,0.0,1.0,0.0,0.0,146.00555555555556,1200.0,817.8887500000002,0.5681545765007187,0.2,0.6,4.340970000003365,90.0,90.0
120.0,0.0,0.0,0.0,689.8662499999996,560.6574999999991,147.0,127.0,0.4652527075812262,0.19126557347413214,0.0,0.0,0.0,0.958926752273507,0.45,0.9586206896551724,136.69199999999998,314.74800000000005,1.0,0.21825311469482642,0.10332370736661387,0.3333333333333333,0.0,351.0,74.0,22.0,20.0,0.0,0.0,1.0,0.0,0.0,0.0,0.0,0.0,0.0,0.0,0.0,1.0,0.0,146.4638888888889,1080.0,815.8375000000004,0.45232611243564397,0.1111111111111111,0.45,4.4149450000030175,90.0,90.0
120.0,0.0,0.0,0.0,689.8662499999996,560.6574999999991,147.0,127.0,0.4652527075812262,0.19126557347413214,0.0,0.0,0.0,0.958926752273507,0.45,0.9586206896551724,136.69199999999998,314.74800000000005,1.0,0.21825311469482642,0.10332370736661387,0.3333333333333333,0.0,351.0,74.0,22.0,20.0,0.0,0.0,1.0,0.0,0.0,0.0,0.0,0.0,0.0,0.0,0.0,0.0,1.0,145.33333333333334,1120.0,829.35375,0.5637472912205744,0.35714285714285715,0.3,4.463380000002866,90.0,90.0
120.0,0.0,0.0,0.0,689.8662499999996,560.6574999999991,147.0,127.0,0.4652527075812262,0.19126557347413214,0.0,0.0,0.0,0.958926752273507,0.45,0.9586206896551724,136.69199999999998,314.74800000000005,1.0,0.21825311469482642,0.10332370736661387,0.3333333333333333,0.0,351.0,74.0,22.0,20.0,0.0,0.0,1.0,0.0,0.0,0.0,0.0,1.0,0.0,0.0,0.0,0.0,0.0,150.87777777777777,400.0,850.0537500000002,0.35291431956773045,0.2,0.6,5.45155999999889,90.0,90.0
120.0,0.0,0.0,0.0,689.8662499999996,560.6574999999991,147.0,127.0,0.4652527075812262,0.19126557347413214,0.0,0.0,0.0,0.958926752273507,0.45,0.9586206896551724,136.69199999999998,314.74800000000005,1.0,0.21825311469482642,0.10332370736661387,0.3333333333333333,0.0,351.0,74.0,22.0,20.0,0.0,0.0,1.0,0.0,0.0,0.0,0.0,0.0,1.0,0.0,0.0,0.0,0.0,146.4638888888889,1080.0,815.8375000000004,0.4526457324644955,0.1111111111111111,0.45,4.4149450000030175,90.0,90.0
120.0,0.0,0.0,0.0,689.8662499999996,560.6574999999991,147.0,127.0,0.4652527075812262,0.19126557347413214,0.0,0.0,0.0,0.958926752273507,0.45,0.9586206896551724,136.69199999999998,314.74800000000005,1.0,0.21825311469482642,0.10332370736661387,0.3333333333333333,0.0,351.0,74.0,22.0,20.0,0.0,0.0,1.0,0.0,0.0,0.0,0.0,0.0,0.0,1.0,0.0,0.0,0.0,142.86111111111111,1600.0,786.0037500000001,0.7415259786959341,0.0,0.6,4.223770000003784,90.0,90.0
120.0,0.0,0.0,0.0,689.8662499999996,560.6574999999991,147.0,127.0,0.4652527075812262,0.19126557347413214,0.0,0.0,0.0,0.958926752273507,0.45,0.9586206896551724,136.69199999999998,314.74800000000005,1.0,0.21825311469482642,0.10332370736661387,0.3333333333333333,0.0,351.0,74.0,22.0,20.0,0.0,0.0,1.0,0.0,0.0,0.0,0.0,0.0,0.0,0.0,1.0,0.0,0.0,146.00555555555556,1200.0,817.8887500000002,0.5681545765007187,0.2,0.6,4.340970000003365,90.0,90.0
120.0,0.0,0.0,0.0,689.8662499999996,560.6574999999991,147.0,127.0,0.4652527075812262,0.19126557347413214,0.0,0.0,0.0,0.958926752273507,0.45,0.9586206896551724,136.69199999999998,314.74800000000005,1.0,0.21825311469482642,0.10332370736661387,0.3333333333333333,0.0,351.0,74.0,22.0,20.0,0.0,0.0,1.0,0.0,0.0,0.0,0.0,0.0,0.0,0.0,0.0,1.0,0.0,146.4638888888889,1080.0,815.8375000000004,0.45232611243564397,0.1111111111111111,0.45,4.4149450000030175,90.0,90.0
120.0,0.0,0.0,0.0,689.8662499999996,560.6574999999991,147.0,127.0,0.4652527075812262,0.19126557347413214,0.0,0.0,0.0,0.958926752273507,0.45,0.9586206896551724,136.69199999999998,314.74800000000005,1.0,0.21825311469482642,0.10332370736661387,0.3333333333333333,0.0,351.0,74.0,22.0,20.0,0.0,0.0,1.0,0.0,0.0,0.0,0.0,0.0,0.0,0.0,0.0,0.0,1.0,145.33333333333334,1120.0,829.35375,0.5637472912205744,0.35714285714285715,0.3,4.463380000002866,90.0,90.0
240.0,0.0,0.0,0.0,845.2200000000001,656.8299999999991,181.0,150.0,0.1289434523809508,0.1607303689196541,0.0,0.0,0.0,1.881322961639138,0.45,0.9544072948328267,292.10400000000004,672.264,0.0,0.03214607378393082,0.12542192337139316,0.0,0.0,444.0,108.0,22.0,20.0,0.0,0.0,1.0,0.0,0.0,0.0,0.0,1.0,0.0,0.0,0.0,0.0,0.0,174.52916666666667,540.0,961.458750000001,0.30925904945291605,0.1111111111111111,0.5142857142857142,4.371974999981173,60.0,60.0
240.0,0.0,0.0,0.0,845.2200000000001,656.8299999999991,181.0,150.0,0.1289434523809508,0.1607303689196541,0.0,0.0,0.0,1.881322961639138,0.45,0.9544072948328267,292.10400000000004,672.264,0.0,0.03214607378393082,0.12542192337139316,0.0,0.0,444.0,108.0,22.0,20.0,0.0,0.0,1.0,0.0,0.0,0.0,0.0,0.0,1.0,0.0,0.0,0.0,0.0,171.70416666666668,1200.0,923.5437500000007,0.5692204609442995,0.2,0.3,3.6690599999842703,60.0,60.0
240.0,0.0,0.0,0.0,845.2200000000001,656.8299999999991,181.0,150.0,0.1289434523809508,0.1607303689196541,0.0,0.0,0.0,1.881322961639138,0.45,0.9544072948328267,292.10400000000004,672.264,0.0,0.03214607378393082,0.12542192337139316,0.0,0.0,444.0,108.0,22.0,20.0,0.0,0.0,1.0,0.0,0.0,0.0,0.0,0.0,0.0,1.0,0.0,0.0,0.0,170.88333333333333,1380.0,927.0037500000009,0.5770015943695674,0.043478260869565216,0.45,3.555319999984775,60.0,60.0
240.0,0.0,0.0,0.0,845.2200000000001,656.8299999999991,181.0,150.0,0.1289434523809508,0.1607303689196541,0.0,0.0,0.0,1.881322961639138,0.45,0.9544072948328267,292.10400000000004,672.264,0.0,0.03214607378393082,0.12542192337139316,0.0,0.0,444.0,108.0,22.0,20.0,0.0,0.0,1.0,0.0,0.0,0.0,0.0,0.0,0.0,0.0,1.0,0.0,0.0,172.7375,960.0,941.0537500000011,0.38884718034559024,0.0,0.36000000000000004,3.79111499998373,60.0,60.0
240.0,0.0,0.0,0.0,845.2200000000001,656.8299999999991,181.0,150.0,0.1289434523809508,0.1607303689196541,0.0,0.0,0.0,1.881322961639138,0.45,0.9544072948328267,292.10400000000004,672.264,0.0,0.03214607378393082,0.12542192337139316,0.0,0.0,444.0,108.0,22.0,20.0,0.0,0.0,1.0,0.0,0.0,0.0,0.0,0.0,0.0,0.0,0.0,1.0,0.0,171.70416666666668,1200.0,923.5437500000007,0.5690323869671863,0.2,0.3,3.6690599999842703,60.0,60.0
240.0,0.0,0.0,0.0,845.2200000000001,656.8299999999991,181.0,150.0,0.1289434523809508,0.1607303689196541,0.0,0.0,0.0,1.881322961639138,0.45,0.9544072948328267,292.10400000000004,672.264,0.0,0.03214607378393082,0.12542192337139316,0.0,0.0,444.0,108.0,22.0,20.0,0.0,0.0,1.0,0.0,0.0,0.0,0.0,0.0,0.0,0.0,0.0,0.0,1.0,171.7625,1140.0,924.9487500000007,0.4628520252582214,0.15789473684210525,0.36000000000000004,3.6654999999842772,60.0,60.0
240.0,0.0,0.0,0.0,845.2200000000001,656.8299999999991,181.0,150.0,0.1289434523809508,0.1607303689196541,0.0,0.0,0.0,1.881322961639138,0.45,0.9544072948328267,292.10400000000004,672.264,0.0,0.03214607378393082,0.12542192337139316,0.0,0.0,444.0,108.0,22.0,20.0,0.0,0.0,1.0,0.0,0.0,0.0,0.0,1.0,0.0,0.0,0.0,0.0,0.0,174.52916666666667,540.0,961.458750000001,0.30925904945291605,0.1111111111111111,0.5142857142857142,4.371974999981173,60.0,60.0
240.0,0.0,0.0,0.0,845.2200000000001,656.8299999999991,181.0,150.0,0.1289434523809508,0.1607303689196541,0.0,0.0,0.0,1.881322961639138,0.45,0.9544072948328267,292.10400000000004,672.264,0.0,0.03214607378393082,0.12542192337139316,0.0,0.0,444.0,108.0,22.0,20.0,0.0,0.0,1.0,0.0,0.0,0.0,0.0,0.0,1.0,0.0,0.0,0.0,0.0,171.70416666666668,1200.0,923.5437500000007,0.5692204609442995,0.2,0.3,3.6690599999842703,60.0,60.0
240.0,0.0,0.0,0.0,845.2200000000001,656.8299999999991,181.0,150.0,0.1289434523809508,0.1607303689196541,0.0,0.0,0.0,1.881322961639138,0.45,0.9544072948328267,292.10400000000004,672.264,0.0,0.03214607378393082,0.12542192337139316,0.0,0.0,444.0,108.0,22.0,20.0,0.0,0.0,1.0,0.0,0.0,0.0,0.0,0.0,0.0,1.0,0.0,0.0,0.0,170.88333333333333,1380.0,927.0037500000009,0.5770015943695674,0.043478260869565216,0.45,3.555319999984775,60.0,60.0
240.0,0.0,0.0,0.0,845.2200000000001,656.8299999999991,181.0,150.0,0.1289434523809508,0.1607303689196541,0.0,0.0,0.0,1.881322961639138,0.45,0.9544072948328267,292.10400000000004,672.264,0.0,0.03214607378393082,0.12542192337139316,0.0,0.0,444.0,108.0,22.0,20.0,0.0,0.0,1.0,0.0,0.0,0.0,0.0,0.0,0.0,0.0,1.0,0.0,0.0,172.7375,960.0,941.0537500000011,0.38884718034559024,0.0,0.36000000000000004,3.79111499998373,60.0,60.0
240.0,0.0,0.0,0.0,845.2200000000001,656.8299999999991,181.0,150.0,0.1289434523809508,0.1607303689196541,0.0,0.0,0.0,1.881322961639138,0.45,0.9544072948328267,292.10400000000004,672.264,0.0,0.03214607378393082,0.12542192337139316,0.0,0.0,444.0,108.0,22.0,20.0,0.0,0.0,1.0,0.0,0.0,0.0,0.0,0.0,0.0,0.0,0.0,1.0,0.0,171.70416666666668,1200.0,923.5437500000007,0.5690323869671863,0.2,0.3,3.6690599999842703,60.0,60.0
240.0,0.0,0.0,0.0,845.2200000000001,656.8299999999991,181.0,150.0,0.1289434523809508,0.1607303689196541,0.0,0.0,0.0,1.881322961639138,0.45,0.9544072948328267,292.10400000000004,672.264,0.0,0.03214607378393082,0.12542192337139316,0.0,0.0,444.0,108.0,22.0,20.0,0.0,0.0,1.0,0.0,0.0,0.0,0.0,0.0,0.0,0.0,0.0,0.0,1.0,171.7625,1140.0,924.9487500000007,0.4628520252582214,0.15789473684210525,0.36000000000000004,3.6654999999842772,60.0,60.0
240.0,0.0,0.0,0.0,845.2200000000001,656.8299999999991,181.0,150.0,0.1289434523809508,0.1607303689196541,0.0,0.0,0.0,1.881322961639138,0.45,0.9544072948328267,292.10400000000004,672.264,0.0,0.03214607378393082,0.12542192337139316,0.0,0.0,444.0,108.0,22.0,20.0,0.0,0.0,1.0,0.0,0.0,0.0,0.0,1.0,0.0,0.0,0.0,0.0,0.0,174.52916666666667,540.0,961.458750000001,0.30925904945291605,0.1111111111111111,0.5142857142857142,4.371974999981173,60.0,60.0
240.0,0.0,0.0,0.0,845.2200000000001,656.8299999999991,181.0,150.0,0.1289434523809508,0.1607303689196541,0.0,0.0,0.0,1.881322961639138,0.45,0.9544072948328267,292.10400000000004,672.264,0.0,0.03214607378393082,0.12542192337139316,0.0,0.0,444.0,108.0,22.0,20.0,0.0,0.0,1.0,0.0,0.0,0.0,0.0,0.0,1.0,0.0,0.0,0.0,0.0,171.70416666666668,1200.0,923.5437500000007,0.5692204609442995,0.2,0.3,3.6690599999842703,60.0,60.0
240.0,0.0,0.0,0.0,845.2200000000001,656.8299999999991,181.0,150.0,0.1289434523809508,0.1607303689196541,0.0,0.0,0.0,1.881322961639138,0.45,0.9544072948328267,292.10400000000004,672.264,0.0,0.03214607378393082,0.12542192337139316,0.0,0.0,444.0,108.0,22.0,20.0,0.0,0.0,1.0,0.0,0.0,0.0,0.0,0.0,0.0,1.0,0.0,0.0,0.0,170.88333333333333,1380.0,927.0037500000009,0.5770015943695674,0.043478260869565216,0.45,3.555319999984775,60.0,60.0
240.0,0.0,0.0,0.0,845.2200000000001,656.8299999999991,181.0,150.0,0.1289434523809508,0.1607303689196541,0.0,0.0,0.0,1.881322961639138,0.45,0.9544072948328267,292.10400000000004,672.264,0.0,0.03214607378393082,0.12542192337139316,0.0,0.0,444.0,108.0,22.0,20.0,0.0,0.0,1.0,0.0,0.0,0.0,0.0,0.0,0.0,0.0,1.0,0.0,0.0,172.7375,960.0,941.0537500000011,0.38884718034559024,0.0,0.36000000000000004,3.79111499998373,60.0,60.0
240.0,0.0,0.0,0.0,845.2200000000001,656.8299999999991,181.0,150.0,0.1289434523809508,0.1607303689196541,0.0,0.0,0.0,1.881322961639138,0.45,0.9544072948328267,292.10400000000004,672.264,0.0,0.03214607378393082,0.12542192337139316,0.0,0.0,444.0,108.0,22.0,20.0,0.0,0.0,1.0,0.0,0.0,0.0,0.0,0.0,0.0,0.0,0.0,1.0,0.0,171.70416666666668,1200.0,923.5437500000007,0.5690323869671863,0.2,0.3,3.6690599999842703,60.0,60.0
240.0,0.0,0.0,0.0,845.2200000000001,656.8299999999991,181.0,150.0,0.1289434523809508,0.1607303689196541,0.0,0.0,0.0,1.881322961639138,0.45,0.9544072948328267,292.10400000000004,672.264,0.0,0.03214607378393082,0.12542192337139316,0.0,0.0,444.0,108.0,22.0,20.0,0.0,0.0,1.0,0.0,0.0,0.0,0.0,0.0,0.0,0.0,0.0,0.0,1.0,171.7625,1140.0,924.9487500000007,0.4628520252582214,0.15789473684210525,0.36000000000000004,3.6654999999842772,60.0,60.0
5.0,0.0,65.0,0.0,100.28375,96.3775,2.0,1.0,3.4308333333333327,0.0,0.0,0.0,0.0,0.0,0.085,0.0,0.0,0.0,0.0,0.0,0.019862835205206923,0.0,0.0,3.0,0.0,22.0,20.0,0.0,0.0,1.0,0.0,0.0,0.0,0.0,1.0,0.0,0.0,0.0,0.0,0.0,13.444444444444445,480.0,114.56375,0.9478004564855504,0.16666666666666666,0.6525974025974025,0.3876750000000211,90.0,90.0
5.0,0.0,65.0,0.0,100.28375,96.3775,2.0,1.0,3.4308333333333327,0.0,0.0,0.0,0.0,0.0,0.085,0.0,0.0,0.0,0.0,0.0,0.019862835205206923,0.0,0.0,3.0,0.0,22.0,20.0,0.0,0.0,1.0,0.0,0.0,0.0,0.0,0.0,1.0,0.0,0.0,0.0,0.0,11.186111111111112,680.0,114.56375,0.4968908116055386,0.17647058823529413,0.45584415584415583,0.32540500000001044,90.0,90.0
5.0,0.0,65.0,0.0,100.28375,96.3775,2.0,1.0,3.4308333333333327,0.0,0.0,0.0,0.0,0.0,0.085,0.0,0.0,0.0,0.0,0.0,0.019862835205206923,0.0,0.0,3.0,0.0,22.0,20.0,0.0,0.0,1.0,0.0,0.0,0.0,0.0,0.0,0.0,1.0,0.0,0.0,0.0,9.1,919.9999999999999,114.56375,0.5760135335868288,0.043478260869565216,0.23545454545454547,0.2404299999999975,90.0,90.0
5.0,0.0,65.0,0.0,100.28375,96.3775,2.0,1.0,3.4308333333333327,0.0,0.0,0.0,0.0,0.0,0.085,0.0,0.0,0.0,0.0,0.0,0.019862835205206923,0.0,0.0,3.0,0.0,22.0,20.0,0.0,0.0,1.0,0.0,0.0,0.0,0.0,0.0,0.0,0.0,1.0,0.0,0.0,11.73611111111111,640.0,114.56375,0.47033314464917,0.125,0.5075757575757576,0.3510450000000143,90.0,90.0
5.0,0.0,65.0,0.0,100.28375,96.3775,2.0,1.0,3.4308333333333327,0.0,0.0,0.0,0.0,0.0,0.085,0.0,0.0,0.0,0.0,0.0,0.019862835205206923,0.0,0.0,3.0,0.0,22.0,20.0,0.0,0.0,1.0,0.0,0.0,0.0,0.0,0.0,0.0,0.0,0.0,1.0,0.0,11.186111111111112,680.0,114.56375,0.49689081160546955,0.17647058823529413,0.45584415584415583,0.32540500000001044,90.0,90.0
5.0,0.0,65.0,0.0,100.28375,96.3775,2.0,1.0,3.4308333333333327,0.0,0.0,0.0,0.0,0.0,0.085,0.0,0.0,0.0,0.0,0.0,0.019862835205206923,0.0,0.0,3.0,0.0,22.0,20.0,0.0,0.0,1.0,0.0,0.0,0.0,0.0,0.0,0.0,0.0,0.0,0.0,1.0,10.947222222222223,720.0,114.56375,0.47299883062784837,0.1111111111111111,0.409090909090909,0.31059500000000756,90.0,90.0
15.0,0.0,55.0,0.0,83.21725,100.245,6.0,5.0,8.375227272727273,0.033040406699235,0.0,0.0,0.0,1.4262207222256296,0.24750000000000003,0.0,0.0,0.0,0.0,0.0066080813398469995,-0.09281337168818106,0.0,0.0,11.0,0.0,22.0,20.0,0.0,0.0,1.0,0.0,0.0,0.0,0.0,1.0,0.0,0.0,0.0,0.0,0.0,15.819444444444445,480.0,127.48750000000004,0.9478004564855504,0.16666666666666666,0.6525974025974025,0.510970000000039,90.0,90.0
15.0,0.0,55.0,0.0,83.21725,100.245,6.0,5.0,8.375227272727273,0.033040406699235,0.0,0.0,0.0,1.4262207222256296,0.24750000000000003,0.0,0.0,0.0,0.0,0.0066080813398469995,-0.09281337168818106,0.0,0.0,11.0,0.0,22.0,20.0,0.0,0.0,1.0,0.0,0.0,0.0,0.0,0.0,1.0,0.0,0.0,0.0,0.0,13.283333333333333,680.0,114.56375,0.505378069617849,0.17647058823529413,0.49220779220779215,0.4380150000000292,90.0,90.0
15.0,0.0,55.0,0.0,83.21725,100.245,6.0,5.0,8.375227272727273,0.033040406699235,0.0,0.0,0.0,1.4262207222256296,0.24750000000000003,0.0,0.0,0.0,0.0,0.0066080813398469995,-0.09281337168818106,0.0,0.0,11.0,0.0,22.0,20.0,0.0,0.0,1.0,0.0,0.0,0.0,0.0,0.0,0.0,1.0,0.0,0.0,0.0,10.863888888888889,919.9999999999999,114.56375,0.5760135335868288,0.043478260869565216,0.23545454545454547,0.33543000000001183,90.0,90.0
15.0,0.0,55.0,0.0,83.21725,100.245,6.0,5.0,8.375227272727273,0.033040406699235,0.0,0.0,0.0,1.4262207222256296,0.24750000000000003,0.0,0.0,0.0,0.0,0.0066080813398469995,-0.09281337168818106,0.0,0.0,11.0,0.0,22.0,20.0,0.0,0.0,1.0,0.0,0.0,0.0,0.0,0.0,0.0,0.0,1.0,0.0,0.0,13.88888888888889,640.0,127.48750000000004,0.47033314464917,0.125,0.5075757575757576,0.46460000000003254,90.0,90.0
15.0,0.0,55.0,0.0,83.21725,100.245,6.0,5.0,8.375227272727273,0.033040406699235,0.0,0.0,0.0,1.4262207222256296,0.24750000000000003,0.0,0.0,0.0,0.0,0.0066080813398469995,-0.09281337168818106,0.0,0.0,11.0,0.0,22.0,20.0,0.0,0.0,1.0,0.0,0.0,0.0,0.0,0.0,0.0,0.0,0.0,1.0,0.0,13.283333333333333,680.0,114.56375,0.5053780696178491,0.17647058823529413,0.49220779220779215,0.4380150000000292,90.0,90.0
15.0,0.0,55.0,0.0,83.21725,100.245,6.0,5.0,8.375227272727273,0.033040406699235,0.0,0.0,0.0,1.4262207222256296,0.24750000000000003,0.0,0.0,0.0,0.0,0.0066080813398469995,-0.09281337168818106,0.0,0.0,11.0,0.0,22.0,20.0,0.0,0.0,1.0,0.0,0.0,0.0,0.0,0.0,0.0,0.0,0.0,0.0,1.0,12.988888888888889,720.0,122.33750000000003,0.49046823805071804,0.1111111111111111,0.487012987012987,0.4168450000000247,90.0,90.0
30.0,0.0,40.0,0.0,96.43,77.5,9.0,7.0,4.77525,0.19240195411965016,0.0,0.0,0.0,1.07173400283111,0.36000000000000004,1.0,8.028,18.504,1.0,0.21848039082393003,0.10883688840338071,0.3333333333333333,0.0,21.0,1.0,22.0,20.0,0.0,0.0,1.0,0.0,0.0,0.0,0.0,1.0,0.0,0.0,0.0,0.0,0.0,19.475,320.0,143.63375000000005,0.5593327610048047,0.25,0.7461038961038959,0.7664950000000222,90.0,90.0
30.0,0.0,40.0,0.0,96.43,77.5,9.0,7.0,4.77525,0.19240195411965016,0.0,0.0,0.0,1.07173400283111,0.36000000000000004,1.0,8.028,18.504,1.0,0.21848039082393003,0.10883688840338071,0.3333333333333333,0.0,21.0,1.0,22.0,20.0,0.0,0.0,1.0,0.0,0.0,0.0,0.0,0.0,1.0,0.0,0.0,0.0,0.0,16.26388888888889,640.0,127.91375000000005,0.505378069617849,0.25,0.5077922077922078,0.6157200000000315,90.0,90.0
30.0,0.0,40.0,0.0,96.43,77.5,9.0,7.0,4.77525,0.19240195411965016,0.0,0.0,0.0,1.07173400283111,0.36000000000000004,1.0,8.028,18.504,1.0,0.21848039082393003,0.10883688840338071,0.3333333333333333,0.0,21.0,1.0,22.0,20.0,0.0,0.0,1.0,0.0,0.0,0.0,0.0,0.0,0.0,1.0,0.0,0.0,0.0,14.552777777777777,800.0,116.48750000000004,0.5787835863741498,0.1,0.3034090909090909,0.5293100000000366,90.0,90.0
30.0,0.0,40.0,0.0,96.43,77.5,9.0,7.0,4.77525,0.19240195411965016,0.0,0.0,0.0,1.07173400283111,0.36000000000000004,1.0,8.028,18.504,1.0,0.21848039082393003,0.10883688840338071,0.3333333333333333,0.0,21.0,1.0,22.0,20.0,0.0,0.0,1.0,0.0,0.0,0.0,0.0,0.0,0.0,0.0,1.0,0.0,0.0,16.294444444444444,640.0,127.91375000000005,0.5053780696178504,0.25,0.5077922077922078,0.607040000000032,90.0,90.0
30.0,0.0,40.0,0.0,96.43,77.5,9.0,7.0,4.77525,0.19240195411965016,0.0,0.0,0.0,1.07173400283111,0.36000000000000004,1.0,8.028,18.504,1.0,0.21848039082393003,0.10883688840338071,0.3333333333333333,0.0,21.0,1.0,22.0,20.0,0.0,0.0,1.0,0.0,0.0,0.0,0.0,0.0,0.0,0.0,0.0,1.0,0.0,16.26388888888889,640.0,127.91375000000005,0.5053780696178491,0.25,0.5077922077922078,0.6157200000000315,90.0,90.0
30.0,0.0,40.0,0.0,96.43,77.5,9.0,7.0,4.77525,0.19240195411965016,0.0,0.0,0.0,1.07173400283111,0.36000000000000004,1.0,8.028,18.504,1.0,0.21848039082393003,0.10883688840338071,0.3333333333333333,0.0,21.0,1.0,22.0,20.0,0.0,0.0,1.0,0.0,0.0,0.0,0.0,0.0,0.0,0.0,0.0,0.0,1.0,16.694444444444443,600.0,127.91375000000005,0.50204338307465,0.2,0.49740259740259735,0.6240650000000312,90.0,90.0
5.0,0.0,90.0,0.0,166.75750000000005,197.6062500000001,34.0,45.0,1.0177812499999952,0.2003549069101493,0.0,0.0,0.0,1.179227169783303,0.4675,0.9772727272727273,38.556000000000004,88.70400000000001,0.0,0.04007098138202986,-0.08466470662902124,0.2857142857142857,0.0,97.0,17.0,22.0,20.0,0.0,0.0,1.0,0.0,0.0,0.0,0.0,1.0,0.0,0.0,0.0,0.0,0.0,42.18333333333333,1720.0,224.7808861914712,1.0,0.023255813953488372,0.36000000000000004,0.06947499999997397,90.0,90.0
5.0,0.0,90.0,0.0,166.75750000000005,197.6062500000001,34.0,45.0,1.0177812499999952,0.2003549069101493,0.0,0.0,0.0,1.179227169783303,0.4675,0.9772727272727273,38.556000000000004,88.70400000000001,0.0,0.04007098138202986,-0.08466470662902124,0.2857142857142857,0.0,97.0,17.0,22.0,20.0,0.0,0.0,1.0,0.0,0.0,0.0,0.0,0.0,1.0,0.0,0.0,0.0,0.0,48.53055555555556,1000.0,279.3275000000001,0.5781451162929807,0.04,0.36000000000000004,1.5933649999999755,90.0,90.0
5.0,0.0,90.0,0.0,166.75750000000005,197.6062500000001,34.0,45.0,1.0177812499999952,0.2003549069101493,0.0,0.0,0.0,1.179227169783303,0.4675,0.9772727272727273,38.556000000000004,88.70400000000001,0.0,0.04007098138202986,-0.08466470662902124,0.2857142857142857,0.0,97.0,17.0,22.0,20.0,0.0,0.0,1.0,0.0,0.0,0.0,0.0,0.0,0.0,1.0,0.0,0.0,0.0,46.40833333333333,1280.0,267.5450000000001,0.5668274989658062,0.0625,0.7200000000000001,1.5423399999999545,90.0,90.0
5.0,0.0,90.0,0.0,166.75750000000005,197.6062500000001,34.0,45.0,1.0177812499999952,0.2003549069101493,0.0,0.0,0.0,1.179227169783303,0.4675,0.9772727272727273,38.556000000000004,88.70400000000001,0.0,0.04007098138202986,-0.08466470662902124,0.2857142857142857,0.0,97.0,17.0,22.0,20.0,0.0,0.0,1.0,0.0,0.0,0.0,0.0,0.0,0.0,0.0,1.0,0.0,0.0,48.30277777777778,1080.0,289.545,0.5652308741262481,0.18518518518518517,0.36000000000000004,1.588134999999971,90.0,90.0
5.0,0.0,90.0,0.0,166.75750000000005,197.6062500000001,34.0,45.0,1.0177812499999952,0.2003549069101493,0.0,0.0,0.0,1.179227169783303,0.4675,0.9772727272727273,38.556000000000004,88.70400000000001,0.0,0.04007098138202986,-0.08466470662902124,0.2857142857142857,0.0,97.0,17.0,22.0,20.0,0.0,0.0,1.0,0.0,0.0,0.0,0.0,0.0,0.0,0.0,0.0,1.0,0.0,47.00833333333333,1120.0,292.745,0.460865965140061,0.35714285714285715,0.6,1.563224999999962,90.0,90.0
5.0,0.0,90.0,0.0,166.75750000000005,197.6062500000001,34.0,45.0,1.0177812499999952,0.2003549069101493,0.0,0.0,0.0,1.179227169783303,0.4675,0.9772727272727273,38.556000000000004,88.70400000000001,0.0,0.04007098138202986,-0.08466470662902124,0.2857142857142857,0.0,97.0,17.0,22.0,20.0,0.0,0.0,1.0,0.0,0.0,0.0,0.0,0.0,0.0,0.0,0.0,0.0,1.0,47.71944444444444,1120.0,278.9000000000001,0.6435155329417451,0.14285714285714285,0.6,1.5842899999999647,90.0,90.0
15.0,0.0,80.0,0.0,185.54250000000008,196.90375000000012,40.0,42.0,1.2102586206896633,0.15947955706660696,0.0,0.0,0.0,1.4321927032492454,0.45,0.9838709677419355,59.076,136.008,2.0,0.39189591141332136,-0.029706788862487305,0.14285714285714285,0.0,105.0,18.0,22.0,20.0,0.0,0.0,1.0,0.0,0.0,0.0,0.0,1.0,0.0,0.0,0.0,0.0,0.0,55.91388888888889,440.0,344.61499999999995,0.45411098183211596,0.2727272727272727,0.6,2.1735000000001694,95.5,95.5
15.0,0.0,80.0,0.0,185.54250000000008,196.90375000000012,40.0,42.0,1.2102586206896633,0.15947955706660696,0.0,0.0,0.0,1.4321927032492454,0.45,0.9838709677419355,59.076,136.008,2.0,0.39189591141332136,-0.029706788862487305,0.14285714285714285,0.0,105.0,18.0,22.0,20.0,0.0,0.0,1.0,0.0,0.0,0.0,0.0,0.0,1.0,0.0,0.0,0.0,0.0,50.775,1160.0,299.69500000000005,0.5781451162929807,0.034482758620689655,0.5142857142857142,1.7244350000000894,95.5,95.5
15.0,0.0,80.0,0.0,185.54250000000008,196.90375000000012,40.0,42.0,1.2102586206896633,0.15947955706660696,0.0,0.0,0.0,1.4321927032492454,0.45,0.9838709677419355,59.076,136.008,2.0,0.39189591141332136,-0.029706788862487305,0.14285714285714285,0.0,105.0,18.0,22.0,20.0,0.0,0.0,1.0,0.0,0.0,0.0,0.0,0.0,0.0,1.0,0.0,0.0,0.0,50.233333333333334,1200.0,299.69500000000005,0.6507354524308002,0.06666666666666667,0.45,1.736350000000086,95.5,95.5
15.0,0.0,80.0,0.0,185.54250000000008,196.90375000000012,40.0,42.0,1.2102586206896633,0.15947955706660696,0.0,0.0,0.0,1.4321927032492454,0.45,0.9838709677419355,59.076,136.008,2.0,0.39189591141332136,-0.029706788862487305,0.14285714285714285,0.0,105.0,18.0,22.0,20.0,0.0,0.0,1.0,0.0,0.0,0.0,0.0,0.0,0.0,0.0,1.0,0.0,0.0,50.111111111111114,1080.0,307.895,0.574768389870041,0.18518518518518517,0.6,1.7295100000000834,95.5,95.5
15.0,0.0,80.0,0.0,185.54250000000008,196.90375000000012,40.0,42.0,1.2102586206896633,0.15947955706660696,0.0,0.0,0.0,1.4321927032492454,0.45,0.9838709677419355,59.076,136.008,2.0,0.39189591141332136,-0.029706788862487305,0.14285714285714285,0.0,105.0,18.0,22.0,20.0,0.0,0.0,1.0,0.0,0.0,0.0,0.0,0.0,0.0,0.0,0.0,1.0,0.0,50.775,1160.0,299.69500000000005,0.577842889245131,0.034482758620689655,0.5142857142857142,1.7244350000000894,95.5,95.5
15.0,0.0,80.0,0.0,185.54250000000008,196.90375000000012,40.0,42.0,1.2102586206896633,0.15947955706660696,0.0,0.0,0.0,1.4321927032492454,0.45,0.9838709677419355,59.076,136.008,2.0,0.39189591141332136,-0.029706788862487305,0.14285714285714285,0.0,105.0,18.0,22.0,20.0,0.0,0.0,1.0,0.0,0.0,0.0,0.0,0.0,0.0,0.0,0.0,0.0,1.0,48.375,1280.0,318.995,0.5750753203693141,0.375,0.6,1.6451650000000515,95.5,95.5
30.0,0.0,65.0,0.0,194.74875000000011,201.62500000000009,41.0,45.0,1.2601388888889042,0.22800927770448587,0.0,0.3,0.0,1.1600896440506638,0.51,0.9772727272727273,39.852,91.72800000000001,0.0,0.09660185554089717,-0.01734789450613207,0.3333333333333333,0.0,114.0,24.0,22.0,20.0,0.0,0.0,1.0,0.0,0.0,0.0,0.0,1.0,0.0,0.0,0.0,0.0,0.0,58.44444444444444,440.0,351.0149999999999,0.49588351437582145,0.2727272727272727,0.6,2.310820000000372,95.5,95.5
30.0,0.0,65.0,0.0,194.74875000000011,201.62500000000009,41.0,45.0,1.2601388888889042,0.22800927770448587,0.0,0.3,0.0,1.1600896440506638,0.51,0.9772727272727273,39.852,91.72800000000001,0.0,0.09660185554089717,-0.01734789450613207,0.3333333333333333,0.0,114.0,24.0,22.0,20.0,0.0,0.0,1.0,0.0,0.0,0.0,0.0,0.0,1.0,0.0,0.0,0.0,0.0,54.611111111111114,960.0,316.79499999999996,0.5781451162929807,0.16666666666666666,0.5142857142857142,2.0075550000002935,95.5,95.5
30.0,0.0,65.0,0.0,194.74875000000011,201.62500000000009,41.0,45.0,1.2601388888889042,0.22800927770448587,0.0,0.3,0.0,1.1600896440506638,0.51,0.9772727272727273,39.852,91.72800000000001,0.0,0.09660185554089717,-0.01734789450613207,0.3333333333333333,0.0,114.0,24.0,22.0,20.0,0.0,0.0,1.0,0.0,0.0,0.0,0.0,0.0,0.0,1.0,0.0,0.0,0.0,52.452777777777776,1160.0,296.795,0.5651253547570477,0.2413793103448276,0.6,1.9280400000002729,95.5,95.5
30.0,0.0,65.0,0.0,194.74875000000011,201.62500000000009,41.0,45.0,1.2601388888889042,0.22800927770448587,0.0,0.3,0.0,1.1600896440506638,0.51,0.9772727272727273,39.852,91.72800000000001,0.0,0.09660185554089717,-0.01734789450613207,0.3333333333333333,0.0,114.0,24.0,22.0,20.0,0.0,0.0,1.0,0.0,0.0,0.0,0.0,0.0,0.0,0.0,1.0,0.0,0.0,54.75,919.9999999999999,316.79499999999996,0.574940121448684,0.21739130434782608,0.6,2.040790000000298,95.5,95.5
30.0,0.0,65.0,0.0,194.74875000000011,201.62500000000009,41.0,45.0,1.2601388888889042,0.22800927770448587,0.0,0.3,0.0,1.1600896440506638,0.51,0.9772727272727273,39.852,91.72800000000001,0.0,0.09660185554089717,-0.01734789450613207,0.3333333333333333,0.0,114.0,24.0,22.0,20.0,0.0,0.0,1.0,0.0,0.0,0.0,0.0,0.0,0.0,0.0,0.0,1.0,0.0,54.611111111111114,960.0,316.79499999999996,0.577842889245131,0.16666666666666666,0.5142857142857142,2.0075550000002935,95.5,95.5
30.0,0.0,65.0,0.0,194.74875000000011,201.62500000000009,41.0,45.0,1.2601388888889042,0.22800927770448587,0.0,0.3,0.0,1.1600896440506638,0.51,0.9772727272727273,39.852,91.72800000000001,0.0,0.09660185554089717,-0.01734789450613207,0.3333333333333333,0.0,114.0,24.0,22.0,20.0,0.0,0.0,1.0,0.0,0.0,0.0,0.0,0.0,0.0,0.0,0.0,0.0,1.0,55.419444444444444,800.0,322.04499999999996,0.5102402635871804,0.3,0.6,2.098735000000314,95.5,95.5
85.0,0.0,10.0,0.0,261.9100000000001,266.8800000000001,56.0,58.0,0.15150862068965507,0.1807004558741393,0.0,0.0,0.0,1.5151558670177276,0.45,0.9649122807017544,106.848,245.988,0.0,0.03614009117482786,-0.009398816165207408,0.0,0.0,156.0,40.0,22.0,20.0,0.0,0.0,1.0,0.0,0.0,0.0,0.0,1.0,0.0,0.0,0.0,0.0,0.0,70.53055555555555,360.0,401.0837499999998,1.0,0.3333333333333333,0.7714285714285714,2.9146299999986662,95.5,95.5
85.0,0.0,10.0,0.0,261.9100000000001,266.8800000000001,56.0,58.0,0.15150862068965507,0.1807004558741393,0.0,0.0,0.0,1.5151558670177276,0.45,0.9649122807017544,106.848,245.988,0.0,0.03614009117482786,-0.009398816165207408,0.0,0.0,156.0,40.0,22.0,20.0,0.0,0.0,1.0,0.0,0.0,0.0,0.0,0.0,1.0,0.0,0.0,0.0,0.0,71.03055555555555,320.0,405.70499999999964,0.5781451162929807,0.25,0.5142857142857142,3.035189999998542,95.5,95.5
85.0,0.0,10.0,0.0,261.9100000000001,266.8800000000001,56.0,58.0,0.15150862068965507,0.1807004558741393,0.0,0.0,0.0,1.5151558670177276,0.45,0.9649122807017544,106.848,245.988,0.0,0.03614009117482786,-0.009398816165207408,0.0,0.0,156.0,40.0,22.0,20.0,0.0,0.0,1.0,0.0,0.0,0.0,0.0,0.0,0.0,1.0,0.0,0.0,0.0,69.60277777777777,440.0,405.70499999999964,0.5705957389314743,0.09090909090909091,0.675,2.9383149999986213,95.5,95.5
85.0,0.0,10.0,0.0,261.9100000000001,266.8800000000001,56.0,58.0,0.15150862068965507,0.1807004558741393,0.0,0.0,0.0,1.5151558670177276,0.45,0.9649122807017544,106.848,245.988,0.0,0.03614009117482786,-0.009398816165207408,0.0,0.0,156.0,40.0,22.0,20.0,0.0,0.0,1.0,0.0,0.0,0.0,0.0,0.0,0.0,0.0,1.0,0.0,0.0,72.44166666666666,200.0,416.5549999999996,0.5070464485389954,0.2,0.6,3.1627299999984415,95.5,95.5
85.0,0.0,10.0,0.0,261.9100000000001,266.8800000000001,56.0,58.0,0.15150862068965507,0.1807004558741393,0.0,0.0,0.0,1.5151558670177276,0.45,0.9649122807017544,106.848,245.988,0.0,0.03614009117482786,-0.009398816165207408,0.0,0.0,156.0,40.0,22.0,20.0,0.0,0.0,1.0,0.0,0.0,0.0,0.0,0.0,0.0,0.0,0.0,1.0,0.0,71.03055555555555,320.0,405.70499999999964,0.5778434305225536,0.25,0.5142857142857142,3.035189999998542,95.5,95.5
85.0,0.0,10.0,0.0,261.9100000000001,266.8800000000001,56.0,58.0,0.15150862068965507,0.1807004558741393,0.0,0.0,0.0,1.5151558670177276,0.45,0.9649122807017544,106.848,245.988,0.0,0.03614009117482786,-0.009398816165207408,0.0,0.0,156.0,40.0,22.0,20.0,0.0,0.0,1.0,0.0,0.0,0.0,0.0,0.0,0.0,0.0,0.0,0.0,1.0,71.01388888888889,320.0,411.3049999999996,0.5708921152961305,0.0,0.6,3.034549999998546,95.5,95.5
85.0,0.0,10.0,0.0,261.9100000000001,266.8800000000001,56.0,58.0,0.15150862068965507,0.1807004558741393,0.0,0.0,0.0,1.5151558670177276,0.45,0.9649122807017544,106.848,245.988,0.0,0.03614009117482786,-0.009398816165207408,0.0,0.0,156.0,40.0,22.0,20.0,0.0,0.0,1.0,0.0,0.0,0.0,0.0,1.0,0.0,0.0,0.0,0.0,0.0,70.53055555555555,360.0,401.0837499999998,1.0,0.3333333333333333,0.7714285714285714,2.9146299999986662,95.5,95.5
85.0,0.0,10.0,0.0,261.9100000000001,266.8800000000001,56.0,58.0,0.15150862068965507,0.1807004558741393,0.0,0.0,0.0,1.5151558670177276,0.45,0.9649122807017544,106.848,245.988,0.0,0.03614009117482786,-0.009398816165207408,0.0,0.0,156.0,40.0,22.0,20.0,0.0,0.0,1.0,0.0,0.0,0.0,0.0,0.0,1.0,0.0,0.0,0.0,0.0,71.03055555555555,320.0,405.70499999999964,0.5781451162929807,0.25,0.5142857142857142,3.035189999998542,95.5,95.5
85.0,0.0,10.0,0.0,261.9100000000001,266.8800000000001,56.0,58.0,0.15150862068965507,0.1807004558741393,0.0,0.0,0.0,1.5151558670177276,0.45,0.9649122807017544,106.848,245.988,0.0,0.03614009117482786,-0.009398816165207408,0.0,0.0,156.0,40.0,22.0,20.0,0.0,0.0,1.0,0.0,0.0,0.0,0.0,0.0,0.0,1.0,0.0,0.0,0.0,69.60277777777777,440.0,405.70499999999964,0.5705957389314743,0.09090909090909091,0.675,2.9383149999986213,95.5,95.5
85.0,0.0,10.0,0.0,261.9100000000001,266.8800000000001,56.0,58.0,0.15150862068965507,0.1807004558741393,0.0,0.0,0.0,1.5151558670177276,0.45,0.9649122807017544,106.848,245.988,0.0,0.03614009117482786,-0.009398816165207408,0.0,0.0,156.0,40.0,22.0,20.0,0.0,0.0,1.0,0.0,0.0,0.0,0.0,0.0,0.0,0.0,1.0,0.0,0.0,72.44166666666666,200.0,416.5549999999996,0.5070464485389954,0.2,0.6,3.1627299999984415,95.5,95.5
85.0,0.0,10.0,0.0,261.9100000000001,266.8800000000001,56.0,58.0,0.15150862068965507,0.1807004558741393,0.0,0.0,0.0,1.5151558670177276,0.45,0.9649122807017544,106.848,245.988,0.0,0.03614009117482786,-0.009398816165207408,0.0,0.0,156.0,40.0,22.0,20.0,0.0,0.0,1.0,0.0,0.0,0.0,0.0,0.0,0.0,0.0,0.0,1.0,0.0,71.03055555555555,320.0,405.70499999999964,0.5778434305225536,0.25,0.5142857142857142,3.035189999998542,95.5,95.5
85.0,0.0,10.0,0.0,261.9100000000001,266.8800000000001,56.0,58.0,0.15150862068965507,0.1807004558741393,0.0,0.0,0.0,1.5151558670177276,0.45,0.9649122807017544,106.848,245.988,0.0,0.03614009117482786,-0.009398816165207408,0.0,0.0,156.0,40.0,22.0,20.0,0.0,0.0,1.0,0.0,0.0,0.0,0.0,0.0,0.0,0.0,0.0,0.0,1.0,71.01388888888889,320.0,411.3049999999996,0.5708921152961305,0.0,0.6,3.034549999998546,95.5,95.5
85.0,0.0,10.0,0.0,261.9100000000001,266.8800000000001,56.0,58.0,0.15150862068965507,0.1807004558741393,0.0,0.0,0.0,1.5151558670177276,0.45,0.9649122807017544,106.848,245.988,0.0,0.03614009117482786,-0.009398816165207408,0.0,0.0,156.0,40.0,22.0,20.0,0.0,0.0,1.0,0.0,0.0,0.0,0.0,1.0,0.0,0.0,0.0,0.0,0.0,70.53055555555555,360.0,401.0837499999998,1.0,0.3333333333333333,0.7714285714285714,2.9146299999986662,95.5,95.5
85.0,0.0,10.0,0.0,261.9100000000001,266.8800000000001,56.0,58.0,0.15150862068965507,0.1807004558741393,0.0,0.0,0.0,1.5151558670177276,0.45,0.9649122807017544,106.848,245.988,0.0,0.03614009117482786,-0.009398816165207408,0.0,0.0,156.0,40.0,22.0,20.0,0.0,0.0,1.0,0.0,0.0,0.0,0.0,0.0,1.0,0.0,0.0,0.0,0.0,71.03055555555555,320.0,405.70499999999964,0.5781451162929807,0.25,0.5142857142857142,3.035189999998542,95.5,95.5
85.0,0.0,10.0,0.0,261.9100000000001,266.8800000000001,56.0,58.0,0.15150862068965507,0.1807004558741393,0.0,0.0,0.0,1.5151558670177276,0.45,0.9649122807017544,106.848,245.988,0.0,0.03614009117482786,-0.009398816165207408,0.0,0.0,156.0,40.0,22.0,20.0,0.0,0.0,1.0,0.0,0.0,0.0,0.0,0.0,0.0,1.0,0.0,0.0,0.0,69.60277777777777,440.0,405.70499999999964,0.5705957389314743,0.09090909090909091,0.675,2.9383149999986213,95.5,95.5
85.0,0.0,10.0,0.0,261.9100000000001,266.8800000000001,56.0,58.0,0.15150862068965507,0.1807004558741393,0.0,0.0,0.0,1.5151558670177276,0.45,0.9649122807017544,106.848,245.988,0.0,0.03614009117482786,-0.009398816165207408,0.0,0.0,156.0,40.0,22.0,20.0,0.0,0.0,1.0,0.0,0.0,0.0,0.0,0.0,0.0,0.0,1.0,0.0,0.0,72.44166666666666,200.0,416.5549999999996,0.5070464485389954,0.2,0.6,3.1627299999984415,95.5,95.5
85.0,0.0,10.0,0.0,261.9100000000001,266.8800000000001,56.0,58.0,0.15150862068965507,0.1807004558741393,0.0,0.0,0.0,1.5151558670177276,0.45,0.9649122807017544,106.848,245.988,0.0,0.03614009117482786,-0.009398816165207408,0.0,0.0,156.0,40.0,22.0,20.0,0.0,0.0,1.0,0.0,0.0,0.0,0.0,0.0,0.0,0.0,0.0,1.0,0.0,71.03055555555555,320.0,405.70499999999964,0.5778434305225536,0.25,0.5142857142857142,3.035189999998542,95.5,95.5
85.0,0.0,10.0,0.0,261.9100000000001,266.8800000000001,56.0,58.0,0.15150862068965507,0.1807004558741393,0.0,0.0,0.0,1.5151558670177276,0.45,0.9649122807017544,106.848,245.988,0.0,0.03614009117482786,-0.009398816165207408,0.0,0.0,156.0,40.0,22.0,20.0,0.0,0.0,1.0,0.0,0.0,0.0,0.0,0.0,0.0,0.0,0.0,0.0,1.0,71.01388888888889,320.0,411.3049999999996,0.5708921152961305,0.0,0.6,3.034549999998546,95.5,95.5
5.0,0.0,0.0,0.0,440.7299999999995,458.4599999999995,95.0,102.0,0.049419191919191904,0.3084254845587076,0.5,0.5142857142857142,0.0,1.5694590757439184,0.5703571428571429,0.9187817258883249,170.028,391.42800000000005,0.0,0.14911366834031295,-0.019717745971374278,0.25,0.0,246.0,48.0,22.0,20.0,0.0,0.0,1.0,0.0,0.0,0.0,0.0,1.0,0.0,0.0,0.0,0.0,0.0,108.175,280.0,569.732249999999,0.34885551674811266,0.14285714285714285,0.6,3.858115000011746,90.0,90.0
5.0,0.0,0.0,0.0,440.7299999999995,458.4599999999995,95.0,102.0,0.049419191919191904,0.3084254845587076,0.5,0.5142857142857142,0.0,1.5694590757439184,0.5703571428571429,0.9187817258883249,170.028,391.42800000000005,0.0,0.14911366834031295,-0.019717745971374278,0.25,0.0,246.0,48.0,22.0,20.0,0.0,0.0,1.0,0.0,0.0,0.0,0.0,0.0,1.0,0.0,0.0,0.0,0.0,104.47777777777777,840.0,535.2372499999991,0.39312518249731127,0.047619047619047616,0.5142857142857142,3.3074250000094727,90.0,90.0
5.0,0.0,0.0,0.0,440.7299999999995,458.4599999999995,95.0,102.0,0.049419191919191904,0.3084254845587076,0.5,0.5142857142857142,0.0,1.5694590757439184,0.5703571428571429,0.9187817258883249,170.028,391.42800000000005,0.0,0.14911366834031295,-0.019717745971374278,0.25,0.0,246.0,48.0,22.0,20.0,0.0,0.0,1.0,0.0,0.0,0.0,0.0,0.0,0.0,1.0,0.0,0.0,0.0,99.95277777777778,1440.0,498.0962499999993,0.6308662916273516,0.05555555555555555,0.36000000000000004,3.0698650000084795,90.0,90.0
5.0,0.0,0.0,0.0,440.7299999999995,458.4599999999995,95.0,102.0,0.049419191919191904,0.3084254845587076,0.5,0.5142857142857142,0.0,1.5694590757439184,0.5703571428571429,0.9187817258883249,170.028,391.42800000000005,0.0,0.14911366834031295,-0.019717745971374278,0.25,0.0,246.0,48.0,22.0,20.0,0.0,0.0,1.0,0.0,0.0,0.0,0.0,0.0,0.0,0.0,1.0,0.0,0.0,103.18055555555556,1000.0,534.582249999999,0.647674181878985,0.2,0.36000000000000004,3.1983550000090295,90.0,90.0
5.0,0.0,0.0,0.0,440.7299999999995,458.4599999999995,95.0,102.0,0.049419191919191904,0.3084254845587076,0.5,0.5142857142857142,0.0,1.5694590757439184,0.5703571428571429,0.9187817258883249,170.028,391.42800000000005,0.0,0.14911366834031295,-0.019717745971374278,0.25,0.0,246.0,48.0,22.0,20.0,0.0,0.0,1.0,0.0,0.0,0.0,0.0,0.0,0.0,0.0,0.0,1.0,0.0,101.81666666666666,1120.0,506.73474999999934,0.5840740443084613,0.14285714285714285,0.3,3.1156050000086486,90.0,90.0
5.0,0.0,0.0,0.0,440.7299999999995,458.4599999999995,95.0,102.0,0.049419191919191904,0.3084254845587076,0.5,0.5142857142857142,0.0,1.5694590757439184,0.5703571428571429,0.9187817258883249,170.028,391.42800000000005,0.0,0.14911366834031295,-0.019717745971374278,0.25,0.0,246.0,48.0,22.0,20.0,0.0,0.0,1.0,0.0,0.0,0.0,0.0,0.0,0.0,0.0,0.0,0.0,1.0,102.03333333333333,1080.0,521.2162499999991,0.5683459022728886,0.1111111111111111,0.6,3.1402100000087865,90.0,90.0
15.0,0.0,0.0,0.0,444.3799999999994,463.9099999999995,96.0,103.0,0.08838308457711436,0.3124142504214265,1.0,0.5142857142857142,0.0,1.3987318114775806,0.5528571428571428,0.9246231155778895,173.304,398.98800000000006,0.0,0.14991142151285675,-0.021501943211969864,0.25,0.0,250.0,49.0,22.0,20.0,0.0,0.0,1.0,0.0,0.0,0.0,0.0,1.0,0.0,0.0,0.0,0.0,0.0,107.05277777777778,880.0,531.2876515671139,1.0,0.0,0.36000000000000004,2.0766400000063125,90.0,90.0
15.0,0.0,0.0,0.0,444.3799999999994,463.9099999999995,96.0,103.0,0.08838308457711436,0.3124142504214265,1.0,0.5142857142857142,0.0,1.3987318114775806,0.5528571428571428,0.9246231155778895,173.304,398.98800000000006,0.0,0.14991142151285675,-0.021501943211969864,0.25,0.0,250.0,49.0,22.0,20.0,0.0,0.0,1.0,0.0,0.0,0.0,0.0,0.0,1.0,0.0,0.0,0.0,0.0,106.18888888888888,919.9999999999999,551.467499999999,0.39312518249731127,0.13043478260869565,0.36000000000000004,3.3418850000113682,90.0,90.0
15.0,0.0,0.0,0.0,444.3799999999994,463.9099999999995,96.0,103.0,0.08838308457711436,0.3124142504214265,1.0,0.5142857142857142,0.0,1.3987318114775806,0.5528571428571428,0.9246231155778895,173.304,398.98800000000006,0.0,0.14991142151285675,-0.021501943211969864,0.25,0.0,250.0,49.0,22.0,20.0,0.0,0.0,1.0,0.0,0.0,0.0,0.0,0.0,0.0,1.0,0.0,0.0,0.0,103.55555555555556,1320.0,523.7374999999993,0.577855144384897,0.030303030303030304,0.36000000000000004,3.201240000010783,90.0,90.0
15.0,0.0,0.0,0.0,444.3799999999994,463.9099999999995,96.0,103.0,0.08838308457711436,0.3124142504214265,1.0,0.5142857142857142,0.0,1.3987318114775806,0.5528571428571428,0.9246231155778895,173.304,398.98800000000006,0.0,0.14991142151285675,-0.021501943211969864,0.25,0.0,250.0,49.0,22.0,20.0,0.0,0.0,1.0,0.0,0.0,0.0,0.0,0.0,0.0,0.0,1.0,0.0,0.0,105.38888888888889,1040.0,559.6674999999989,0.5672940913896354,0.3076923076923077,0.6,3.322800000011295,90.0,90.0
15.0,0.0,0.0,0.0,444.3799999999994,463.9099999999995,96.0,103.0,0.08838308457711436,0.3124142504214265,1.0,0.5142857142857142,0.0,1.3987318114775806,0.5528571428571428,0.9246231155778895,173.304,398.98800000000006,0.0,0.14991142151285675,-0.021501943211969864,0.25,0.0,250.0,49.0,22.0,20.0,0.0,0.0,1.0,0.0,0.0,0.0,0.0,0.0,0.0,0.0,0.0,1.0,0.0,106.18888888888888,919.9999999999999,551.467499999999,0.39270378458128585,0.13043478260869565,0.3,3.3418850000113682,90.0,90.0
15.0,0.0,0.0,0.0,444.3799999999994,463.9099999999995,96.0,103.0,0.08838308457711436,0.3124142504214265,1.0,0.5142857142857142,0.0,1.3987318114775806,0.5528571428571428,0.9246231155778895,173.304,398.98800000000006,0.0,0.14991142151285675,-0.021501943211969864,0.25,0.0,250.0,49.0,22.0,20.0,0.0,0.0,1.0,0.0,0.0,0.0,0.0,0.0,0.0,0.0,0.0,0.0,1.0,106.06944444444444,960.0,550.702499999999,0.5632853313910748,0.08333333333333333,0.5142857142857142,3.30075000001119,90.0,90.0
30.0,0.0,0.0,0.0,447.8299999999994,472.8774999999995,97.0,104.0,0.12822303921568598,0.2662210392751365,0.0,0.2571428571428571,0.0,1.2493624300746888,0.5014285714285714,0.925,174.78,402.372,0.0,0.09695849356931302,-0.027204622532128936,0.125,0.0,256.0,52.0,22.0,20.0,0.0,0.0,1.0,0.0,0.0,0.0,0.0,1.0,0.0,0.0,0.0,0.0,0.0,109.58611111111111,960.0,555.601249999999,1.0,0.0,0.7714285714285714,1.9720650000078717,90.0,90.0
30.0,0.0,0.0,0.0,447.8299999999994,472.8774999999995,97.0,104.0,0.12822303921568598,0.2662210392751365,0.0,0.2571428571428571,0.0,1.2493624300746888,0.5014285714285714,0.925,174.78,402.372,0.0,0.09695849356931302,-0.027204622532128936,0.125,0.0,256.0,52.0,22.0,20.0,0.0,0.0,1.0,0.0,0.0,0.0,0.0,0.0,1.0,0.0,0.0,0.0,0.0,109.11111111111111,919.9999999999999,571.004999999999,0.39312518249731127,0.13043478260869565,0.36000000000000004,3.5416500000141156,90.0,90.0
30.0,0.0,0.0,0.0,447.8299999999994,472.8774999999995,97.0,104.0,0.12822303921568598,0.2662210392751365,0.0,0.2571428571428571,0.0,1.2493624300746888,0.5014285714285714,0.925,174.78,402.372,0.0,0.09695849356931302,-0.027204622532128936,0.125,0.0,256.0,52.0,22.0,20.0,0.0,0.0,1.0,0.0,0.0,0.0,0.0,0.0,0.0,1.0,0.0,0.0,0.0,106.73333333333333,1360.0,562.497249999999,0.5707067341168273,0.11764705882352941,0.7200000000000001,3.3674300000133854,90.0,90.0
30.0,0.0,0.0,0.0,447.8299999999994,472.8774999999995,97.0,104.0,0.12822303921568598,0.2662210392751365,0.0,0.2571428571428571,0.0,1.2493624300746888,0.5014285714285714,0.925,174.78,402.372,0.0,0.09695849356931302,-0.027204622532128936,0.125,0.0,256.0,52.0,22.0,20.0,0.0,0.0,1.0,0.0,0.0,0.0,0.0,0.0,0.0,0.0,1.0,0.0,0.0,108.36666666666666,1000.0,569.474999999999,0.5699188942590033,0.12,0.3,3.3788800000134653,90.0,90.0
30.0,0.0,0.0,0.0,447.8299999999994,472.8774999999995,97.0,104.0,0.12822303921568598,0.2662210392751365,0.0,0.2571428571428571,0.0,1.2493624300746888,0.5014285714285714,0.925,174.78,402.372,0.0,0.09695849356931302,-0.027204622532128936,0.125,0.0,256.0,52.0,22.0,20.0,0.0,0.0,1.0,0.0,0.0,0.0,0.0,0.0,0.0,0.0,0.0,1.0,0.0,109.11111111111111,919.9999999999999,571.004999999999,0.39270378458128585,0.13043478260869565,0.36000000000000004,3.5416500000141156,90.0,90.0
30.0,0.0,0.0,0.0,447.8299999999994,472.8774999999995,97.0,104.0,0.12822303921568598,0.2662210392751365,0.0,0.2571428571428571,0.0,1.2493624300746888,0.5014285714285714,0.925,174.78,402.372,0.0,0.09695849356931302,-0.027204622532128936,0.125,0.0,256.0,52.0,22.0,20.0,0.0,0.0,1.0,0.0,0.0,0.0,0.0,0.0,0.0,0.0,0.0,0.0,1.0,108.91388888888889,1000.0,566.2399999999989,0.5618701611616825,0.12,0.7200000000000001,3.4387300000136864,90.0,90.0
120.0,0.0,0.0,0.0,570.8099999999989,527.8399999999993,124.0,113.0,0.16133817427385888,0.12288618986562798,0.0,0.0,0.0,1.1404911414010643,0.45,0.9361702127659575,207.0,476.53200000000004,1.0,0.2045772379731256,0.03911163700905624,0.2,0.0,316.0,75.0,22.0,20.0,0.0,0.0,1.0,0.0,0.0,0.0,0.0,1.0,0.0,0.0,0.0,0.0,0.0,134.83333333333334,919.9999999999999,685.794871558487,1.0,0.043478260869565216,0.6,2.908335000011567,90.0,90.0
120.0,0.0,0.0,0.0,570.8099999999989,527.8399999999993,124.0,113.0,0.16133817427385888,0.12288618986562798,0.0,0.0,0.0,1.1404911414010643,0.45,0.9361702127659575,207.0,476.53200000000004,1.0,0.2045772379731256,0.03911163700905624,0.2,0.0,316.0,75.0,22.0,20.0,0.0,0.0,1.0,0.0,0.0,0.0,0.0,0.0,1.0,0.0,0.0,0.0,0.0,132.5888888888889,1160.0,684.3012499999994,0.4837986717542938,0.034482758620689655,0.7714285714285714,4.017095000015978,90.0,90.0
120.0,0.0,0.0,0.0,570.8099999999989,527.8399999999993,124.0,113.0,0.16133817427385888,0.12288618986562798,0.0,0.0,0.0,1.1404911414010643,0.45,0.9361702127659575,207.0,476.53200000000004,1.0,0.2045772379731256,0.03911163700905624,0.2,0.0,316.0,75.0,22.0,20.0,0.0,0.0,1.0,0.0,0.0,0.0,0.0,0.0,0.0,1.0,0.0,0.0,0.0,129.025,1560.0,655.3937499999992,0.5848489365002533,0.1794871794871795,0.7200000000000001,3.7863100000150514,90.0,90.0
120.0,0.0,0.0,0.0,570.8099999999989,527.8399999999993,124.0,113.0,0.16133817427385888,0.12288618986562798,0.0,0.0,0.0,1.1404911414010643,0.45,0.9361702127659575,207.0,476.53200000000004,1.0,0.2045772379731256,0.03911163700905624,0.2,0.0,316.0,75.0,22.0,20.0,0.0,0.0,1.0,0.0,0.0,0.0,0.0,0.0,0.0,0.0,1.0,0.0,0.0,131.74722222222223,1200.0,681.8987499999993,0.569226784009502,0.06666666666666667,0.7200000000000001,3.9881350000158644,90.0,90.0
120.0,0.0,0.0,0.0,570.8099999999989,527.8399999999993,124.0,113.0,0.16133817427385888,0.12288618986562798,0.0,0.0,0.0,1.1404911414010643,0.45,0.9361702127659575,207.0,476.53200000000004,1.0,0.2045772379731256,0.03911163700905624,0.2,0.0,316.0,75.0,22.0,20.0,0.0,0.0,1.0,0.0,0.0,0.0,0.0,0.0,0.0,0.0,0.0,1.0,0.0,132.5888888888889,1160.0,684.3012499999994,0.48335706575748505,0.034482758620689655,0.7714285714285714,4.017095000015978,90.0,90.0
120.0,0.0,0.0,0.0,570.8099999999989,527.8399999999993,124.0,113.0,0.16133817427385888,0.12288618986562798,0.0,0.0,0.0,1.1404911414010643,0.45,0.9361702127659575,207.0,476.53200000000004,1.0,0.2045772379731256,0.03911163700905624,0.2,0.0,316.0,75.0,22.0,20.0,0.0,0.0,1.0,0.0,0.0,0.0,0.0,0.0,0.0,0.0,0.0,0.0,1.0,132.1027777777778,1240.0,683.4287499999994,0.5756062900163758,0.03225806451612903,0.5142857142857142,3.981855000015816,90.0,90.0
120.0,0.0,0.0,0.0,570.8099999999989,527.8399999999993,124.0,113.0,0.16133817427385888,0.12288618986562798,0.0,0.0,0.0,1.1404911414010643,0.45,0.9361702127659575,207.0,476.53200000000004,1.0,0.2045772379731256,0.03911163700905624,0.2,0.0,316.0,75.0,22.0,20.0,0.0,0.0,1.0,0.0,0.0,0.0,0.0,1.0,0.0,0.0,0.0,0.0,0.0,134.83333333333334,919.9999999999999,685.794871558487,1.0,0.043478260869565216,0.6,2.908335000011567,90.0,90.0
120.0,0.0,0.0,0.0,570.8099999999989,527.8399999999993,124.0,113.0,0.16133817427385888,0.12288618986562798,0.0,0.0,0.0,1.1404911414010643,0.45,0.9361702127659575,207.0,476.53200000000004,1.0,0.2045772379731256,0.03911163700905624,0.2,0.0,316.0,75.0,22.0,20.0,0.0,0.0,1.0,0.0,0.0,0.0,0.0,0.0,1.0,0.0,0.0,0.0,0.0,132.5888888888889,1160.0,684.3012499999994,0.4837986717542938,0.034482758620689655,0.7714285714285714,4.017095000015978,90.0,90.0
120.0,0.0,0.0,0.0,570.8099999999989,527.8399999999993,124.0,113.0,0.16133817427385888,0.12288618986562798,0.0,0.0,0.0,1.1404911414010643,0.45,0.9361702127659575,207.0,476.53200000000004,1.0,0.2045772379731256,0.03911163700905624,0.2,0.0,316.0,75.0,22.0,20.0,0.0,0.0,1.0,0.0,0.0,0.0,0.0,0.0,0.0,1.0,0.0,0.0,0.0,129.025,1560.0,655.3937499999992,0.5848489365002533,0.1794871794871795,0.7200000000000001,3.7863100000150514,90.0,90.0
120.0,0.0,0.0,0.0,570.8099999999989,527.8399999999993,124.0,113.0,0.16133817427385888,0.12288618986562798,0.0,0.0,0.0,1.1404911414010643,0.45,0.9361702127659575,207.0,476.53200000000004,1.0,0.2045772379731256,0.03911163700905624,0.2,0.0,316.0,75.0,22.0,20.0,0.0,0.0,1.0,0.0,0.0,0.0,0.0,0.0,0.0,0.0,1.0,0.0,0.0,131.74722222222223,1200.0,681.8987499999993,0.569226784009502,0.06666666666666667,0.7200000000000001,3.9881350000158644,90.0,90.0
120.0,0.0,0.0,0.0,570.8099999999989,527.8399999999993,124.0,113.0,0.16133817427385888,0.12288618986562798,0.0,0.0,0.0,1.1404911414010643,0.45,0.9361702127659575,207.0,476.53200000000004,1.0,0.2045772379731256,0.03911163700905624,0.2,0.0,316.0,75.0,22.0,20.0,0.0,0.0,1.0,0.0,0.0,0.0,0.0,0.0,0.0,0.0,0.0,1.0,0.0,132.5888888888889,1160.0,684.3012499999994,0.48335706575748505,0.034482758620689655,0.7714285714285714,4.017095000015978,90.0,90.0
120.0,0.0,0.0,0.0,570.8099999999989,527.8399999999993,124.0,113.0,0.16133817427385888,0.12288618986562798,0.0,0.0,0.0,1.1404911414010643,0.45,0.9361702127659575,207.0,476.53200000000004,1.0,0.2045772379731256,0.03911163700905624,0.2,0.0,316.0,75.0,22.0,20.0,0.0,0.0,1.0,0.0,0.0,0.0,0.0,0.0,0.0,0.0,0.0,0.0,1.0,132.1027777777778,1240.0,683.4287499999994,0.5756062900163758,0.03225806451612903,0.5142857142857142,3.981855000015816,90.0,90.0
120.0,0.0,0.0,0.0,570.8099999999989,527.8399999999993,124.0,113.0,0.16133817427385888,0.12288618986562798,0.0,0.0,0.0,1.1404911414010643,0.45,0.9361702127659575,207.0,476.53200000000004,1.0,0.2045772379731256,0.03911163700905624,0.2,0.0,316.0,75.0,22.0,20.0,0.0,0.0,1.0,0.0,0.0,0.0,0.0,1.0,0.0,0.0,0.0,0.0,0.0,134.83333333333334,919.9999999999999,685.794871558487,1.0,0.043478260869565216,0.6,2.908335000011567,90.0,90.0
120.0,0.0,0.0,0.0,570.8099999999989,527.8399999999993,124.0,113.0,0.16133817427385888,0.12288618986562798,0.0,0.0,0.0,1.1404911414010643,0.45,0.9361702127659575,207.0,476.53200000000004,1.0,0.2045772379731256,0.03911163700905624,0.2,0.0,316.0,75.0,22.0,20.0,0.0,0.0,1.0,0.0,0.0,0.0,0.0,0.0,1.0,0.0,0.0,0.0,0.0,132.5888888888889,1160.0,684.3012499999994,0.4837986717542938,0.034482758620689655,0.7714285714285714,4.017095000015978,90.0,90.0
120.0,0.0,0.0,0.0,570.8099999999989,527.8399999999993,124.0,113.0,0.16133817427385888,0.12288618986562798,0.0,0.0,0.0,1.1404911414010643,0.45,0.9361702127659575,207.0,476.53200000000004,1.0,0.2045772379731256,0.03911163700905624,0.2,0.0,316.0,75.0,22.0,20.0,0.0,0.0,1.0,0.0,0.0,0.0,0.0,0.0,0.0,1.0,0.0,0.0,0.0,129.025,1560.0,655.3937499999992,0.5848489365002533,0.1794871794871795,0.7200000000000001,3.7863100000150514,90.0,90.0
120.0,0.0,0.0,0.0,570.8099999999989,527.8399999999993,124.0,113.0,0.16133817427385888,0.12288618986562798,0.0,0.0,0.0,1.1404911414010643,0.45,0.9361702127659575,207.0,476.53200000000004,1.0,0.2045772379731256,0.03911163700905624,0.2,0.0,316.0,75.0,22.0,20.0,0.0,0.0,1.0,0.0,0.0,0.0,0.0,0.0,0.0,0.0,1.0,0.0,0.0,131.74722222222223,1200.0,681.8987499999993,0.569226784009502,0.06666666666666667,0.7200000000000001,3.9881350000158644,90.0,90.0
120.0,0.0,0.0,0.0,570.8099999999989,527.8399999999993,124.0,113.0,0.16133817427385888,0.12288618986562798,0.0,0.0,0.0,1.1404911414010643,0.45,0.9361702127659575,207.0,476.53200000000004,1.0,0.2045772379731256,0.03911163700905624,0.2,0.0,316.0,75.0,22.0,20.0,0.0,0.0,1.0,0.0,0.0,0.0,0.0,0.0,0.0,0.0,0.0,1.0,0.0,132.5888888888889,1160.0,684.3012499999994,0.48335706575748505,0.034482758620689655,0.7714285714285714,4.017095000015978,90.0,90.0
120.0,0.0,0.0,0.0,570.8099999999989,527.8399999999993,124.0,113.0,0.16133817427385888,0.12288618986562798,0.0,0.0,0.0,1.1404911414010643,0.45,0.9361702127659575,207.0,476.53200000000004,1.0,0.2045772379731256,0.03911163700905624,0.2,0.0,316.0,75.0,22.0,20.0,0.0,0.0,1.0,0.0,0.0,0.0,0.0,0.0,0.0,0.0,0.0,0.0,1.0,132.1027777777778,1240.0,683.4287499999994,0.5756062900163758,0.03225806451612903,0.5142857142857142,3.981855000015816,90.0,90.0
240.0,0.0,0.0,0.0,695.5399999999995,687.6249999999993,151.0,148.0,0.9974337748344367,0.16972470417019037,0.0,0.0,0.0,1.3907594217614694,0.45,0.9315068493150684,193.32,445.06800000000004,1.0,0.21394494083403806,0.005722383085170748,0.125,0.0,414.0,112.0,22.0,20.0,0.0,0.0,1.0,0.0,0.0,0.0,0.0,1.0,0.0,0.0,0.0,0.0,0.0,156.375,480.0,768.41625,1.0,0.25,0.6,3.1173799999866105,60.0,60.0
240.0,0.0,0.0,0.0,695.5399999999995,687.6249999999993,151.0,148.0,0.9974337748344367,0.16972470417019037,0.0,0.0,0.0,1.3907594217614694,0.45,0.9315068493150684,193.32,445.06800000000004,1.0,0.21394494083403806,0.005722383085170748,0.125,0.0,414.0,112.0,22.0,20.0,0.0,0.0,1.0,0.0,0.0,0.0,0.0,0.0,1.0,0.0,0.0,0.0,0.0,154.2625,1020.0,747.5137499999998,0.5725855438961045,0.058823529411764705,0.36000000000000004,3.1692849999863775,60.0,60.0
240.0,0.0,0.0,0.0,695.5399999999995,687.6249999999993,151.0,148.0,0.9974337748344367,0.16972470417019037,0.0,0.0,0.0,1.3907594217614694,0.45,0.9315068493150684,193.32,445.06800000000004,1.0,0.21394494083403806,0.005722383085170748,0.125,0.0,414.0,112.0,22.0,20.0,0.0,0.0,1.0,0.0,0.0,0.0,0.0,0.0,0.0,1.0,0.0,0.0,0.0,153.0,1260.0,736.0512499999994,0.5742149762218259,0.047619047619047616,0.36000000000000004,3.1514349999865026,60.0,60.0
240.0,0.0,0.0,0.0,695.5399999999995,687.6249999999993,151.0,148.0,0.9974337748344367,0.16972470417019037,0.0,0.0,0.0,1.3907594217614694,0.45,0.9315068493150684,193.32,445.06800000000004,1.0,0.21394494083403806,0.005722383085170748,0.125,0.0,414.0,112.0,22.0,20.0,0.0,0.0,1.0,0.0,0.0,0.0,0.0,0.0,0.0,0.0,1.0,0.0,0.0,153.7375,1080.0,748.3074999999995,0.5662334086786651,0.3333333333333333,0.3,3.199969999986429,60.0,60.0
240.0,0.0,0.0,0.0,695.5399999999995,687.6249999999993,151.0,148.0,0.9974337748344367,0.16972470417019037,0.0,0.0,0.0,1.3907594217614694,0.45,0.9315068493150684,193.32,445.06800000000004,1.0,0.21394494083403806,0.005722383085170748,0.125,0.0,414.0,112.0,22.0,20.0,0.0,0.0,1.0,0.0,0.0,0.0,0.0,0.0,0.0,0.0,0.0,1.0,0.0,154.2625,1020.0,747.5137499999998,0.5723771918369492,0.058823529411764705,0.36000000000000004,3.1692849999863775,60.0,60.0
240.0,0.0,0.0,0.0,695.5399999999995,687.6249999999993,151.0,148.0,0.9974337748344367,0.16972470417019037,0.0,0.0,0.0,1.3907594217614694,0.45,0.9315068493150684,193.32,445.06800000000004,1.0,0.21394494083403806,0.005722383085170748,0.125,0.0,414.0,112.0,22.0,20.0,0.0,0.0,1.0,0.0,0.0,0.0,0.0,0.0,0.0,0.0,0.0,0.0,1.0,152.30416666666667,1200.0,732.2574999999994,0.5670166526107276,0.1,0.36000000000000004,3.125444999986616,60.0,60.0
240.0,0.0,0.0,0.0,695.5399999999995,687.6249999999993,151.0,148.0,0.9974337748344367,0.16972470417019037,0.0,0.0,0.0,1.3907594217614694,0.45,0.9315068493150684,193.32,445.06800000000004,1.0,0.21394494083403806,0.005722383085170748,0.125,0.0,414.0,112.0,22.0,20.0,0.0,0.0,1.0,0.0,0.0,0.0,0.0,1.0,0.0,0.0,0.0,0.0,0.0,156.375,480.0,768.41625,1.0,0.25,0.6,3.1173799999866105,60.0,60.0
240.0,0.0,0.0,0.0,695.5399999999995,687.6249999999993,151.0,148.0,0.9974337748344367,0.16972470417019037,0.0,0.0,0.0,1.3907594217614694,0.45,0.9315068493150684,193.32,445.06800000000004,1.0,0.21394494083403806,0.005722383085170748,0.125,0.0,414.0,112.0,22.0,20.0,0.0,0.0,1.0,0.0,0.0,0.0,0.0,0.0,1.0,0.0,0.0,0.0,0.0,154.2625,1020.0,747.5137499999998,0.5725855438961045,0.058823529411764705,0.36000000000000004,3.1692849999863775,60.0,60.0
240.0,0.0,0.0,0.0,695.5399999999995,687.6249999999993,151.0,148.0,0.9974337748344367,0.16972470417019037,0.0,0.0,0.0,1.3907594217614694,0.45,0.9315068493150684,193.32,445.06800000000004,1.0,0.21394494083403806,0.005722383085170748,0.125,0.0,414.0,112.0,22.0,20.0,0.0,0.0,1.0,0.0,0.0,0.0,0.0,0.0,0.0,1.0,0.0,0.0,0.0,153.0,1260.0,736.0512499999994,0.5742149762218259,0.047619047619047616,0.36000000000000004,3.1514349999865026,60.0,60.0
240.0,0.0,0.0,0.0,695.5399999999995,687.6249999999993,151.0,148.0,0.9974337748344367,0.16972470417019037,0.0,0.0,0.0,1.3907594217614694,0.45,0.9315068493150684,193.32,445.06800000000004,1.0,0.21394494083403806,0.005722383085170748,0.125,0.0,414.0,112.0,22.0,20.0,0.0,0.0,1.0,0.0,0.0,0.0,0.0,0.0,0.0,0.0,1.0,0.0,0.0,153.7375,1080.0,748.3074999999995,0.5662334086786651,0.3333333333333333,0.3,3.199969999986429,60.0,60.0
240.0,0.0,0.0,0.0,695.5399999999995,687.6249999999993,151.0,148.0,0.9974337748344367,0.16972470417019037,0.0,0.0,0.0,1.3907594217614694,0.45,0.9315068493150684,193.32,445.06800000000004,1.0,0.21394494083403806,0.005722383085170748,0.125,0.0,414.0,112.0,22.0,20.0,0.0,0.0,1.0,0.0,0.0,0.0,0.0,0.0,0.0,0.0,0.0,1.0,0.0,154.2625,1020.0,747.5137499999998,0.5723771918369492,0.058823529411764705,0.36000000000000004,3.1692849999863775,60.0,60.0
240.0,0.0,0.0,0.0,695.5399999999995,687.6249999999993,151.0,148.0,0.9974337748344367,0.16972470417019037,0.0,0.0,0.0,1.3907594217614694,0.45,0.9315068493150684,193.32,445.06800000000004,1.0,0.21394494083403806,0.005722383085170748,0.125,0.0,414.0,112.0,22.0,20.0,0.0,0.0,1.0,0.0,0.0,0.0,0.0,0.0,0.0,0.0,0.0,0.0,1.0,152.30416666666667,1200.0,732.2574999999994,0.5670166526107276,0.1,0.36000000000000004,3.125444999986616,60.0,60.0
240.0,0.0,0.0,0.0,695.5399999999995,687.6249999999993,151.0,148.0,0.9974337748344367,0.16972470417019037,0.0,0.0,0.0,1.3907594217614694,0.45,0.9315068493150684,193.32,445.06800000000004,1.0,0.21394494083403806,0.005722383085170748,0.125,0.0,414.0,112.0,22.0,20.0,0.0,0.0,1.0,0.0,0.0,0.0,0.0,1.0,0.0,0.0,0.0,0.0,0.0,156.375,480.0,768.41625,1.0,0.25,0.6,3.1173799999866105,60.0,60.0
240.0,0.0,0.0,0.0,695.5399999999995,687.6249999999993,151.0,148.0,0.9974337748344367,0.16972470417019037,0.0,0.0,0.0,1.3907594217614694,0.45,0.9315068493150684,193.32,445.06800000000004,1.0,0.21394494083403806,0.005722383085170748,0.125,0.0,414.0,112.0,22.0,20.0,0.0,0.0,1.0,0.0,0.0,0.0,0.0,0.0,1.0,0.0,0.0,0.0,0.0,154.2625,1020.0,747.5137499999998,0.5725855438961045,0.058823529411764705,0.36000000000000004,3.1692849999863775,60.0,60.0
240.0,0.0,0.0,0.0,695.5399999999995,687.6249999999993,151.0,148.0,0.9974337748344367,0.16972470417019037,0.0,0.0,0.0,1.3907594217614694,0.45,0.9315068493150684,193.32,445.06800000000004,1.0,0.21394494083403806,0.005722383085170748,0.125,0.0,414.0,112.0,22.0,20.0,0.0,0.0,1.0,0.0,0.0,0.0,0.0,0.0,0.0,1.0,0.0,0.0,0.0,153.0,1260.0,736.0512499999994,0.5742149762218259,0.047619047619047616,0.36000000000000004,3.1514349999865026,60.0,60.0
240.0,0.0,0.0,0.0,695.5399999999995,687.6249999999993,151.0,148.0,0.9974337748344367,0.16972470417019037,0.0,0.0,0.0,1.3907594217614694,0.45,0.9315068493150684,193.32,445.06800000000004,1.0,0.21394494083403806,0.005722383085170748,0.125,0.0,414.0,112.0,22.0,20.0,0.0,0.0,1.0,0.0,0.0,0.0,0.0,0.0,0.0,0.0,1.0,0.0,0.0,153.7375,1080.0,748.3074999999995,0.5662334086786651,0.3333333333333333,0.3,3.199969999986429,60.0,60.0
240.0,0.0,0.0,0.0,695.5399999999995,687.6249999999993,151.0,148.0,0.9974337748344367,0.16972470417019037,0.0,0.0,0.0,1.3907594217614694,0.45,0.9315068493150684,193.32,445.06800000000004,1.0,0.21394494083403806,0.005722383085170748,0.125,0.0,414.0,112.0,22.0,20.0,0.0,0.0,1.0,0.0,0.0,0.0,0.0,0.0,0.0,0.0,0.0,1.0,0.0,154.2625,1020.0,747.5137499999998,0.5723771918369492,0.058823529411764705,0.36000000000000004,3.1692849999863775,60.0,60.0
240.0,0.0,0.0,0.0,695.5399999999995,687.6249999999993,151.0,148.0,0.9974337748344367,0.16972470417019037,0.0,0.0,0.0,1.3907594217614694,0.45,0.9315068493150684,193.32,445.06800000000004,1.0,0.21394494083403806,0.005722383085170748,0.125,0.0,414.0,112.0,22.0,20.0,0.0,0.0,1.0,0.0,0.0,0.0,0.0,0.0,0.0,0.0,0.0,0.0,1.0,152.30416666666667,1200.0,732.2574999999994,0.5670166526107276,0.1,0.36000000000000004,3.125444999986616,60.0,60.0
5.0,0.0,65.0,0.0,82.28999999999999,91.80625,1.0,1.0,7.158750000000001,0.0,0.0,0.0,0.0,0.0,0.0625,0.0,0.0,0.0,0.0,0.0,-0.05466085570481853,0.0,0.0,2.0,0.0,22.0,20.0,0.0,0.0,1.0,0.0,0.0,0.0,0.0,1.0,0.0,0.0,0.0,0.0,0.0,9.833333333333334,919.9999999999999,109.42375,1.0,0.043478260869565216,0.5977272727272727,0.15959499999999832,90.0,90.0
5.0,0.0,65.0,0.0,82.28999999999999,91.80625,1.0,1.0,7.158750000000001,0.0,0.0,0.0,0.0,0.0,0.0625,0.0,0.0,0.0,0.0,0.0,-0.05466085570481853,0.0,0.0,2.0,0.0,22.0,20.0,0.0,0.0,1.0,0.0,0.0,0.0,0.0,0.0,1.0,0.0,0.0,0.0,0.0,11.488888888888889,600.0,109.42375,0.4331737561264528,0.06666666666666667,0.2897727272727273,0.33341500000001095,90.0,90.0
5.0,0.0,65.0,0.0,82.28999999999999,91.80625,1.0,1.0,7.158750000000001,0.0,0.0,0.0,0.0,0.0,0.0625,0.0,0.0,0.0,0.0,0.0,-0.05466085570481853,0.0,0.0,2.0,0.0,22.0,20.0,0.0,0.0,1.0,0.0,0.0,0.0,0.0,0.0,0.0,1.0,0.0,0.0,0.0,8.15,1040.0,109.42375,0.750135399955971,0.23076923076923078,0.41948051948051945,0.1566899999999984,90.0,90.0
5.0,0.0,65.0,0.0,82.28999999999999,91.80625,1.0,1.0,7.158750000000001,0.0,0.0,0.0,0.0,0.0,0.0625,0.0,0.0,0.0,0.0,0.0,-0.05466085570481853,0.0,0.0,2.0,0.0,22.0,20.0,0.0,0.0,1.0,0.0,0.0,0.0,0.0,0.0,0.0,0.0,1.0,0.0,0.0,11.15,640.0,115.00750000000006,0.44673576577749663,0.125,0.37424242424242415,0.3261400000000107,90.0,90.0
5.0,0.0,65.0,0.0,82.28999999999999,91.80625,1.0,1.0,7.158750000000001,0.0,0.0,0.0,0.0,0.0,0.0625,0.0,0.0,0.0,0.0,0.0,-0.05466085570481853,0.0,0.0,2.0,0.0,22.0,20.0,0.0,0.0,1.0,0.0,0.0,0.0,0.0,0.0,0.0,0.0,0.0,1.0,0.0,11.488888888888889,600.0,109.42375,0.4331737562012821,0.06666666666666667,0.2715909090909091,0.33341500000001095,90.0,90.0
5.0,0.0,65.0,0.0,82.28999999999999,91.80625,1.0,1.0,7.158750000000001,0.0,0.0,0.0,0.0,0.0,0.0625,0.0,0.0,0.0,0.0,0.0,-0.05466085570481853,0.0,0.0,2.0,0.0,22.0,20.0,0.0,0.0,1.0,0.0,0.0,0.0,0.0,0.0,0.0,0.0,0.0,0.0,1.0,10.966666666666667,640.0,109.42375,0.43736971326637253,0.0,0.7484848484848483,0.30502500000000654,90.0,90.0
15.0,0.0,55.0,0.0,99.335,90.0775,4.0,5.0,6.917222222222225,0.045480606138650584,0.0,0.0,0.0,1.7199965376913706,0.2025,1.0,1.188,2.736,0.0,0.3590961212277301,0.048874810268593645,0.0,0.0,9.0,0.0,22.0,20.0,0.0,0.0,1.0,0.0,0.0,0.0,0.0,1.0,0.0,0.0,0.0,0.0,0.0,15.636111111111111,560.0,135.09500000000006,1.0,0.0,0.3779220779220779,0.41528500000002455,90.0,90.0
15.0,0.0,55.0,0.0,99.335,90.0775,4.0,5.0,6.917222222222225,0.045480606138650584,0.0,0.0,0.0,1.7199965376913706,0.2025,1.0,1.188,2.736,0.0,0.3590961212277301,0.048874810268593645,0.0,0.0,9.0,0.0,22.0,20.0,0.0,0.0,1.0,0.0,0.0,0.0,0.0,0.0,1.0,0.0,0.0,0.0,0.0,14.069444444444445,600.0,129.49500000000006,0.43937683860084575,0.06666666666666667,0.3,0.4395850000000291,90.0,90.0
15.0,0.0,55.0,0.0,99.335,90.0775,4.0,5.0,6.917222222222225,0.045480606138650584,0.0,0.0,0.0,1.7199965376913706,0.2025,1.0,1.188,2.736,0.0,0.3590961212277301,0.048874810268593645,0.0,0.0,9.0,0.0,22.0,20.0,0.0,0.0,1.0,0.0,0.0,0.0,0.0,0.0,0.0,1.0,0.0,0.0,0.0,11.105555555555556,919.9999999999999,113.67,0.7526705759228992,0.13043478260869565,0.6448051948051947,0.2755200000000005,90.0,90.0
15.0,0.0,55.0,0.0,99.335,90.0775,4.0,5.0,6.917222222222225,0.045480606138650584,0.0,0.0,0.0,1.7199965376913706,0.2025,1.0,1.188,2.736,0.0,0.3590961212277301,0.048874810268593645,0.0,0.0,9.0,0.0,22.0,20.0,0.0,0.0,1.0,0.0,0.0,0.0,0.0,0.0,0.0,0.0,1.0,0.0,0.0,13.708333333333334,640.0,135.09500000000006,0.4528909853344849,0.125,0.3,0.4337900000000299,90.0,90.0
15.0,0.0,55.0,0.0,99.335,90.0775,4.0,5.0,6.917222222222225,0.045480606138650584,0.0,0.0,0.0,1.7199965376913706,0.2025,1.0,1.188,2.736,0.0,0.3590961212277301,0.048874810268593645,0.0,0.0,9.0,0.0,22.0,20.0,0.0,0.0,1.0,0.0,0.0,0.0,0.0,0.0,0.0,0.0,0.0,1.0,0.0,14.069444444444445,600.0,129.49500000000006,0.43937683860084625,0.06666666666666667,0.3,0.4395850000000291,90.0,90.0
15.0,0.0,55.0,0.0,99.335,90.0775,4.0,5.0,6.917222222222225,0.045480606138650584,0.0,0.0,0.0,1.7199965376913706,0.2025,1.0,1.188,2.736,0.0,0.3590961212277301,0.048874810268593645,0.0,0.0,9.0,0.0,22.0,20.0,0.0,0.0,1.0,0.0,0.0,0.0,0.0,0.0,0.0,0.0,0.0,0.0,1.0,14.083333333333334,600.0,135.09500000000006,0.5043290870272485,0.06666666666666667,0.562121212121212,0.4417400000000314,90.0,90.0
30.0,0.0,40.0,0.0,90.94375,97.0675,8.0,9.0,4.251973684210523,0.2458162783126451,0.3333333333333333,0.16558441558441558,0.0,1.2720392790725215,0.4156168831168831,1.0,6.84,15.732000000000003,0.0,0.07731260631187967,-0.0325711892240491,0.2857142857142857,0.0,21.0,2.0,22.0,20.0,0.0,0.0,1.0,0.0,0.0,0.0,0.0,1.0,0.0,0.0,0.0,0.0,0.0,20.3,280.0,157.53750000000008,0.45393951683336503,0.14285714285714285,0.3,0.7712300000000413,90.0,90.0
30.0,0.0,40.0,0.0,90.94375,97.0675,8.0,9.0,4.251973684210523,0.2458162783126451,0.3333333333333333,0.16558441558441558,0.0,1.2720392790725215,0.4156168831168831,1.0,6.84,15.732000000000003,0.0,0.07731260631187967,-0.0325711892240491,0.2857142857142857,0.0,21.0,2.0,22.0,20.0,0.0,0.0,1.0,0.0,0.0,0.0,0.0,0.0,1.0,0.0,0.0,0.0,0.0,17.908333333333335,520.0,141.43750000000006,0.4395077130628758,0.07692307692307693,0.3,0.6255050000000427,90.0,90.0
30.0,0.0,40.0,0.0,90.94375,97.0675,8.0,9.0,4.251973684210523,0.2458162783126451,0.3333333333333333,0.16558441558441558,0.0,1.2720392790725215,0.4156168831168831,1.0,6.84,15.732000000000003,0.0,0.07731260631187967,-0.0325711892240491,0.2857142857142857,0.0,21.0,2.0,22.0,20.0,0.0,0.0,1.0,0.0,0.0,0.0,0.0,0.0,0.0,1.0,0.0,0.0,0.0,15.777777777777779,720.0,123.89625000000007,0.5742799240196537,0.2222222222222222,0.2538961038961039,0.495750000000041,90.0,90.0
30.0,0.0,40.0,0.0,90.94375,97.0675,8.0,9.0,4.251973684210523,0.2458162783126451,0.3333333333333333,0.16558441558441558,0.0,1.2720392790725215,0.4156168831168831,1.0,6.84,15.732000000000003,0.0,0.07731260631187967,-0.0325711892240491,0.2857142857142857,0.0,21.0,2.0,22.0,20.0,0.0,0.0,1.0,0.0,0.0,0.0,0.0,0.0,0.0,0.0,1.0,0.0,0.0,17.04722222222222,600.0,129.98750000000004,0.5645874775246328,0.2,0.562121212121212,0.5665400000000418,90.0,90.0
30.0,0.0,40.0,0.0,90.94375,97.0675,8.0,9.0,4.251973684210523,0.2458162783126451,0.3333333333333333,0.16558441558441558,0.0,1.2720392790725215,0.4156168831168831,1.0,6.84,15.732000000000003,0.0,0.07731260631187967,-0.0325711892240491,0.2857142857142857,0.0,21.0,2.0,22.0,20.0,0.0,0.0,1.0,0.0,0.0,0.0,0.0,0.0,0.0,0.0,0.0,1.0,0.0,17.908333333333335,520.0,141.43750000000006,0.4395077130628758,0.07692307692307693,0.3,0.6255050000000427,90.0,90.0
30.0,0.0,40.0,0.0,90.94375,97.0675,8.0,9.0,4.251973684210523,0.2458162783126451,0.3333333333333333,0.16558441558441558,0.0,1.2720392790725215,0.4156168831168831,1.0,6.84,15.732000000000003,0.0,0.07731260631187967,-0.0325711892240491,0.2857142857142857,0.0,21.0,2.0,22.0,20.0,0.0,0.0,1.0,0.0,0.0,0.0,0.0,0.0,0.0,0.0,0.0,0.0,1.0,18.322222222222223,480.0,147.03750000000008,0.5134003533914341,0.0,0.6,0.6479600000000428,90.0,90.0
5.0,0.0,90.0,0.0,193.84000000000015,205.43000000000012,43.0,46.0,0.5932967032967021,0.11800495033864425,0.0,0.0,0.0,1.7450304538177246,0.4675,0.9516129032258065,50.652,116.496,1.0,0.20360099006772886,-0.02902797605630267,0.0,0.0,106.0,15.0,22.0,20.0,0.0,0.0,1.0,0.0,0.0,0.0,0.0,1.0,0.0,0.0,0.0,0.0,0.0,59.90833333333333,360.0,329.1975,0.29169787736290004,0.3333333333333333,0.36000000000000004,2.034300000000277,90.0,90.0
5.0,0.0,90.0,0.0,193.84000000000015,205.43000000000012,43.0,46.0,0.5932967032967021,0.11800495033864425,0.0,0.0,0.0,1.7450304538177246,0.4675,0.9516129032258065,50.652,116.496,1.0,0.20360099006772886,-0.02902797605630267,0.0,0.0,106.0,15.0,22.0,20.0,0.0,0.0,1.0,0.0,0.0,0.0,0.0,0.0,1.0,0.0,0.0,0.0,0.0,56.13611111111111,919.9999999999999,312.34749999999997,0.3897463725882692,0.13043478260869565,0.36000000000000004,1.6665650000001127,90.0,90.0
5.0,0.0,90.0,0.0,193.84000000000015,205.43000000000012,43.0,46.0,0.5932967032967021,0.11800495033864425,0.0,0.0,0.0,1.7450304538177246,0.4675,0.9516129032258065,50.652,116.496,1.0,0.20360099006772886,-0.02902797605630267,0.0,0.0,106.0,15.0,22.0,20.0,0.0,0.0,1.0,0.0,0.0,0.0,0.0,0.0,0.0,1.0,0.0,0.0,0.0,53.172222222222224,1280.0,288.8325000000001,0.5751740004239412,0.0625,0.45,1.541110000000041,90.0,90.0
5.0,0.0,90.0,0.0,193.84000000000015,205.43000000000012,43.0,46.0,0.5932967032967021,0.11800495033864425,0.0,0.0,0.0,1.7450304538177246,0.4675,0.9516129032258065,50.652,116.496,1.0,0.20360099006772886,-0.02902797605630267,0.0,0.0,106.0,15.0,22.0,20.0,0.0,0.0,1.0,0.0,0.0,0.0,0.0,0.0,0.0,0.0,1.0,0.0,0.0,56.35,919.9999999999999,305.81499999999994,0.3871375617999507,0.043478260869565216,0.3,1.6898000000001208,90.0,90.0
5.0,0.0,90.0,0.0,193.84000000000015,205.43000000000012,43.0,46.0,0.5932967032967021,0.11800495033864425,0.0,0.0,0.0,1.7450304538177246,0.4675,0.9516129032258065,50.652,116.496,1.0,0.20360099006772886,-0.02902797605630267,0.0,0.0,106.0,15.0,22.0,20.0,0.0,0.0,1.0,0.0,0.0,0.0,0.0,0.0,0.0,0.0,0.0,1.0,0.0,56.03888888888889,880.0,303.47875,0.38984862963861894,0.36363636363636365,0.36000000000000004,1.6907400000001114,90.0,90.0
5.0,0.0,90.0,0.0,193.84000000000015,205.43000000000012,43.0,46.0,0.5932967032967021,0.11800495033864425,0.0,0.0,0.0,1.7450304538177246,0.4675,0.9516129032258065,50.652,116.496,1.0,0.20360099006772886,-0.02902797605630267,0.0,0.0,106.0,15.0,22.0,20.0,0.0,0.0,1.0,0.0,0.0,0.0,0.0,0.0,0.0,0.0,0.0,0.0,1.0,54.76111111111111,1080.0,290.7975,0.5683123748562143,0.1111111111111111,0.3,1.6078100000000677,90.0,90.0
15.0,0.0,80.0,0.0,209.77000000000015,218.14750000000012,48.0,48.0,0.5880249999999964,0.137842817224547,0.0,0.0,0.0,1.3470057064876844,0.45,0.9047619047619048,67.32000000000001,154.908,1.0,0.2075685634449094,-0.019577371806481305,0.16666666666666666,0.0,115.0,15.0,22.0,20.0,0.0,0.0,1.0,0.0,0.0,0.0,0.0,1.0,0.0,0.0,0.0,0.0,0.0,62.84444444444444,400.0,370.90499999999986,0.28549222108289124,0.0,0.36000000000000004,2.1832300000004876,95.5,95.5
15.0,0.0,80.0,0.0,209.77000000000015,218.14750000000012,48.0,48.0,0.5880249999999964,0.137842817224547,0.0,0.0,0.0,1.3470057064876844,0.45,0.9047619047619048,67.32000000000001,154.908,1.0,0.2075685634449094,-0.019577371806481305,0.16666666666666666,0.0,115.0,15.0,22.0,20.0,0.0,0.0,1.0,0.0,0.0,0.0,0.0,0.0,1.0,0.0,0.0,0.0,0.0,58.46111111111111,960.0,354.0549999999999,0.3897463725882692,0.16666666666666666,0.6,1.752290000000289,95.5,95.5
15.0,0.0,80.0,0.0,209.77000000000015,218.14750000000012,48.0,48.0,0.5880249999999964,0.137842817224547,0.0,0.0,0.0,1.3470057064876844,0.45,0.9047619047619048,67.32000000000001,154.908,1.0,0.2075685634449094,-0.019577371806481305,0.16666666666666666,0.0,115.0,15.0,22.0,20.0,0.0,0.0,1.0,0.0,0.0,0.0,0.0,0.0,0.0,1.0,0.0,0.0,0.0,56.46666666666667,1320.0,327.8549999999999,0.5694718205014107,0.030303030303030304,0.7714285714285714,1.6865300000002272,95.5,95.5
15.0,0.0,80.0,0.0,209.77000000000015,218.14750000000012,48.0,48.0,0.5880249999999964,0.137842817224547,0.0,0.0,0.0,1.3470057064876844,0.45,0.9047619047619048,67.32000000000001,154.908,1.0,0.2075685634449094,-0.019577371806481305,0.16666666666666666,0.0,115.0,15.0,22.0,20.0,0.0,0.0,1.0,0.0,0.0,0.0,0.0,0.0,0.0,0.0,1.0,0.0,0.0,58.11944444444445,1000.0,347.90499999999986,0.5679370742403587,0.12,0.225,1.7951500000002998,95.5,95.5
15.0,0.0,80.0,0.0,209.77000000000015,218.14750000000012,48.0,48.0,0.5880249999999964,0.137842817224547,0.0,0.0,0.0,1.3470057064876844,0.45,0.9047619047619048,67.32000000000001,154.908,1.0,0.2075685634449094,-0.019577371806481305,0.16666666666666666,0.0,115.0,15.0,22.0,20.0,0.0,0.0,1.0,0.0,0.0,0.0,0.0,0.0,0.0,0.0,0.0,1.0,0.0,58.46111111111111,960.0,354.0549999999999,0.3895223691470744,0.16666666666666666,0.6,1.752290000000289,95.5,95.5
15.0,0.0,80.0,0.0,209.77000000000015,218.14750000000012,48.0,48.0,0.5880249999999964,0.137842817224547,0.0,0.0,0.0,1.3470057064876844,0.45,0.9047619047619048,67.32000000000001,154.908,1.0,0.2075685634449094,-0.019577371806481305,0.16666666666666666,0.0,115.0,15.0,22.0,20.0,0.0,0.0,1.0,0.0,0.0,0.0,0.0,0.0,0.0,0.0,0.0,0.0,1.0,57.42777777777778,1040.0,343.7549999999999,0.5609012294285509,0.07692307692307693,0.45,1.7642150000002847,95.5,95.5
30.0,0.0,65.0,0.0,245.52125000000007,223.94750000000013,55.0,50.0,2.1310648148148013,0.11665539539045626,0.0,0.0,0.0,1.6152566495581107,0.45,1.0,1.584,3.636,1.0,0.20333107907809125,0.04595353790854007,0.0,0.0,129.0,21.0,22.0,20.0,0.0,0.0,1.0,0.0,0.0,0.0,0.0,1.0,0.0,0.0,0.0,0.0,0.0,59.644444444444446,1200.0,327.20624999999995,1.0,0.06666666666666667,0.5142857142857142,1.5583550000003137,95.5,95.5
30.0,0.0,65.0,0.0,245.52125000000007,223.94750000000013,55.0,50.0,2.1310648148148013,0.11665539539045626,0.0,0.0,0.0,1.6152566495581107,0.45,1.0,1.584,3.636,1.0,0.20333107907809125,0.04595353790854007,0.0,0.0,129.0,21.0,22.0,20.0,0.0,0.0,1.0,0.0,0.0,0.0,0.0,0.0,1.0,0.0,0.0,0.0,0.0,62.25277777777778,720.0,367.1062499999998,0.38816467384279524,0.2222222222222222,0.6,2.0467250000005914,95.5,95.5
30.0,0.0,65.0,0.0,245.52125000000007,223.94750000000013,55.0,50.0,2.1310648148148013,0.11665539539045626,0.0,0.0,0.0,1.6152566495581107,0.45,1.0,1.584,3.636,1.0,0.20333107907809125,0.04595353790854007,0.0,0.0,129.0,21.0,22.0,20.0,0.0,0.0,1.0,0.0,0.0,0.0,0.0,0.0,0.0,1.0,0.0,0.0,0.0,57.71111111111111,1280.0,335.30625,0.6279759242109446,0.0625,0.5142857142857142,1.8646800000004586,95.5,95.5
30.0,0.0,65.0,0.0,245.52125000000007,223.94750000000013,55.0,50.0,2.1310648148148013,0.11665539539045626,0.0,0.0,0.0,1.6152566495581107,0.45,1.0,1.584,3.636,1.0,0.20333107907809125,0.04595353790854007,0.0,0.0,129.0,21.0,22.0,20.0,0.0,0.0,1.0,0.0,0.0,0.0,0.0,0.0,0.0,0.0,1.0,0.0,0.0,61.24166666666667,840.0,364.15624999999983,0.5661178632835752,0.23809523809523808,0.45,2.051335000000596,95.5,95.5
30.0,0.0,65.0,0.0,245.52125000000007,223.94750000000013,55.0,50.0,2.1310648148148013,0.11665539539045626,0.0,0.0,0.0,1.6152566495581107,0.45,1.0,1.584,3.636,1.0,0.20333107907809125,0.04595353790854007,0.0,0.0,129.0,21.0,22.0,20.0,0.0,0.0,1.0,0.0,0.0,0.0,0.0,0.0,0.0,0.0,0.0,1.0,0.0,62.25277777777778,720.0,367.1062499999998,0.38778733589784364,0.2222222222222222,0.6,2.0467250000005914,95.5,95.5
30.0,0.0,65.0,0.0,245.52125000000007,223.94750000000013,55.0,50.0,2.1310648148148013,0.11665539539045626,0.0,0.0,0.0,1.6152566495581107,0.45,1.0,1.584,3.636,1.0,0.20333107907809125,0.04595353790854007,0.0,0.0,129.0,21.0,22.0,20.0,0.0,0.0,1.0,0.0,0.0,0.0,0.0,0.0,0.0,0.0,0.0,0.0,1.0,62.725,720.0,367.1062499999998,0.5184864412417096,0.2222222222222222,0.6,2.128055000000627,95.5,95.5
85.0,0.0,10.0,0.0,298.77250000000004,263.73,68.0,59.0,1.0252499999999944,0.1498326338785207,0.0,0.0,0.0,1.5437239112432422,0.45,0.9482758620689655,50.076,115.272,1.0,0.20996652677570413,0.06229750089999603,0.0,0.0,165.0,35.0,22.0,20.0,0.0,0.0,1.0,0.0,0.0,0.0,0.0,1.0,0.0,0.0,0.0,0.0,0.0,77.26388888888889,160.0,415.11499999999955,0.4961703397514028,0.0,0.5142857142857142,3.2113199999981354,95.5,95.5
85.0,0.0,10.0,0.0,298.77250000000004,263.73,68.0,59.0,1.0252499999999944,0.1498326338785207,0.0,0.0,0.0,1.5437239112432422,0.45,0.9482758620689655,50.076,115.272,1.0,0.20996652677570413,0.06229750089999603,0.0,0.0,165.0,35.0,22.0,20.0,0.0,0.0,1.0,0.0,0.0,0.0,0.0,0.0,1.0,0.0,0.0,0.0,0.0,76.81944444444444,200.0,418.06499999999954,0.48129331574996786,0.6,0.6,3.094729999998286,95.5,95.5
85.0,0.0,10.0,0.0,298.77250000000004,263.73,68.0,59.0,1.0252499999999944,0.1498326338785207,0.0,0.0,0.0,1.5437239112432422,0.45,0.9482758620689655,50.076,115.272,1.0,0.20996652677570413,0.06229750089999603,0.0,0.0,165.0,35.0,22.0,20.0,0.0,0.0,1.0,0.0,0.0,0.0,0.0,0.0,0.0,1.0,0.0,0.0,0.0,73.41666666666667,480.0,398.4162499999999,0.5707861575785049,0.5,0.45,2.9518899999984916,95.5,95.5
85.0,0.0,10.0,0.0,298.77250000000004,263.73,68.0,59.0,1.0252499999999944,0.1498326338785207,0.0,0.0,0.0,1.5437239112432422,0.45,0.9482758620689655,50.076,115.272,1.0,0.20996652677570413,0.06229750089999603,0.0,0.0,165.0,35.0,22.0,20.0,0.0,0.0,1.0,0.0,0.0,0.0,0.0,0.0,0.0,0.0,1.0,0.0,0.0,76.29722222222222,240.0,407.76499999999965,0.4981032819989536,0.3333333333333333,0.5142857142857142,3.1497249999982317,95.5,95.5
85.0,0.0,10.0,0.0,298.77250000000004,263.73,68.0,59.0,1.0252499999999944,0.1498326338785207,0.0,0.0,0.0,1.5437239112432422,0.45,0.9482758620689655,50.076,115.272,1.0,0.20996652677570413,0.06229750089999603,0.0,0.0,165.0,35.0,22.0,20.0,0.0,0.0,1.0,0.0,0.0,0.0,0.0,0.0,0.0,0.0,0.0,1.0,0.0,76.81944444444444,200.0,418.06499999999954,0.48129331574996786,0.6,0.6,3.094729999998286,95.5,95.5
85.0,0.0,10.0,0.0,298.77250000000004,263.73,68.0,59.0,1.0252499999999944,0.1498326338785207,0.0,0.0,0.0,1.5437239112432422,0.45,0.9482758620689655,50.076,115.272,1.0,0.20996652677570413,0.06229750089999603,0.0,0.0,165.0,35.0,22.0,20.0,0.0,0.0,1.0,0.0,0.0,0.0,0.0,0.0,0.0,0.0,0.0,0.0,1.0,75.31944444444444,320.0,404.81499999999966,0.5354554099436472,0.25,0.675,3.096604999998317,95.5,95.5
85.0,0.0,10.0,0.0,298.77250000000004,263.73,68.0,59.0,1.0252499999999944,0.1498326338785207,0.0,0.0,0.0,1.5437239112432422,0.45,0.9482758620689655,50.076,115.272,1.0,0.20996652677570413,0.06229750089999603,0.0,0.0,165.0,35.0,22.0,20.0,0.0,0.0,1.0,0.0,0.0,0.0,0.0,1.0,0.0,0.0,0.0,0.0,0.0,77.26388888888889,160.0,415.11499999999955,0.4961703397514028,0.0,0.5142857142857142,3.2113199999981354,95.5,95.5
85.0,0.0,10.0,0.0,298.77250000000004,263.73,68.0,59.0,1.0252499999999944,0.1498326338785207,0.0,0.0,0.0,1.5437239112432422,0.45,0.9482758620689655,50.076,115.272,1.0,0.20996652677570413,0.06229750089999603,0.0,0.0,165.0,35.0,22.0,20.0,0.0,0.0,1.0,0.0,0.0,0.0,0.0,0.0,1.0,0.0,0.0,0.0,0.0,76.81944444444444,200.0,418.06499999999954,0.48129331574996786,0.6,0.6,3.094729999998286,95.5,95.5
85.0,0.0,10.0,0.0,298.77250000000004,263.73,68.0,59.0,1.0252499999999944,0.1498326338785207,0.0,0.0,0.0,1.5437239112432422,0.45,0.9482758620689655,50.076,115.272,1.0,0.20996652677570413,0.06229750089999603,0.0,0.0,165.0,35.0,22.0,20.0,0.0,0.0,1.0,0.0,0.0,0.0,0.0,0.0,0.0,1.0,0.0,0.0,0.0,73.41666666666667,480.0,398.4162499999999,0.5707861575785049,0.5,0.45,2.9518899999984916,95.5,95.5
85.0,0.0,10.0,0.0,298.77250000000004,263.73,68.0,59.0,1.0252499999999944,0.1498326338785207,0.0,0.0,0.0,1.5437239112432422,0.45,0.9482758620689655,50.076,115.272,1.0,0.20996652677570413,0.06229750089999603,0.0,0.0,165.0,35.0,22.0,20.0,0.0,0.0,1.0,0.0,0.0,0.0,0.0,0.0,0.0,0.0,1.0,0.0,0.0,76.29722222222222,240.0,407.76499999999965,0.4981032819989536,0.3333333333333333,0.5142857142857142,3.1497249999982317,95.5,95.5
85.0,0.0,10.0,0.0,298.77250000000004,263.73,68.0,59.0,1.0252499999999944,0.1498326338785207,0.0,0.0,0.0,1.5437239112432422,0.45,0.9482758620689655,50.076,115.272,1.0,0.20996652677570413,0.06229750089999603,0.0,0.0,165.0,35.0,22.0,20.0,0.0,0.0,1.0,0.0,0.0,0.0,0.0,0.0,0.0,0.0,0.0,1.0,0.0,76.81944444444444,200.0,418.06499999999954,0.48129331574996786,0.6,0.6,3.094729999998286,95.5,95.5
85.0,0.0,10.0,0.0,298.77250000000004,263.73,68.0,59.0,1.0252499999999944,0.1498326338785207,0.0,0.0,0.0,1.5437239112432422,0.45,0.9482758620689655,50.076,115.272,1.0,0.20996652677570413,0.06229750089999603,0.0,0.0,165.0,35.0,22.0,20.0,0.0,0.0,1.0,0.0,0.0,0.0,0.0,0.0,0.0,0.0,0.0,0.0,1.0,75.31944444444444,320.0,404.81499999999966,0.5354554099436472,0.25,0.675,3.096604999998317,95.5,95.5
85.0,0.0,10.0,0.0,298.77250000000004,263.73,68.0,59.0,1.0252499999999944,0.1498326338785207,0.0,0.0,0.0,1.5437239112432422,0.45,0.9482758620689655,50.076,115.272,1.0,0.20996652677570413,0.06229750089999603,0.0,0.0,165.0,35.0,22.0,20.0,0.0,0.0,1.0,0.0,0.0,0.0,0.0,1.0,0.0,0.0,0.0,0.0,0.0,77.26388888888889,160.0,415.11499999999955,0.4961703397514028,0.0,0.5142857142857142,3.2113199999981354,95.5,95.5
85.0,0.0,10.0,0.0,298.77250000000004,263.73,68.0,59.0,1.0252499999999944,0.1498326338785207,0.0,0.0,0.0,1.5437239112432422,0.45,0.9482758620689655,50.076,115.272,1.0,0.20996652677570413,0.06229750089999603,0.0,0.0,165.0,35.0,22.0,20.0,0.0,0.0,1.0,0.0,0.0,0.0,0.0,0.0,1.0,0.0,0.0,0.0,0.0,76.81944444444444,200.0,418.06499999999954,0.48129331574996786,0.6,0.6,3.094729999998286,95.5,95.5
85.0,0.0,10.0,0.0,298.77250000000004,263.73,68.0,59.0,1.0252499999999944,0.1498326338785207,0.0,0.0,0.0,1.5437239112432422,0.45,0.9482758620689655,50.076,115.272,1.0,0.20996652677570413,0.06229750089999603,0.0,0.0,165.0,35.0,22.0,20.0,0.0,0.0,1.0,0.0,0.0,0.0,0.0,0.0,0.0,1.0,0.0,0.0,0.0,73.41666666666667,480.0,398.4162499999999,0.5707861575785049,0.5,0.45,2.9518899999984916,95.5,95.5
85.0,0.0,10.0,0.0,298.77250000000004,263.73,68.0,59.0,1.0252499999999944,0.1498326338785207,0.0,0.0,0.0,1.5437239112432422,0.45,0.9482758620689655,50.076,115.272,1.0,0.20996652677570413,0.06229750089999603,0.0,0.0,165.0,35.0,22.0,20.0,0.0,0.0,1.0,0.0,0.0,0.0,0.0,0.0,0.0,0.0,1.0,0.0,0.0,76.29722222222222,240.0,407.76499999999965,0.4981032819989536,0.3333333333333333,0.5142857142857142,3.1497249999982317,95.5,95.5
85.0,0.0,10.0,0.0,298.77250000000004,263.73,68.0,59.0,1.0252499999999944,0.1498326338785207,0.0,0.0,0.0,1.5437239112432422,0.45,0.9482758620689655,50.076,115.272,1.0,0.20996652677570413,0.06229750089999603,0.0,0.0,165.0,35.0,22.0,20.0,0.0,0.0,1.0,0.0,0.0,0.0,0.0,0.0,0.0,0.0,0.0,1.0,0.0,76.81944444444444,200.0,418.06499999999954,0.48129331574996786,0.6,0.6,3.094729999998286,95.5,95.5
85.0,0.0,10.0,0.0,298.77250000000004,263.73,68.0,59.0,1.0252499999999944,0.1498326338785207,0.0,0.0,0.0,1.5437239112432422,0.45,0.9482758620689655,50.076,115.272,1.0,0.20996652677570413,0.06229750089999603,0.0,0.0,165.0,35.0,22.0,20.0,0.0,0.0,1.0,0.0,0.0,0.0,0.0,0.0,0.0,0.0,0.0,0.0,1.0,75.31944444444444,320.0,404.81499999999966,0.5354554099436472,0.25,0.675,3.096604999998317,95.5,95.5
5.0,0.0,0.0,0.0,500.1324999999992,481.0487499999995,112.0,105.0,1.267659817351578,0.21979190411751257,0.0,0.2571428571428571,0.0,1.2617099604337554,0.5189285714285714,0.9230769230769231,89.496,205.95600000000002,0.0,0.08767266653778823,0.019449770366076348,0.14285714285714285,0.0,259.0,40.0,22.0,20.0,0.0,0.0,1.0,0.0,0.0,0.0,0.0,1.0,0.0,0.0,0.0,0.0,0.0,109.975,1760.0,557.9103865466802,1.0,0.045454545454545456,0.5142857142857142,0.572374999999461,90.0,90.0
5.0,0.0,0.0,0.0,500.1324999999992,481.0487499999995,112.0,105.0,1.267659817351578,0.21979190411751257,0.0,0.2571428571428571,0.0,1.2617099604337554,0.5189285714285714,0.9230769230769231,89.496,205.95600000000002,0.0,0.08767266653778823,0.019449770366076348,0.14285714285714285,0.0,259.0,40.0,22.0,20.0,0.0,0.0,1.0,0.0,0.0,0.0,0.0,0.0,1.0,0.0,0.0,0.0,0.0,118.07222222222222,800.0,617.4149999999988,0.5578528410006616,0.1,0.5142857142857142,3.7445450000113034,90.0,90.0
5.0,0.0,0.0,0.0,500.1324999999992,481.0487499999995,112.0,105.0,1.267659817351578,0.21979190411751257,0.0,0.2571428571428571,0.0,1.2617099604337554,0.5189285714285714,0.9230769230769231,89.496,205.95600000000002,0.0,0.08767266653778823,0.019449770366076348,0.14285714285714285,0.0,259.0,40.0,22.0,20.0,0.0,0.0,1.0,0.0,0.0,0.0,0.0,0.0,0.0,1.0,0.0,0.0,0.0,115.93611111111112,1120.0,614.2149999999987,0.5651100539898365,0.14285714285714285,0.6,3.638415000010971,90.0,90.0
5.0,0.0,0.0,0.0,500.1324999999992,481.0487499999995,112.0,105.0,1.267659817351578,0.21979190411751257,0.0,0.2571428571428571,0.0,1.2617099604337554,0.5189285714285714,0.9230769230769231,89.496,205.95600000000002,0.0,0.08767266653778823,0.019449770366076348,0.14285714285714285,0.0,259.0,40.0,22.0,20.0,0.0,0.0,1.0,0.0,0.0,0.0,0.0,0.0,0.0,0.0,1.0,0.0,0.0,117.36944444444444,1000.0,626.4649999999989,0.5627046252927682,0.28,0.3,3.667880000010971,90.0,90.0
5.0,0.0,0.0,0.0,500.1324999999992,481.0487499999995,112.0,105.0,1.267659817351578,0.21979190411751257,0.0,0.2571428571428571,0.0,1.2617099604337554,0.5189285714285714,0.9230769230769231,89.496,205.95600000000002,0.0,0.08767266653778823,0.019449770366076348,0.14285714285714285,0.0,259.0,40.0,22.0,20.0,0.0,0.0,1.0,0.0,0.0,0.0,0.0,0.0,0.0,0.0,0.0,1.0,0.0,114.45833333333333,1200.0,572.0774999999988,0.7522310227875422,0.4,0.5142857142857142,3.4011100000100374,90.0,90.0
5.0,0.0,0.0,0.0,500.1324999999992,481.0487499999995,112.0,105.0,1.267659817351578,0.21979190411751257,0.0,0.2571428571428571,0.0,1.2617099604337554,0.5189285714285714,0.9230769230769231,89.496,205.95600000000002,0.0,0.08767266653778823,0.019449770366076348,0.14285714285714285,0.0,259.0,40.0,22.0,20.0,0.0,0.0,1.0,0.0,0.0,0.0,0.0,0.0,0.0,0.0,0.0,0.0,1.0,117.26944444444445,880.0,617.4149999999988,0.4573796497790965,0.0,0.3,3.691915000011109,90.0,90.0
15.0,0.0,0.0,0.0,507.8099999999992,496.8099999999994,115.0,108.0,0.07741111111111094,0.2150955702619911,0.0,0.0,0.0,1.3808719972140038,0.45,0.9279279279279279,188.064,432.82800000000003,0.0,0.04301911405239822,0.01094941370866581,0.1111111111111111,0.0,267.0,42.0,22.0,20.0,0.0,0.0,1.0,0.0,0.0,0.0,0.0,1.0,0.0,0.0,0.0,0.0,0.0,112.18611111111112,1720.0,568.9637499999984,1.0,0.11627906976744186,0.3,1.0638000000027779,90.0,90.0
15.0,0.0,0.0,0.0,507.8099999999992,496.8099999999994,115.0,108.0,0.07741111111111094,0.2150955702619911,0.0,0.0,0.0,1.3808719972140038,0.45,0.9279279279279279,188.064,432.82800000000003,0.0,0.04301911405239822,0.01094941370866581,0.1111111111111111,0.0,267.0,42.0,22.0,20.0,0.0,0.0,1.0,0.0,0.0,0.0,0.0,0.0,1.0,0.0,0.0,0.0,0.0,119.95555555555555,840.0,637.7587499999987,0.5735484415755557,0.047619047619047616,0.5142857142857142,3.8682950000135436,90.0,90.0
15.0,0.0,0.0,0.0,507.8099999999992,496.8099999999994,115.0,108.0,0.07741111111111094,0.2150955702619911,0.0,0.0,0.0,1.3808719972140038,0.45,0.9279279279279279,188.064,432.82800000000003,0.0,0.04301911405239822,0.01094941370866581,0.1111111111111111,0.0,267.0,42.0,22.0,20.0,0.0,0.0,1.0,0.0,0.0,0.0,0.0,0.0,0.0,1.0,0.0,0.0,0.0,118.4888888888889,1040.0,626.3424999999987,0.6501709261885131,0.07692307692307693,0.36000000000000004,3.7495400000131918,90.0,90.0
15.0,0.0,0.0,0.0,507.8099999999992,496.8099999999994,115.0,108.0,0.07741111111111094,0.2150955702619911,0.0,0.0,0.0,1.3808719972140038,0.45,0.9279279279279279,188.064,432.82800000000003,0.0,0.04301911405239822,0.01094941370866581,0.1111111111111111,0.0,267.0,42.0,22.0,20.0,0.0,0.0,1.0,0.0,0.0,0.0,0.0,0.0,0.0,0.0,1.0,0.0,0.0,119.4888888888889,960.0,637.7587499999987,0.5614954424179736,0.16666666666666666,0.3,3.861290000013553,90.0,90.0
15.0,0.0,0.0,0.0,507.8099999999992,496.8099999999994,115.0,108.0,0.07741111111111094,0.2150955702619911,0.0,0.0,0.0,1.3808719972140038,0.45,0.9279279279279279,188.064,432.82800000000003,0.0,0.04301911405239822,0.01094941370866581,0.1111111111111111,0.0,267.0,42.0,22.0,20.0,0.0,0.0,1.0,0.0,0.0,0.0,0.0,0.0,0.0,0.0,0.0,1.0,0.0,119.95555555555555,840.0,637.7587499999987,0.5731229565790706,0.047619047619047616,0.5142857142857142,3.8682950000135436,90.0,90.0
15.0,0.0,0.0,0.0,507.8099999999992,496.8099999999994,115.0,108.0,0.07741111111111094,0.2150955702619911,0.0,0.0,0.0,1.3808719972140038,0.45,0.9279279279279279,188.064,432.82800000000003,0.0,0.04301911405239822,0.01094941370866581,0.1111111111111111,0.0,267.0,42.0,22.0,20.0,0.0,0.0,1.0,0.0,0.0,0.0,0.0,0.0,0.0,0.0,0.0,0.0,1.0,120.10833333333333,800.0,637.7587499999987,0.5721505137093625,0.1,0.45,3.8224200000133743,90.0,90.0
30.0,0.0,0.0,0.0,526.2299999999991,502.25999999999937,118.0,109.0,0.7688695652174276,0.1326842652940794,0.0,0.0,0.0,1.8496187457371842,0.45,0.926605504587156,95.43599999999999,219.636,0.0,0.026536853058815882,0.02330601172592809,0.0,0.0,276.0,46.0,22.0,20.0,0.0,0.0,1.0,0.0,0.0,0.0,0.0,1.0,0.0,0.0,0.0,0.0,0.0,125.88333333333334,400.0,682.6088763537483,1.0,0.4,0.5142857142857142,4.612255000017836,90.0,90.0
30.0,0.0,0.0,0.0,526.2299999999991,502.25999999999937,118.0,109.0,0.7688695652174276,0.1326842652940794,0.0,0.0,0.0,1.8496187457371842,0.45,0.926605504587156,95.43599999999999,219.636,0.0,0.026536853058815882,0.02330601172592809,0.0,0.0,276.0,46.0,22.0,20.0,0.0,0.0,1.0,0.0,0.0,0.0,0.0,0.0,1.0,0.0,0.0,0.0,0.0,123.15277777777777,919.9999999999999,662.168749999999,0.5735484415755557,0.30434782608695654,0.6,3.9653500000153805,90.0,90.0
30.0,0.0,0.0,0.0,526.2299999999991,502.25999999999937,118.0,109.0,0.7688695652174276,0.1326842652940794,0.0,0.0,0.0,1.8496187457371842,0.45,0.926605504587156,95.43599999999999,219.636,0.0,0.026536853058815882,0.02330601172592809,0.0,0.0,276.0,46.0,22.0,20.0,0.0,0.0,1.0,0.0,0.0,0.0,0.0,0.0,0.0,1.0,0.0,0.0,0.0,121.25277777777778,1080.0,642.8337499999991,0.6548701365650741,0.18518518518518517,0.36000000000000004,3.773140000014717,90.0,90.0
30.0,0.0,0.0,0.0,526.2299999999991,502.25999999999937,118.0,109.0,0.7688695652174276,0.1326842652940794,0.0,0.0,0.0,1.8496187457371842,0.45,0.926605504587156,95.43599999999999,219.636,0.0,0.026536853058815882,0.02330601172592809,0.0,0.0,276.0,46.0,22.0,20.0,0.0,0.0,1.0,0.0,0.0,0.0,0.0,0.0,0.0,0.0,1.0,0.0,0.0,122.48055555555555,919.9999999999999,664.463749999999,0.5639607272498406,0.391304347826087,0.36000000000000004,3.9702100000154292,90.0,90.0
30.0,0.0,0.0,0.0,526.2299999999991,502.25999999999937,118.0,109.0,0.7688695652174276,0.1326842652940794,0.0,0.0,0.0,1.8496187457371842,0.45,0.926605504587156,95.43599999999999,219.636,0.0,0.026536853058815882,0.02330601172592809,0.0,0.0,276.0,46.0,22.0,20.0,0.0,0.0,1.0,0.0,0.0,0.0,0.0,0.0,0.0,0.0,0.0,1.0,0.0,123.15277777777777,919.9999999999999,662.168749999999,0.5731229565790706,0.30434782608695654,0.6,3.9653500000153805,90.0,90.0
30.0,0.0,0.0,0.0,526.2299999999991,502.25999999999937,118.0,109.0,0.7688695652174276,0.1326842652940794,0.0,0.0,0.0,1.8496187457371842,0.45,0.926605504587156,95.43599999999999,219.636,0.0,0.026536853058815882,0.02330601172592809,0.0,0.0,276.0,46.0,22.0,20.0,0.0,0.0,1.0,0.0,0.0,0.0,0.0,0.0,0.0,0.0,0.0,0.0,1.0,123.42222222222222,840.0,655.263749999999,0.6457206119057878,0.23809523809523808,0.45,3.9562250000153387,90.0,90.0
120.0,0.0,0.0,0.0,659.669999999999,581.703749999999,147.0,124.0,0.061785714285714104,0.2278975294216134,0.0,0.0,0.0,1.3731756215490536,0.45,0.9144981412639405,231.48,532.8720000000001,0.0,0.045579505884322684,0.06280642715378845,0.5,0.0,342.0,69.0,22.0,20.0,0.0,0.0,1.0,0.0,0.0,0.0,0.0,1.0,0.0,0.0,0.0,0.0,0.0,141.1,1520.0,714.9034999999992,1.0,0.05263157894736842,0.0,0.48971500000194546,90.0,90.0
120.0,0.0,0.0,0.0,659.669999999999,581.703749999999,147.0,124.0,0.061785714285714104,0.2278975294216134,0.0,0.0,0.0,1.3731756215490536,0.45,0.9144981412639405,231.48,532.8720000000001,0.0,0.045579505884322684,0.06280642715378845,0.5,0.0,342.0,69.0,22.0,20.0,0.0,0.0,1.0,0.0,0.0,0.0,0.0,0.0,1.0,0.0,0.0,0.0,0.0,147.1472222222222,919.9999999999999,729.8062499999994,0.5552605934580345,0.30434782608695654,0.7200000000000001,4.373050000012288,90.0,90.0
120.0,0.0,0.0,0.0,659.669999999999,581.703749999999,147.0,124.0,0.061785714285714104,0.2278975294216134,0.0,0.0,0.0,1.3731756215490536,0.45,0.9144981412639405,231.48,532.8720000000001,0.0,0.045579505884322684,0.06280642715378845,0.5,0.0,342.0,69.0,22.0,20.0,0.0,0.0,1.0,0.0,0.0,0.0,0.0,0.0,0.0,1.0,0.0,0.0,0.0,143.6861111111111,1480.0,724.2887499999995,0.5745389870999945,0.02702702702702703,0.7200000000000001,4.039370000013612,90.0,90.0
120.0,0.0,0.0,0.0,659.669999999999,581.703749999999,147.0,124.0,0.061785714285714104,0.2278975294216134,0.0,0.0,0.0,1.3731756215490536,0.45,0.9144981412639405,231.48,532.8720000000001,0.0,0.045579505884322684,0.06280642715378845,0.5,0.0,342.0,69.0,22.0,20.0,0.0,0.0,1.0,0.0,0.0,0.0,0.0,0.0,0.0,0.0,1.0,0.0,0.0,147.65,880.0,746.6612499999997,0.3906178673234311,0.09090909090909091,0.6,4.525920000011606,90.0,90.0
120.0,0.0,0.0,0.0,659.669999999999,581.703749999999,147.0,124.0,0.061785714285714104,0.2278975294216134,0.0,0.0,0.0,1.3731756215490536,0.45,0.9144981412639405,231.48,532.8720000000001,0.0,0.045579505884322684,0.06280642715378845,0.5,0.0,342.0,69.0,22.0,20.0,0.0,0.0,1.0,0.0,0.0,0.0,0.0,0.0,0.0,0.0,0.0,1.0,0.0,147.1472222222222,919.9999999999999,729.8062499999994,0.5549326722222354,0.30434782608695654,0.7200000000000001,4.373050000012288,90.0,90.0
120.0,0.0,0.0,0.0,659.669999999999,581.703749999999,147.0,124.0,0.061785714285714104,0.2278975294216134,0.0,0.0,0.0,1.3731756215490536,0.45,0.9144981412639405,231.48,532.8720000000001,0.0,0.045579505884322684,0.06280642715378845,0.5,0.0,342.0,69.0,22.0,20.0,0.0,0.0,1.0,0.0,0.0,0.0,0.0,0.0,0.0,0.0,0.0,0.0,1.0,146.15277777777777,1040.0,740.9987499999996,0.5702109487031094,0.0,0.3,4.2446400000127795,90.0,90.0
120.0,0.0,0.0,0.0,659.669999999999,581.703749999999,147.0,124.0,0.061785714285714104,0.2278975294216134,0.0,0.0,0.0,1.3731756215490536,0.45,0.9144981412639405,231.48,532.8720000000001,0.0,0.045579505884322684,0.06280642715378845,0.5,0.0,342.0,69.0,22.0,20.0,0.0,0.0,1.0,0.0,0.0,0.0,0.0,1.0,0.0,0.0,0.0,0.0,0.0,141.1,1520.0,714.9034999999992,1.0,0.05263157894736842,0.0,0.48971500000194546,90.0,90.0
120.0,0.0,0.0,0.0,659.669999999999,581.703749999999,147.0,124.0,0.061785714285714104,0.2278975294216134,0.0,0.0,0.0,1.3731756215490536,0.45,0.9144981412639405,231.48,532.8720000000001,0.0,0.045579505884322684,0.06280642715378845,0.5,0.0,342.0,69.0,22.0,20.0,0.0,0.0,1.0,0.0,0.0,0.0,0.0,0.0,1.0,0.0,0.0,0.0,0.0,147.1472222222222,919.9999999999999,729.8062499999994,0.5552605934580345,0.30434782608695654,0.7200000000000001,4.373050000012288,90.0,90.0
120.0,0.0,0.0,0.0,659.669999999999,581.703749999999,147.0,124.0,0.061785714285714104,0.2278975294216134,0.0,0.0,0.0,1.3731756215490536,0.45,0.9144981412639405,231.48,532.8720000000001,0.0,0.045579505884322684,0.06280642715378845,0.5,0.0,342.0,69.0,22.0,20.0,0.0,0.0,1.0,0.0,0.0,0.0,0.0,0.0,0.0,1.0,0.0,0.0,0.0,143.6861111111111,1480.0,724.2887499999995,0.5745389870999945,0.02702702702702703,0.7200000000000001,4.039370000013612,90.0,90.0
120.0,0.0,0.0,0.0,659.669999999999,581.703749999999,147.0,124.0,0.061785714285714104,0.2278975294216134,0.0,0.0,0.0,1.3731756215490536,0.45,0.9144981412639405,231.48,532.8720000000001,0.0,0.045579505884322684,0.06280642715378845,0.5,0.0,342.0,69.0,22.0,20.0,0.0,0.0,1.0,0.0,0.0,0.0,0.0,0.0,0.0,0.0,1.0,0.0,0.0,147.65,880.0,746.6612499999997,0.3906178673234311,0.09090909090909091,0.6,4.525920000011606,90.0,90.0
120.0,0.0,0.0,0.0,659.669999999999,581.703749999999,147.0,124.0,0.061785714285714104,0.2278975294216134,0.0,0.0,0.0,1.3731756215490536,0.45,0.9144981412639405,231.48,532.8720000000001,0.0,0.045579505884322684,0.06280642715378845,0.5,0.0,342.0,69.0,22.0,20.0,0.0,0.0,1.0,0.0,0.0,0.0,0.0,0.0,0.0,0.0,0.0,1.0,0.0,147.1472222222222,919.9999999999999,729.8062499999994,0.5549326722222354,0.30434782608695654,0.7200000000000001,4.373050000012288,90.0,90.0
120.0,0.0,0.0,0.0,659.669999999999,581.703749999999,147.0,124.0,0.061785714285714104,0.2278975294216134,0.0,0.0,0.0,1.3731756215490536,0.45,0.9144981412639405,231.48,532.8720000000001,0.0,0.045579505884322684,0.06280642715378845,0.5,0.0,342.0,69.0,22.0,20.0,0.0,0.0,1.0,0.0,0.0,0.0,0.0,0.0,0.0,0.0,0.0,0.0,1.0,146.15277777777777,1040.0,740.9987499999996,0.5702109487031094,0.0,0.3,4.2446400000127795,90.0,90.0
120.0,0.0,0.0,0.0,659.669999999999,581.703749999999,147.0,124.0,0.061785714285714104,0.2278975294216134,0.0,0.0,0.0,1.3731756215490536,0.45,0.9144981412639405,231.48,532.8720000000001,0.0,0.045579505884322684,0.06280642715378845,0.5,0.0,342.0,69.0,22.0,20.0,0.0,0.0,1.0,0.0,0.0,0.0,0.0,1.0,0.0,0.0,0.0,0.0,0.0,141.1,1520.0,714.9034999999992,1.0,0.05263157894736842,0.0,0.48971500000194546,90.0,90.0
120.0,0.0,0.0,0.0,659.669999999999,581.703749999999,147.0,124.0,0.061785714285714104,0.2278975294216134,0.0,0.0,0.0,1.3731756215490536,0.45,0.9144981412639405,231.48,532.8720000000001,0.0,0.045579505884322684,0.06280642715378845,0.5,0.0,342.0,69.0,22.0,20.0,0.0,0.0,1.0,0.0,0.0,0.0,0.0,0.0,1.0,0.0,0.0,0.0,0.0,147.1472222222222,919.9999999999999,729.8062499999994,0.5552605934580345,0.30434782608695654,0.7200000000000001,4.373050000012288,90.0,90.0
120.0,0.0,0.0,0.0,659.669999999999,581.703749999999,147.0,124.0,0.061785714285714104,0.2278975294216134,0.0,0.0,0.0,1.3731756215490536,0.45,0.9144981412639405,231.48,532.8720000000001,0.0,0.045579505884322684,0.06280642715378845,0.5,0.0,342.0,69.0,22.0,20.0,0.0,0.0,1.0,0.0,0.0,0.0,0.0,0.0,0.0,1.0,0.0,0.0,0.0,143.6861111111111,1480.0,724.2887499999995,0.5745389870999945,0.02702702702702703,0.7200000000000001,4.039370000013612,90.0,90.0
120.0,0.0,0.0,0.0,659.669999999999,581.703749999999,147.0,124.0,0.061785714285714104,0.2278975294216134,0.0,0.0,0.0,1.3731756215490536,0.45,0.9144981412639405,231.48,532.8720000000001,0.0,0.045579505884322684,0.06280642715378845,0.5,0.0,342.0,69.0,22.0,20.0,0.0,0.0,1.0,0.0,0.0,0.0,0.0,0.0,0.0,0.0,1.0,0.0,0.0,147.65,880.0,746.6612499999997,0.3906178673234311,0.09090909090909091,0.6,4.525920000011606,90.0,90.0
120.0,0.0,0.0,0.0,659.669999999999,581.703749999999,147.0,124.0,0.061785714285714104,0.2278975294216134,0.0,0.0,0.0,1.3731756215490536,0.45,0.9144981412639405,231.48,532.8720000000001,0.0,0.045579505884322684,0.06280642715378845,0.5,0.0,342.0,69.0,22.0,20.0,0.0,0.0,1.0,0.0,0.0,0.0,0.0,0.0,0.0,0.0,0.0,1.0,0.0,147.1472222222222,919.9999999999999,729.8062499999994,0.5549326722222354,0.30434782608695654,0.7200000000000001,4.373050000012288,90.0,90.0
120.0,0.0,0.0,0.0,659.669999999999,581.703749999999,147.0,124.0,0.061785714285714104,0.2278975294216134,0.0,0.0,0.0,1.3731756215490536,0.45,0.9144981412639405,231.48,532.8720000000001,0.0,0.045579505884322684,0.06280642715378845,0.5,0.0,342.0,69.0,22.0,20.0,0.0,0.0,1.0,0.0,0.0,0.0,0.0,0.0,0.0,0.0,0.0,0.0,1.0,146.15277777777777,1040.0,740.9987499999996,0.5702109487031094,0.0,0.3,4.2446400000127795,90.0,90.0
240.0,0.0,0.0,0.0,718.4149999999995,732.5299999999994,158.0,156.0,1.056658805031241,0.14464147490551374,0.0,0.0,0.0,1.5362710839547074,0.45,0.9338842975206612,211.536,486.90000000000003,0.0,0.028928294981102748,-0.009728142693210222,0.0,0.0,419.0,101.0,22.0,20.0,0.0,0.0,1.0,0.0,0.0,0.0,0.0,1.0,0.0,0.0,0.0,0.0,0.0,166.2625,540.0,804.4137500000002,0.41000699819067543,0.1111111111111111,0.9,3.9286249999833025,60.0,60.0
240.0,0.0,0.0,0.0,718.4149999999995,732.5299999999994,158.0,156.0,1.056658805031241,0.14464147490551374,0.0,0.0,0.0,1.5362710839547074,0.45,0.9338842975206612,211.536,486.90000000000003,0.0,0.028928294981102748,-0.009728142693210222,0.0,0.0,419.0,101.0,22.0,20.0,0.0,0.0,1.0,0.0,0.0,0.0,0.0,0.0,1.0,0.0,0.0,0.0,0.0,163.20416666666668,1140.0,781.7137500000001,0.38891583950913805,0.05263157894736842,0.45,3.291794999986106,60.0,60.0
240.0,0.0,0.0,0.0,718.4149999999995,732.5299999999994,158.0,156.0,1.056658805031241,0.14464147490551374,0.0,0.0,0.0,1.5362710839547074,0.45,0.9338842975206612,211.536,486.90000000000003,0.0,0.028928294981102748,-0.009728142693210222,0.0,0.0,419.0,101.0,22.0,20.0,0.0,0.0,1.0,0.0,0.0,0.0,0.0,0.0,0.0,1.0,0.0,0.0,0.0,161.3625,1500.0,769.8899999999995,0.5676652304440167,0.12,0.5142857142857142,3.1405549999867155,60.0,60.0
240.0,0.0,0.0,0.0,718.4149999999995,732.5299999999994,158.0,156.0,1.056658805031241,0.14464147490551374,0.0,0.0,0.0,1.5362710839547074,0.45,0.9338842975206612,211.536,486.90000000000003,0.0,0.028928294981102748,-0.009728142693210222,0.0,0.0,419.0,101.0,22.0,20.0,0.0,0.0,1.0,0.0,0.0,0.0,0.0,0.0,0.0,0.0,1.0,0.0,0.0,163.22083333333333,1140.0,787.0637500000001,0.3895258187443042,0.2631578947368421,0.225,3.403744999985623,60.0,60.0
240.0,0.0,0.0,0.0,718.4149999999995,732.5299999999994,158.0,156.0,1.056658805031241,0.14464147490551374,0.0,0.0,0.0,1.5362710839547074,0.45,0.9338842975206612,211.536,486.90000000000003,0.0,0.028928294981102748,-0.009728142693210222,0.0,0.0,419.0,101.0,22.0,20.0,0.0,0.0,1.0,0.0,0.0,0.0,0.0,0.0,0.0,0.0,0.0,1.0,0.0,163.20416666666668,1140.0,781.7137500000001,0.3887028756026356,0.05263157894736842,0.45,3.291794999986106,60.0,60.0
240.0,0.0,0.0,0.0,718.4149999999995,732.5299999999994,158.0,156.0,1.056658805031241,0.14464147490551374,0.0,0.0,0.0,1.5362710839547074,0.45,0.9338842975206612,211.536,486.90000000000003,0.0,0.028928294981102748,-0.009728142693210222,0.0,0.0,419.0,101.0,22.0,20.0,0.0,0.0,1.0,0.0,0.0,0.0,0.0,0.0,0.0,0.0,0.0,0.0,1.0,162.91666666666666,1140.0,790.0137500000001,0.4487889775700373,0.2631578947368421,0.36000000000000004,3.349464999985887,60.0,60.0
240.0,0.0,0.0,0.0,718.4149999999995,732.5299999999994,158.0,156.0,1.056658805031241,0.14464147490551374,0.0,0.0,0.0,1.5362710839547074,0.45,0.9338842975206612,211.536,486.90000000000003,0.0,0.028928294981102748,-0.009728142693210222,0.0,0.0,419.0,101.0,22.0,20.0,0.0,0.0,1.0,0.0,0.0,0.0,0.0,1.0,0.0,0.0,0.0,0.0,0.0,166.2625,540.0,804.4137500000002,0.41000699819067543,0.1111111111111111,0.9,3.9286249999833025,60.0,60.0
240.0,0.0,0.0,0.0,718.4149999999995,732.5299999999994,158.0,156.0,1.056658805031241,0.14464147490551374,0.0,0.0,0.0,1.5362710839547074,0.45,0.9338842975206612,211.536,486.90000000000003,0.0,0.028928294981102748,-0.009728142693210222,0.0,0.0,419.0,101.0,22.0,20.0,0.0,0.0,1.0,0.0,0.0,0.0,0.0,0.0,1.0,0.0,0.0,0.0,0.0,163.20416666666668,1140.0,781.7137500000001,0.38891583950913805,0.05263157894736842,0.45,3.291794999986106,60.0,60.0
240.0,0.0,0.0,0.0,718.4149999999995,732.5299999999994,158.0,156.0,1.056658805031241,0.14464147490551374,0.0,0.0,0.0,1.5362710839547074,0.45,0.9338842975206612,211.536,486.90000000000003,0.0,0.028928294981102748,-0.009728142693210222,0.0,0.0,419.0,101.0,22.0,20.0,0.0,0.0,1.0,0.0,0.0,0.0,0.0,0.0,0.0,1.0,0.0,0.0,0.0,161.3625,1500.0,769.8899999999995,0.5676652304440167,0.12,0.5142857142857142,3.1405549999867155,60.0,60.0
240.0,0.0,0.0,0.0,718.4149999999995,732.5299999999994,158.0,156.0,1.056658805031241,0.14464147490551374,0.0,0.0,0.0,1.5362710839547074,0.45,0.9338842975206612,211.536,486.90000000000003,0.0,0.028928294981102748,-0.009728142693210222,0.0,0.0,419.0,101.0,22.0,20.0,0.0,0.0,1.0,0.0,0.0,0.0,0.0,0.0,0.0,0.0,1.0,0.0,0.0,163.22083333333333,1140.0,787.0637500000001,0.3895258187443042,0.2631578947368421,0.225,3.403744999985623,60.0,60.0
240.0,0.0,0.0,0.0,718.4149999999995,732.5299999999994,158.0,156.0,1.056658805031241,0.14464147490551374,0.0,0.0,0.0,1.5362710839547074,0.45,0.9338842975206612,211.536,486.90000000000003,0.0,0.028928294981102748,-0.009728142693210222,0.0,0.0,419.0,101.0,22.0,20.0,0.0,0.0,1.0,0.0,0.0,0.0,0.0,0.0,0.0,0.0,0.0,1.0,0.0,163.20416666666668,1140.0,781.7137500000001,0.3887028756026356,0.05263157894736842,0.45,3.291794999986106,60.0,60.0
240.0,0.0,0.0,0.0,718.4149999999995,732.5299999999994,158.0,156.0,1.056658805031241,0.14464147490551374,0.0,0.0,0.0,1.5362710839547074,0.45,0.9338842975206612,211.536,486.90000000000003,0.0,0.028928294981102748,-0.009728142693210222,0.0,0.0,419.0,101.0,22.0,20.0,0.0,0.0,1.0,0.0,0.0,0.0,0.0,0.0,0.0,0.0,0.0,0.0,1.0,162.91666666666666,1140.0,790.0137500000001,0.4487889775700373,0.2631578947368421,0.36000000000000004,3.349464999985887,60.0,60.0
240.0,0.0,0.0,0.0,718.4149999999995,732.5299999999994,158.0,156.0,1.056658805031241,0.14464147490551374,0.0,0.0,0.0,1.5362710839547074,0.45,0.9338842975206612,211.536,486.90000000000003,0.0,0.028928294981102748,-0.009728142693210222,0.0,0.0,419.0,101.0,22.0,20.0,0.0,0.0,1.0,0.0,0.0,0.0,0.0,1.0,0.0,0.0,0.0,0.0,0.0,166.2625,540.0,804.4137500000002,0.41000699819067543,0.1111111111111111,0.9,3.9286249999833025,60.0,60.0
240.0,0.0,0.0,0.0,718.4149999999995,732.5299999999994,158.0,156.0,1.056658805031241,0.14464147490551374,0.0,0.0,0.0,1.5362710839547074,0.45,0.9338842975206612,211.536,486.90000000000003,0.0,0.028928294981102748,-0.009728142693210222,0.0,0.0,419.0,101.0,22.0,20.0,0.0,0.0,1.0,0.0,0.0,0.0,0.0,0.0,1.0,0.0,0.0,0.0,0.0,163.20416666666668,1140.0,781.7137500000001,0.38891583950913805,0.05263157894736842,0.45,3.291794999986106,60.0,60.0
240.0,0.0,0.0,0.0,718.4149999999995,732.5299999999994,158.0,156.0,1.056658805031241,0.14464147490551374,0.0,0.0,0.0,1.5362710839547074,0.45,0.9338842975206612,211.536,486.90000000000003,0.0,0.028928294981102748,-0.009728142693210222,0.0,0.0,419.0,101.0,22.0,20.0,0.0,0.0,1.0,0.0,0.0,0.0,0.0,0.0,0.0,1.0,0.0,0.0,0.0,161.3625,1500.0,769.8899999999995,0.5676652304440167,0.12,0.5142857142857142,3.1405549999867155,60.0,60.0
240.0,0.0,0.0,0.0,718.4149999999995,732.5299999999994,158.0,156.0,1.056658805031241,0.14464147490551374,0.0,0.0,0.0,1.5362710839547074,0.45,0.9338842975206612,211.536,486.90000000000003,0.0,0.028928294981102748,-0.009728142693210222,0.0,0.0,419.0,101.0,22.0,20.0,0.0,0.0,1.0,0.0,0.0,0.0,0.0,0.0,0.0,0.0,1.0,0.0,0.0,163.22083333333333,1140.0,787.0637500000001,0.3895258187443042,0.2631578947368421,0.225,3.403744999985623,60.0,60.0
240.0,0.0,0.0,0.0,718.4149999999995,732.5299999999994,158.0,156.0,1.056658805031241,0.14464147490551374,0.0,0.0,0.0,1.5362710839547074,0.45,0.9338842975206612,211.536,486.90000000000003,0.0,0.028928294981102748,-0.009728142693210222,0.0,0.0,419.0,101.0,22.0,20.0,0.0,0.0,1.0,0.0,0.0,0.0,0.0,0.0,0.0,0.0,0.0,1.0,0.0,163.20416666666668,1140.0,781.7137500000001,0.3887028756026356,0.05263157894736842,0.45,3.291794999986106,60.0,60.0
240.0,0.0,0.0,0.0,718.4149999999995,732.5299999999994,158.0,156.0,1.056658805031241,0.14464147490551374,0.0,0.0,0.0,1.5362710839547074,0.45,0.9338842975206612,211.536,486.90000000000003,0.0,0.028928294981102748,-0.009728142693210222,0.0,0.0,419.0,101.0,22.0,20.0,0.0,0.0,1.0,0.0,0.0,0.0,0.0,0.0,0.0,0.0,0.0,0.0,1.0,162.91666666666666,1140.0,790.0137500000001,0.4487889775700373,0.2631578947368421,0.36000000000000004,3.349464999985887,60.0,60.0
